-- phpMyAdmin SQL Dump
-- version 4.6.6deb4+deb9u1
-- https://www.phpmyadmin.net/
--
-- Host: localhost:3306
-- Generation Time: 31-Jan-2022 às 17:46
-- Versão do servidor: 10.1.45-MariaDB-0+deb9u1
-- PHP Version: 7.0.33-0+deb9u8

SET SQL_MODE = "NO_AUTO_VALUE_ON_ZERO";
SET time_zone = "+00:00";


/*!40101 SET @OLD_CHARACTER_SET_CLIENT=@@CHARACTER_SET_CLIENT */;
/*!40101 SET @OLD_CHARACTER_SET_RESULTS=@@CHARACTER_SET_RESULTS */;
/*!40101 SET @OLD_COLLATION_CONNECTION=@@COLLATION_CONNECTION */;
/*!40101 SET NAMES utf8mb4 */;

--
-- Database: `bd_telefonia`
--

-- --------------------------------------------------------

--
-- Estrutura da tabela `cargoFuncionario`
--

CREATE TABLE `cargoFuncionario` (
  `idCargo` int(11) NOT NULL,
  `nomeCargo` varchar(100) NOT NULL
) ENGINE=InnoDB DEFAULT CHARSET=utf8mb4;

--
-- Extraindo dados da tabela `cargoFuncionario`
--

INSERT INTO `cargoFuncionario` (`idCargo`, `nomeCargo`) VALUES
(1, 'ASSESSOR(A)'),
(2, 'CHEFE CIRETRAN'),
(3, 'CHEFE DIVISÃO'),
(4, 'CHEFE INTERINA'),
(5, 'COMANDANTE'),
(6, 'COORDENADOR(A'),
(7, 'DIRETOR'),
(8, 'MOTORISTA'),
(9, 'OUVIDOR'),
(10, 'PREFEITURA'),
(11, 'PRESIDENTE'),
(12, 'SECRETÁRIA'),
(13, 'SERVIDOR(A)'),
(14, 'SUPERVISOR(A)'),
(15, 'SUPERVISORA'),
(16, 'TÉCNICO'),
(17, 'TERCEIRIZADO'),
(18, 'VISTORIADOR'),
(19, 'OUTROS');

-- --------------------------------------------------------

--
-- Estrutura da tabela `categoria`
--

CREATE TABLE `categoria` (
  `idCategoria` int(11) NOT NULL,
  `categoria` varchar(150) DEFAULT NULL
) ENGINE=InnoDB DEFAULT CHARSET=utf8mb4;

--
-- Extraindo dados da tabela `categoria`
--

INSERT INTO `categoria` (`idCategoria`, `categoria`) VALUES
(2, 'SMARTPHONE');

-- --------------------------------------------------------

--
-- Estrutura da tabela `celular`
--

CREATE TABLE `celular` (
  `idCelular` int(11) NOT NULL,
  `serie` varchar(30) DEFAULT NULL,
  `imei1` varchar(30) DEFAULT NULL,
  `imei2` varchar(30) DEFAULT NULL,
  `marca_id` int(11) NOT NULL,
  `status` varchar(12) DEFAULT NULL,
  `observacao` varchar(255) DEFAULT NULL,
  `empresa_id` int(11) NOT NULL,
  `estadoBem` varchar(15) DEFAULT NULL,
  `caixa` tinyint(4) DEFAULT NULL,
  `carregador` tinyint(4) DEFAULT NULL,
  `manual` tinyint(4) DEFAULT NULL,
  `adaptador` tinyint(4) DEFAULT NULL,
  `foneOuvido` tinyint(4) DEFAULT NULL,
  `capinha` tinyint(4) DEFAULT NULL,
  `patrimonio` varchar(20) DEFAULT NULL
) ENGINE=InnoDB DEFAULT CHARSET=utf8mb4;

--
-- Extraindo dados da tabela `celular`
--

INSERT INTO `celular` (`idCelular`, `serie`, `imei1`, `imei2`, `marca_id`, `status`, `observacao`, `empresa_id`, `estadoBem`, `caixa`, `carregador`, `manual`, `adaptador`, `foneOuvido`, `capinha`, `patrimonio`) VALUES
(1, 'RQ8JB04DG1K', '352403090389545', '352404090389543', 4, 'Disponível', 'BIANCA DORNELLES', 1, 'BOM ESTADO', 0, 0, 0, 0, 0, 0, ''),
(2, 'RQ8JA01BX2W', '352403090234485', '352404090234483', 4, 'Disponível', 'DA', 2, 'BOM ESTADO', 0, 0, 0, 0, 0, 0, ''),
(3, 'RQ8K20BNKJJ', '352095090908082', '352096090908080', 3, 'Disponível', 'obeserva', 2, 'BOM ESTADO', 0, 0, 0, 0, 0, 0, ''),
(4, 'RQ8JB04DP5B', '352403090391897', '352404090391895', 4, 'Disponível', '', 1, 'BOM ESTADO', 0, 0, 0, 0, 0, 0, ''),
(5, 'RQ8JB04DD5A', '352403090388596', '352404090388594', 4, 'Disponível', '', 2, 'BOM ESTADO', 0, 0, 0, 0, 0, 0, ''),
(6, 'ver', '358668081264147', '', 7, 'Disponível', '', 2, 'BOM ESTADO', 0, 0, 0, 0, 0, 0, ''),
(7, 'R9QN602MKLA', '354693113930741', '354694113930749', 9, 'Disponível', '', 2, 'BOM ESTADO', 0, 0, 0, 0, 0, 0, ''),
(8, 'R9QN602LH6M', '354693113919058', '354694113919056', 9, 'Disponível', '', 2, 'BOM ESTADO', 0, 0, 0, 0, 0, 0, ''),
(9, 'RQ8K20BNNCA', '352095090909015', '352096090909013', 3, 'Disponível', '', 2, 'BOM ESTADO', 0, 0, 0, 0, 0, 0, ''),
(10, 'RQ8K20BP53V', '352095090914205', '352096090914203', 3, 'Disponível', '', 2, 'BOM ESTADO', 0, 0, 0, 0, 0, 0, ''),
(11, 'RQ8JB04DE7M', '352403090388943', '352404090388941', 4, 'Disponível', '', 2, 'BOM ESTADO', 0, 0, 0, 0, 0, 0, ''),
(12, 'RQ8JA0051FL', '352403090216516', '352404090216514', 4, 'Disponível', '', 2, 'BOM ESTADO', 0, 0, 0, 0, 0, 0, ''),
(13, 'RQ8JA01BXCX', '352403090234584', '352404090234582', 4, 'Disponível', '', 2, 'BOM ESTADO', 0, 0, 0, 0, 0, 0, ''),
(14, 'R9QN602MP0R', '354693113931863', '354694113931861', 9, 'Disponível', '', 2, 'BOM ESTADO', 0, 0, 0, 0, 0, 0, ''),
(15, 'ver2', '357022070800035', '', 5, 'Disponível', '', 2, 'BOM ESTADO', 0, 0, 0, 0, 0, 0, ''),
(16, 'RQ8J90D515R', '358668081262893', '358669081262891', 7, 'Disponível', '', 2, 'BOM ESTADO', 0, 0, 0, 0, 0, 0, ''),
(17, '352403090210923', '352403090210923', '', 4, 'Disponível', '17.406.223-4	Estava com Daniel Alves da 01ª CIRETRAN\n', 2, 'EXTRAVIADO', 0, 0, 0, 0, 0, 0, ''),
(18, '352403090205543', '352403090205543', '352403090205543', 4, 'Indisponível', 'Estava com Vera Lucia Mielke Alberto / CIRETRAN de Francisco Beltrão\n', 2, 'EXTRAVIADO', 0, 0, 0, 0, 0, 0, ''),
(19, '352403090235318', '352403090235318', '352403090235318', 4, 'Indisponível', 'Estava com Eduardo Antonievicz\n', 2, 'EXTRAVIADO', 0, 0, 0, 0, 0, 0, ''),
(20, '352403090392093', '352403090392093', '352403090392093', 4, 'Indisponível', 'Estava com Fabio Soares Oliveira / CIRETRAN de Sarandi\n', 2, 'EXTRAVIADO', 0, 0, 0, 0, 0, 0, ''),
(21, '352403090387697', '352403090387697', '352403090387697', 4, 'Indisponível', 'TELA QUEBRADA / NÃO LIGA\n', 2, 'QUEBRADO', 0, 0, 0, 0, 0, 0, ''),
(22, '352403090235466', '352403090235466', '352403090235466', 4, 'Indisponível', 'TELA QUEBRADA / NÃO LIGA\n', 2, 'QUEBRADO', 0, 0, 0, 0, 0, 0, ''),
(23, '352403090234493', '352403090234493', '352403090234493', 4, 'Indisponível', 'TELA QUEBRADA / NÃO LIGA\n', 2, 'QUEBRADO', 0, 0, 0, 0, 0, 0, ''),
(24, 'RQ8JB04DYTK', '352403090394750', '352403090394750', 4, 'Indisponível', 'TELA QUEBRADA / NÃO LIGA\n', 2, 'QUEBRADO', 0, 0, 0, 0, 0, 0, ''),
(25, '352403090235441', '352403090235441', '352403090235441', 4, 'Indisponível', 'TELA QUEBRADA / NÃO LIGA\n', 2, 'QUEBRADO', 0, 0, 0, 0, 0, 0, ''),
(26, '352403090241290', '352403090241290', '352403090241290', 4, 'Indisponível', 'TELA QUEBRADA / NÃO LIGA\n', 2, 'QUEBRADO', 0, 0, 0, 0, 0, 0, ''),
(27, '352403090197492', '352403090197492', '', 4, 'Indisponível', 'TELA QUEBRADA / NÃO LIGA\n', 2, 'QUEBRADO', 0, 0, 0, 0, 0, 0, ''),
(28, '352403090234345', '352403090234345', '', 4, 'Indisponível', 'TELA QUEBRADA / NÃO LIGA\n', 2, 'QUEBRADO', 0, 0, 0, 0, 0, 0, ''),
(29, '352095090910849', '352095090910849', '', 4, 'Indisponível', 'TELA QUEBRADA / NÃO LIGA\n', 2, 'QUEBRADO', 0, 0, 0, 0, 0, 0, ''),
(30, '352403090396821', '352403090396821', '', 4, 'Indisponível', 'TELA QUEBRADA / NÃO LIGA\n', 2, 'QUEBRADO', 0, 0, 0, 0, 0, 0, ''),
(31, '352403090235136', '352403090235136', '', 4, 'Indisponível', 'TELA QUEBRADA / NÃO LIGA\n', 2, 'QUEBRADO', 0, 0, 0, 0, 0, 0, ''),
(32, '352403090197104', '352403090197104', '', 4, 'Indisponível', 'TELA QUEBRADA / NÃO LIGA\n', 2, 'QUEBRADO', 0, 0, 0, 0, 0, 0, ''),
(33, '352403090246059', '352403090246059', '', 4, 'Indisponível', 'TELA QUEBRADA / NÃO LIGA\n', 2, 'QUEBRADO', 0, 0, 0, 0, 0, 0, ''),
(34, '352403090239716', '352403090239716', '', 4, 'Indisponível', 'TELA QUEBRADA / NÃO LIGA\n', 2, 'QUEBRADO', 0, 0, 0, 0, 0, 0, ''),
(35, '352403090387309', '352403090387309', '', 4, 'Indisponível', 'TELA QUEBRADA / NÃO LIGA\n', 2, 'QUEBRADO', 0, 0, 0, 0, 0, 0, ''),
(36, '352403090392416', '352403090392416', '', 4, 'Indisponível', 'TELA QUEBRADA / NÃO LIGA\n', 2, 'QUEBRADO', 0, 0, 0, 0, 0, 0, ''),
(37, '352403090246331', '352403090246331', '', 4, 'Indisponível', 'TELA QUEBRADA / NÃO LIGA\n', 2, 'QUEBRADO', 0, 0, 0, 0, 0, 0, ''),
(38, '352403090236043', '352403090236043', '', 4, 'Indisponível', 'TELA QUEBRADA / NÃO LIGA\n', 2, 'QUEBRADO', 0, 0, 0, 0, 0, 0, ''),
(39, 'RQ8JB04DQ1J', '352403090392184', '', 4, 'Indisponível', 'TELA QUEBRADA / NÃO LIGA\n', 2, 'QUEBRADO', 0, 0, 0, 0, 0, 0, ''),
(40, '352403090393240', '352403090393240', '', 4, 'Indisponível', 'TELA QUEBRADA / NÃO LIGA\n', 2, 'QUEBRADO', 0, 0, 0, 0, 0, 0, ''),
(41, '352403090236605', '352403090236605', '', 4, 'Indisponível', 'TELA QUEBRADA / NÃO LIGA\n', 2, 'QUEBRADO', 0, 0, 0, 0, 0, 0, ''),
(42, 'RQ8JA01D0LL', '352403090246547', '', 4, 'Indisponível', 'TELA QUEBRADA / NÃO LIGA\n', 2, 'QUEBRADO', 0, 0, 0, 0, 0, 0, ''),
(43, '352403090245234', '352403090245234', '', 4, 'Indisponível', 'TELA QUEBRADA / NÃO LIGA\n', 2, 'QUEBRADO', 0, 0, 0, 0, 0, 0, ''),
(44, '352403090216755', '352403090216755', '', 4, 'Indisponível', 'TELA QUEBRADA / NÃO LIGA\n', 2, 'QUEBRADO', 0, 0, 0, 0, 0, 0, ''),
(45, '352095090910765', '352095090910765', '', 4, 'Indisponível', 'TELA QUEBRADA / NÃO LIGA\n', 2, 'QUEBRADO', 0, 0, 0, 0, 0, 0, ''),
(46, 'RQ8JA01BWQM', '352403090234378', '352404090234376', 4, 'Disponível', '', 2, 'BOM ESTADO', 0, 0, 0, 0, 0, 0, ''),
(47, '356707182666057', '356707182666057', '', 10, 'Disponível', '', 2, 'NOVO', 0, 0, 0, 0, 0, 0, ''),
(48, 'R9QN602MP0R', '354693113931863', '', 9, 'Disponível', '', 2, 'NOVO', 0, 0, 0, 0, 0, 0, ''),
(49, 'RQ8JA01CHYK', '352403090241373', '352404090241371', 4, 'Disponível', '', 2, 'NOVO', 0, 0, 0, 0, 0, 0, ''),
(50, 'R9QN602MH8V', '354693113929966', '354694113929964', 9, 'Disponível', 'PARCIALMENTE QUEBRADO\n', 2, 'BOM ESTADO', 0, 0, 0, 0, 0, 0, ''),
(51, 'R9QN60361FH', '354693113964096', '354694113964094', 9, 'Disponível', 'PARCIALMENTE QUEBRADO\n', 2, 'NOVO', 0, 0, 0, 0, 0, 0, ''),
(52, 'RQ8JAQ1BZ8W', '352403090235201', '352404090235209', 4, 'Disponível', 'TELA QUEBRADA\n\n', 2, 'QUEBRADO', 0, 0, 0, 0, 0, 0, ''),
(53, 'RQ8JA01D0LL', '352403090246547', '352404090246545', 4, 'Disponível', '\n\n', 2, 'BOM ESTADO', 0, 0, 0, 0, 0, 0, ''),
(54, 'RQ8JB04DG9V', '352403090389628', '352404090389626', 4, 'Disponível', '', 2, 'BOM ESTADO', 0, 0, 0, 0, 0, 0, ''),
(55, 'RQ8JA01D09Y', '352403090246430', '', 4, 'Disponível', 'PARCIALMENTE QUEBRADO', 2, 'QUEBRADO', 0, 0, 0, 0, 0, 0, ''),
(56, 'RQ8JA01CR3V', '352403090243734', '352404090243732', 4, 'Disponível', 'PARCIALMENTE QUEBRADO\n', 2, 'QUEBRADO', 0, 0, 0, 0, 0, 0, ''),
(57, 'RQ8JA01CZ0K', '352403090246018', '', 4, 'EMPRESTADO', NULL, 1, 'BOM ESTADO', 1, 1, 0, 0, 0, 1, ''),
(58, 'RQ8JA01BVKN', '352403090233990', '', 4, 'EMPRESTADO', NULL, 1, 'BOM ESTADO', 1, 1, 1, 0, 0, 0, ''),
(59, 'RQ8JA01BZQD', '352403090235367', '', 4, 'EMPRESTADO', NULL, 1, 'BOM ESTADO', 0, 0, 0, 0, 0, 0, ''),
(60, 'RQ8JA01C2FH', '352403090236266', '', 4, 'EMPRESTADO', NULL, 1, 'BOM ESTADO', 0, 0, 0, 0, 0, 0, ''),
(61, 'RQ8JA01CYTW', '352403090245952', '', 4, 'EMPRESTADO', NULL, 1, 'BOM ESTADO', 1, 1, 0, 0, 0, 0, ''),
(62, 'RQ8JA01BXWK', '352403090234758', '', 4, 'EMPRESTADO', NULL, 1, 'BOM ESTADO', 1, 1, 0, 0, 0, 0, ''),
(63, 'RQ8JA01D04X', '352403090246380', '', 4, 'EMPRESTADO', NULL, 1, 'BOM ESTADO', 1, 1, 0, 0, 0, 0, ''),
(64, 'RQ8JA01C19Y', '352403090235870', '', 4, 'EMPRESTADO', NULL, 1, 'BOM ESTADO', 0, 0, 0, 0, 0, 0, ''),
(65, '352403090205543', '352403090205543', '', 4, 'Disponível', '', 1, 'BOM ESTADO', 0, 0, 0, 0, 0, 0, ''),
(66, 'RQ8JA01BX7R', '352403090234535', '', 4, 'Disponível', '', 1, 'BOM ESTADO', 0, 0, 0, 0, 0, 0, ''),
(67, 'RQ8JA01ZBAZ', '352403090235227', '', 4, 'Disponível', '', 1, 'BOM ESTADO', 0, 0, 0, 0, 0, 0, ''),
(68, 'RQ8JA01CNKW', '352403090242900', '', 4, 'Disponível', '', 1, 'BOM ESTADO', 0, 0, 0, 0, 0, 0, ''),
(69, 'RQ8JA01C23M', '352403090236142', '', 4, 'Disponível', '', 1, 'BOM ESTADO', 0, 0, 0, 0, 0, 0, ''),
(70, 'RQ8JA01C0LX', '352403090235656', '', 4, 'Disponível', '', 1, 'BOM ESTADO', 0, 0, 0, 0, 0, 0, ''),
(71, 'RQ8JA01BZ3B', '352403090235151', '', 4, 'Disponível', '', 1, 'BOM ESTADO', 0, 0, 0, 0, 0, 0, ''),
(72, 'RQ8JA01D09Y', '352403090246430', '', 4, 'Disponível', '', 1, 'BOM ESTADO', 0, 0, 0, 0, 0, 0, ''),
(73, 'RQ8JA01D0BE', '352403090246455', '', 4, 'Disponível', '', 1, 'BOM ESTADO', 0, 0, 0, 0, 0, 0, ''),
(74, 'RQ8JA01CNVA', '352403090242991', '', 4, 'Disponível', '', 1, 'BOM ESTADO', 0, 0, 0, 0, 0, 0, ''),
(75, 'RQ8JA01C0MF', '352403090235664', '', 4, 'Disponível', '', 1, 'BOM ESTADO', 0, 0, 0, 0, 0, 0, ''),
(76, 'RQ8JA01BWYV', '352403090234444', '', 4, 'Disponível', '', 1, 'BOM ESTADO', 0, 0, 0, 0, 0, 0, ''),
(77, 'RQ8JA01CP1E', '352403090243056', '', 4, 'Disponível', '', 1, 'BOM ESTADO', 0, 0, 0, 0, 0, 0, ''),
(78, '352403090242868', '352403090242868', '', 4, 'Disponível', '', 1, 'BOM ESTADO', 0, 0, 0, 0, 0, 0, ''),
(79, 'RQ8JA01BZPY', '352403090235359', '', 4, 'Disponível', '', 1, 'BOM ESTADO', 0, 0, 0, 0, 0, 0, ''),
(80, 'RQ8JA01BWAF', '352403090234238', '', 4, 'Disponível', '', 1, 'BOM ESTADO', 0, 0, 0, 0, 0, 0, ''),
(82, 'RQ8JA0038DA', '352403090197047', '', 4, 'Disponível', '', 1, 'BOM ESTADO', 0, 0, 0, 0, 0, 0, ''),
(83, 'RQ8JA01BXAK', '352403090234568', '', 4, 'Disponível', '', 1, 'BOM ESTADO', 0, 0, 0, 0, 0, 0, ''),
(84, '352403090239716', '352403090239716', '', 4, 'Disponível', '', 1, 'BOM ESTADO', 0, 0, 0, 0, 0, 0, ''),
(85, '352403090245804', '352403090245804', '', 4, 'Disponível', '', 1, 'BOM ESTADO', 0, 0, 0, 0, 0, 0, ''),
(86, 'RQ8JA01CZ2X', '352403090246034', '', 4, 'Disponível', '', 1, 'BOM ESTADO', 0, 0, 0, 0, 0, 0, ''),
(87, 'RQ8JA01D0NA', '352403090246562', '', 4, 'Disponível', '', 1, 'BOM ESTADO', 0, 0, 0, 0, 0, 0, ''),
(88, 'RQ8JA01C02F', '352403090235474', '', 4, 'Disponível', '', 1, 'BOM ESTADO', 0, 0, 0, 0, 0, 0, ''),
(89, 'RQ8JA01BXHY', '352403090234634', '', 4, 'Disponível', '', 1, 'BOM ESTADO', 0, 0, 0, 0, 0, 0, ''),
(90, 'RQ8JA01CR3V', '352403090243734', '', 4, 'Disponível', '', 1, 'BOM ESTADO', 0, 0, 0, 0, 0, 0, ''),
(91, '352403090233693', '352403090233693', '', 4, 'Disponível', '', 1, 'BOM ESTADO', 0, 0, 0, 0, 0, 0, ''),
(92, '352403090234477', '352403090234477', '', 4, 'Disponível', '', 1, 'BOM ESTADO', 0, 0, 0, 0, 0, 0, ''),
(93, '352403090234022', '352403090234022', '', 4, 'Disponível', '', 1, 'BOM ESTADO', 0, 0, 0, 0, 0, 0, ''),
(94, 'RQ8JB04DY4Y', '352403090394529', '', 4, 'Disponível', '', 1, 'BOM ESTADO', 0, 0, 0, 0, 0, 0, ''),
(95, '352403090235318', '352403090235318', '', 4, 'Disponível', '', 1, 'BOM ESTADO', 0, 0, 0, 0, 0, 0, ''),
(96, 'RQ8JA01BZTW', '352403090235391', '', 4, 'Disponível', '', 1, 'BOM ESTADO', 0, 0, 0, 0, 0, 0, ''),
(97, '352403090235441', '352403090235441', '', 4, 'Disponível', '', 1, 'BOM ESTADO', 0, 0, 0, 0, 0, 0, ''),
(98, 'RQ8JA01BZ5D', '352403090235177', '', 4, 'Disponível', '', 1, 'BOM ESTADO', 0, 0, 0, 0, 0, 0, ''),
(99, '352403090246240', '352403090246240', '', 4, 'Disponível', '', 1, 'BOM ESTADO', 0, 0, 0, 0, 0, 0, ''),
(100, 'RQ8JA01C9YV', '352403090238734', '', 4, 'Disponível', '', 1, 'BOM ESTADO', 0, 0, 0, 0, 0, 0, ''),
(101, '352403090245234', '352403090245234', '', 4, 'Disponível', '', 1, 'BOM ESTADO', 0, 0, 0, 0, 0, 0, ''),
(102, '352403090236605', '352403090236605', '', 4, 'Disponível', '', 1, 'BOM ESTADO', 0, 0, 0, 0, 0, 0, ''),
(103, 'RQ8JA003BKM', '352403090198094', '', 4, 'Disponível', '', 1, 'BOM ESTADO', 0, 0, 0, 0, 0, 0, ''),
(104, 'RQ8JA01CZLA', '352403090246216', '', 4, 'Disponível', '', 1, 'BOM ESTADO', 0, 0, 0, 0, 0, 0, ''),
(105, 'RQ8JA01D08B', '352403090246422', '', 4, 'Disponível', '', 1, 'BOM ESTADO', 0, 0, 0, 0, 0, 0, ''),
(106, 'RQ8JA01CPVM', '352403090243320', '', 4, 'Disponível', '', 1, 'BOM ESTADO', 0, 0, 0, 0, 0, 0, ''),
(107, 'RQ8JA0051TW', '352403090216631', '', 4, 'Disponível', '', 1, 'BOM ESTADO', 0, 0, 0, 0, 0, 0, ''),
(108, '352403090235375', '352403090235375', '', 4, 'Disponível', '', 1, 'BOM ESTADO', 0, 0, 0, 0, 0, 0, ''),
(109, 'RQ8JA01BYMD', '352403090235003', '', 4, 'Disponível', '', 1, 'BOM ESTADO', 0, 0, 0, 0, 0, 0, ''),
(110, 'RQ8JA01BY4H', '352403090234832', '', 4, 'Disponível', '', 1, 'BOM ESTADO', 0, 0, 0, 0, 0, 0, ''),
(111, '352403090240540', '352403090240540', '', 4, 'Disponível', '', 1, 'BOM ESTADO', 0, 0, 0, 0, 0, 0, ''),
(112, 'RQ8JA01CYZR', '352403090246000', '', 4, 'EMPRESTADO', NULL, 1, 'BOM ESTADO', 1, 1, 1, 0, 0, 1, ''),
(113, '352403090235466', '352403090235466', '', 4, 'Disponível', 'TELA DANIFICADA', 1, 'QUEBRADO', 0, 0, 0, 0, 0, 0, ''),
(114, 'RQ8JA01CQVP', '352403090243650', '', 4, 'Disponível', 'TELA DANIFICADA', 1, 'BOM ESTADO', 0, 0, 0, 0, 0, 0, ''),
(115, 'RQ8JA01BY9N', '352403090234881', '', 4, 'Disponível', 'TELA DANIFICADA', 1, 'BOM ESTADO', 0, 0, 0, 0, 0, 0, ''),
(116, 'RQ8JA018RLN', '352403090224965', '', 4, 'Disponível', 'TELA DANIFICADA', 1, 'BOM ESTADO', 0, 0, 0, 0, 0, 0, ''),
(117, 'RQ8JA01OZ1A', '352403090246026', '', 4, 'Disponível', 'TELA DANIFICADA', 1, 'BOM ESTADO', 0, 0, 0, 0, 0, 0, ''),
(118, 'RQ8JA01CC5D', '352403090239468', '', 4, 'Disponível', 'TELA DANIFICADA', 1, 'BOM ESTADO', 0, 0, 0, 0, 0, 0, ''),
(119, 'RQ8JA01CS6V', '352403090244096', '', 4, 'Disponível', 'TELA DANIFICADA', 1, 'BOM ESTADO', 0, 0, 0, 0, 0, 0, ''),
(120, 'RQ8JA01CGVK', '352403090241019', '', 4, 'Disponível', 'TELA DANIFICADA', 1, 'BOM ESTADO', 0, 0, 0, 0, 0, 0, ''),
(121, 'RQ8JA01BZ9T', '352403090235219', '', 4, 'Disponível', 'TELA DANIFICADA', 1, 'BOM ESTADO', 0, 0, 0, 0, 0, 0, ''),
(122, 'RQ8JA01BYSZ', '352403090235052', '', 4, 'Disponível', '', 1, 'BOM ESTADO', 0, 0, 0, 0, 0, 0, ''),
(123, 'RQ8JA01CELM', '352403090240276', '', 4, 'Disponível', '', 1, 'BOM ESTADO', 0, 0, 0, 0, 0, 0, ''),
(124, '352403090234345', '352403090234345', '', 4, 'Disponível', '', 1, 'BOM ESTADO', 0, 0, 0, 0, 0, 0, ''),
(125, 'RQ8JA01C9KT', '352403090238619', '', 4, 'Disponível', '', 1, 'BOM ESTADO', 0, 0, 0, 0, 0, 0, ''),
(126, 'RQ8JA01BXCX', '352403090234584', '', 4, 'Disponível', '', 1, 'BOM ESTADO', 0, 0, 0, 0, 0, 0, ''),
(127, 'RQ8JA01BXRN', '352403090234717', '', 4, 'Disponível', '', 1, 'BOM ESTADO', 0, 0, 0, 0, 0, 0, ''),
(128, 'RQ8JA01CKGM', '352403090241886', '', 4, 'Disponível', '', 1, 'BOM ESTADO', 0, 0, 0, 0, 0, 0, ''),
(129, '352403090234899', '352403090234899', '', 4, 'Disponível', '', 1, 'BOM ESTADO', 0, 0, 0, 0, 0, 0, ''),
(130, '352403090241290', '352403090241290', '', 4, 'Disponível', '', 1, 'BOM ESTADO', 0, 0, 0, 0, 0, 0, ''),
(131, 'RQ8JA01BZFL', '352403090235276', '', 4, 'Disponível', '', 1, 'BOM ESTADO', 0, 0, 0, 0, 0, 0, ''),
(132, '352403090233925', '352403090233925', '', 4, 'Disponível', '', 1, 'BOM ESTADO', 0, 0, 0, 0, 0, 0, ''),
(133, 'RQ8JA003KSK', '352403090200809', '', 4, 'Disponível', '', 1, 'BOM ESTADO', 0, 0, 0, 0, 0, 0, ''),
(134, 'RQ8JA01BVBY', '352403090233917', '', 4, 'Disponível', '', 1, 'BOM ESTADO', 0, 0, 0, 0, 0, 0, ''),
(135, '352403090210923', '352403090210923', '', 4, 'Disponível', '', 1, 'BOM ESTADO', 0, 0, 0, 0, 0, 0, ''),
(136, '352403090246588', '352403090246588', '', 4, 'Disponível', '', 1, 'BOM ESTADO', 0, 0, 0, 0, 0, 0, ''),
(137, 'RQ8JA01BX6N', '352403090234527', '', 4, 'Disponível', '', 1, 'BOM ESTADO', 0, 0, 0, 0, 0, 0, ''),
(138, 'RQ8JA01CHZA', '352403090241381', '', 4, 'Disponível', '', 1, 'BOM ESTADO', 0, 0, 0, 0, 0, 0, ''),
(139, 'RQ8JA018RAV', '352403090224866', '', 4, 'Disponível', '', 1, 'BOM ESTADO', 0, 0, 0, 0, 0, 0, ''),
(140, 'RQ8JA01D0LL', '352403090246547', '', 4, 'Disponível', '', 1, 'BOM ESTADO', 0, 0, 0, 0, 0, 0, ''),
(141, 'RQ8JA01CP0D', '352403090243049', '', 4, 'Disponível', '', 1, 'BOM ESTADO', 0, 0, 0, 0, 0, 0, ''),
(142, '352403090246059', '352403090246059', '', 4, 'Disponível', '', 1, 'BOM ESTADO', 0, 0, 0, 0, 0, 0, ''),
(143, 'RQ8JA01CEZH', '352403090240391', '', 4, 'Disponível', '', 1, 'BOM ESTADO', 0, 0, 0, 0, 0, 0, ''),
(144, 'RQ8JA01BVGT', '352403090233966', '', 4, 'Disponível', '', 1, 'BOM ESTADO', 0, 0, 0, 0, 0, 0, ''),
(145, 'RQ8JA01C4ZX', '352403090237090', '', 4, 'Disponível', '', 1, 'BOM ESTADO', 0, 0, 0, 0, 0, 0, ''),
(146, 'RQ8JA01CT5Z', '352403090243098', '', 4, 'Disponível', '', 1, 'BOM ESTADO', 0, 0, 0, 0, 0, 0, ''),
(147, 'RQ8JA01CCCN', '352403090239534', '', 4, 'Disponível', '', 1, 'BOM ESTADO', 0, 0, 0, 0, 0, 0, ''),
(148, 'RQ8JA01CH3H', '352403090241092', '', 4, 'Disponível', '', 1, 'BOM ESTADO', 0, 0, 0, 0, 0, 0, ''),
(149, 'RQ8JA01BWGE', '352403090234295', '', 4, 'Disponível', '', 1, 'BOM ESTADO', 0, 0, 0, 0, 0, 0, ''),
(150, '352403090234352', '352403090234352', '', 4, 'Disponível', '', 1, 'BOM ESTADO', 0, 0, 0, 0, 0, 0, ''),
(151, 'RQ8JA01D0AD', '352403090246448', '', 4, 'Disponível', '', 1, 'BOM ESTADO', 0, 0, 0, 0, 0, 0, ''),
(152, '352403090234618', '352403090234618', '352404090234616', 4, 'Disponível', '', 1, 'BOM ESTADO', 0, 0, 0, 0, 0, 0, ''),
(153, 'RQ8JA004JDB', '352403090211210', '', 4, 'Disponível', '', 1, 'BOM ESTADO', 0, 0, 0, 0, 0, 0, ''),
(154, 'RQ8JA00527Y', '352403090216763', '', 4, 'Disponível', '', 1, 'BOM ESTADO', 0, 0, 0, 0, 0, 0, ''),
(155, '352403090233834', '352403090233834', '', 4, 'Disponível', '', 1, 'BOM ESTADO', 0, 0, 0, 0, 0, 0, ''),
(156, 'RQ8JA0057RH', '352403090218595', '', 4, 'Disponível', '', 1, 'BOM ESTADO', 0, 0, 0, 0, 0, 0, ''),
(157, '352403090240375', '352403090240375', '', 4, 'Disponível', '', 1, 'BOM ESTADO', 0, 0, 0, 0, 0, 0, ''),
(158, 'RQ84A01CYWZ', '352403090245978', '', 4, 'Disponível', '', 1, 'BOM ESTADO', 0, 0, 0, 0, 0, 0, ''),
(159, 'RQ8JA01CMSX', '352403090242645', '', 4, 'Disponível', '', 1, 'BOM ESTADO', 0, 0, 0, 0, 0, 0, ''),
(160, 'RQ8JA01BYBM', '352403090234907', '', 4, 'Disponível', '', 1, 'BOM ESTADO', 0, 0, 0, 0, 0, 0, ''),
(161, 'RQ8JA01D19J', '352403090246760', '', 4, 'Disponível', '', 1, 'BOM ESTADO', 0, 0, 0, 0, 0, 0, ''),
(162, '352403090235169', '352403090235169', '', 4, 'Disponível', '', 1, 'BOM ESTADO', 0, 0, 0, 0, 0, 0, ''),
(163, 'RQ8JA01CNMX', '352403090243007', '', 4, 'Disponível', '', 1, 'BOM ESTADO', 0, 0, 0, 0, 0, 0, ''),
(164, '352403090234733', '352403090234733', '', 4, 'Disponível', '', 1, 'BOM ESTADO', 0, 0, 0, 0, 0, 0, ''),
(165, '352403090234733', '352403090234733', '', 4, 'Disponível', '', 1, 'BOM ESTADO', 0, 0, 0, 0, 0, 0, ''),
(166, 'RQ8JA01C0RY', '352403090235706', '', 4, 'Disponível', '', 1, 'BOM ESTADO', 0, 0, 0, 0, 0, 0, ''),
(168, 'RQ8JA01CFJT', '352403090240581', '', 4, 'Disponível', '', 1, 'BOM ESTADO', 0, 0, 0, 0, 0, 0, ''),
(169, 'RQ8JA01CHQT', '352403090241308', '', 4, 'Disponível', '', 1, 'BOM ESTADO', 0, 0, 0, 0, 0, 0, ''),
(170, '352403090236159', '352403090236159', '', 4, 'Disponível', '', 1, 'BOM ESTADO', 0, 0, 0, 0, 0, 0, ''),
(171, 'RQ8JA018RMR', '352403090224973', '', 4, 'Disponível', '', 1, 'BOM ESTADO', 0, 0, 0, 0, 0, 0, ''),
(172, 'RQ8JA01CP6P', '352403090243106', '', 4, 'Disponível', '', 1, 'BOM ESTADO', 0, 0, 0, 0, 0, 0, ''),
(173, 'RQ8JA01BW7K', '352403090234204', '', 4, 'Disponível', '', 1, 'BOM ESTADO', 0, 0, 0, 0, 0, 0, ''),
(174, '352403090235573', '352403090235573', '', 4, 'Disponível', '', 1, 'BOM ESTADO', 0, 0, 0, 0, 0, 0, ''),
(175, '352403090236043', '352403090236043', '', 4, 'Disponível', '', 1, 'BOM ESTADO', 0, 0, 0, 0, 0, 0, ''),
(176, '352403090216821', '352403090216821', '', 4, 'Disponível', '', 1, 'BOM ESTADO', 0, 0, 0, 0, 0, 0, ''),
(177, 'RQ8JB04E5VK', '352403090397076', '', 4, 'Disponível', '', 1, 'BOM ESTADO', 0, 0, 0, 0, 0, 0, ''),
(178, 'RQ8JA01CFBV', '352403090240516', '', 4, 'Disponível', '', 1, 'BOM ESTADO', 0, 0, 0, 0, 0, 0, ''),
(179, 'RQ8JA01CZMX', '352403090246224', '', 4, 'Disponível', '', 1, 'BOM ESTADO', 0, 0, 0, 0, 0, 0, ''),
(180, 'RQ8JA01D0DW', '352403090246471', '', 4, 'Disponível', '', 1, 'BOM ESTADO', 0, 0, 0, 0, 0, 0, ''),
(181, '352403090246331', '352403090246331', '', 4, 'Disponível', '', 1, 'BOM ESTADO', 0, 0, 0, 0, 0, 0, ''),
(182, 'RQ8JA01BWPR', '352403090234360', '', 4, 'Disponível', '', 1, 'BOM ESTADO', 0, 0, 0, 0, 0, 0, ''),
(183, 'RQ8JA01C0EN', '352403090235599', '', 4, 'Disponível', '', 1, 'BOM ESTADO', 0, 0, 0, 0, 0, 0, ''),
(184, 'RQ8JA00392B', '352403090197260', '', 4, 'Disponível', '', 1, 'BOM ESTADO', 0, 0, 0, 0, 0, 0, ''),
(185, 'RQ8JA01CQXR', '352403090243676', '', 4, 'Disponível', '', 1, 'BOM ESTADO', 0, 0, 0, 0, 0, 0, ''),
(186, 'RQ8JA01CYQD', '352403090245929', '', 4, 'Disponível', '', 1, 'BOM ESTADO', 0, 0, 0, 0, 0, 0, ''),
(187, '352403090237306', '352403090237306', '', 4, 'Disponível', '', 1, 'BOM ESTADO', 0, 0, 0, 0, 0, 0, ''),
(188, 'RQ8JA01BJX', '352403090235300', '', 4, 'Disponível', '', 1, 'BOM ESTADO', 0, 0, 0, 0, 0, 0, ''),
(189, 'RQ8JA01CQZL', '352403090243692', '', 4, 'Disponível', '', 1, 'BOM ESTADO', 0, 0, 0, 0, 0, 0, ''),
(190, 'RQ8JA01BTSB', '352403090233735', '', 4, 'Disponível', '', 1, 'BOM ESTADO', 0, 0, 0, 0, 0, 0, ''),
(191, 'RQ8JA0058DP', '352403090218801', '', 4, 'Disponível', '', 1, 'BOM ESTADO', 0, 0, 0, 0, 0, 0, ''),
(192, '352403090238254', '352404090238252', '', 4, 'Disponível', '', 1, 'BOM ESTADO', 0, 0, 0, 0, 0, 0, ''),
(193, 'RQ8JA01BWSK', '352403090234394', '', 4, 'Disponível', '', 1, 'BOM ESTADO', 0, 0, 0, 0, 0, 0, ''),
(194, 'RQ8JA01CNTK', '352403090242983', '', 4, 'Disponível', '', 1, 'BOM ESTADO', 0, 0, 0, 0, 0, 0, ''),
(195, 'RQ8JA01CZYT', '352403090246323', '', 4, 'Disponível', '', 1, 'BOM ESTADO', 0, 0, 0, 0, 0, 0, ''),
(196, 'RQ8JA01C1WD', '352403090236076', '', 4, 'Disponível', '', 1, 'BOM ESTADO', 0, 0, 0, 0, 0, 0, ''),
(197, '352403090197104', '352403090197104', '', 4, 'Disponível', '', 1, 'BOM ESTADO', 0, 0, 0, 0, 0, 0, ''),
(198, 'RQ8JA01BZ2V', '352403090235144', '', 4, 'Disponível', 'TELA QUEBRADA', 1, 'QUEBRADO', 0, 0, 0, 0, 0, 0, ''),
(199, 'RQ8JA01C0HL', '352403090235623', '', 4, 'Disponível', '', 1, 'BOM ESTADO', 0, 0, 0, 0, 0, 0, ''),
(200, 'RQ8JA01CKNJ', '352403090241944', '', 4, 'Disponível', '', 1, 'BOM ESTADO', 0, 0, 0, 0, 0, 0, ''),
(201, 'RQ8JA01C1VY', '352403090236068', '', 4, 'Disponível', '', 1, 'BOM ESTADO', 0, 0, 0, 0, 0, 0, ''),
(202, 'RQ8JA018RBB', '352403090224874', '', 4, 'Disponível', '', 1, 'BOM ESTADO', 0, 0, 0, 0, 0, 0, ''),
(203, 'RQ8JA01C0GM', '352403090235615', '', 4, 'Disponível', '', 1, 'BOM ESTADO', 0, 0, 0, 0, 0, 0, ''),
(204, 'RQ8JA01BWFD', '352403090234287', '', 4, 'Disponível', '', 1, 'BOM ESTADO', 0, 0, 0, 0, 0, 0, ''),
(205, 'RQ8JA01CGKH', '352403090240920', '', 4, 'Disponível', '', 1, 'BOM ESTADO', 0, 0, 0, 0, 0, 0, ''),
(206, 'RQ8JB04DE7M', '352403090388943', '', 4, 'Disponível', '', 1, 'BOM ESTADO', 0, 0, 0, 0, 0, 0, ''),
(207, '352403090387564', '352403090387564', '', 4, 'EMPRESTADO', NULL, 1, 'BOM ESTADO', 1, 1, 1, 0, 0, 1, ''),
(208, 'RQ8JB04DTBY', '352403090393273', '', 4, 'Disponível', '', 1, 'BOM ESTADO', 0, 0, 0, 0, 0, 0, ''),
(209, '352403090392093', '352403090392093', '', 4, 'Disponível', '', 1, 'BOM ESTADO', 0, 0, 0, 0, 0, 0, ''),
(210, 'RQ8JB04DTDZ', '352403090393299', '', 4, 'Disponível', '', 1, 'BOM ESTADO', 0, 0, 0, 0, 0, 0, ''),
(211, '352403090393240', '352403090393240', '', 4, 'Disponível', '', 1, 'BOM ESTADO', 0, 0, 0, 0, 0, 0, ''),
(212, '352403090392416', '352403090392416', '', 4, 'Disponível', '', 1, 'BOM ESTADO', 0, 0, 0, 0, 0, 0, ''),
(213, 'RQ8JB04DPLZ', '352403090392044', '', 4, 'Disponível', '', 1, 'BOM ESTADO', 0, 0, 0, 0, 0, 0, ''),
(214, 'RQ8JB04D9SV', '352403090387481', '', 4, 'Disponível', '', 1, 'BOM ESTADO', 0, 0, 0, 0, 0, 0, ''),
(215, 'RQ8JB04DA8L', '352403090387630', '', 4, 'Disponível', '', 1, 'BOM ESTADO', 0, 0, 0, 0, 0, 0, ''),
(216, 'RQ8JB04DHEW', '352403090390006', '', 4, 'Disponível', '', 1, 'BOM ESTADO', 0, 0, 0, 0, 0, 0, ''),
(217, 'RQ8JB04D9VH', '352403090387374', '', 4, 'Disponível', '', 1, 'BOM ESTADO', 0, 0, 0, 0, 0, 0, ''),
(218, 'RQ8JB04E5EN', '352403090396938', '', 4, 'Disponível', '', 1, 'BOM ESTADO', 0, 0, 0, 0, 0, 0, ''),
(219, 'RQ8JB04E57Z', '352403090396862', '', 4, 'Disponível', '', 1, 'BOM ESTADO', 0, 0, 0, 0, 0, 0, ''),
(220, 'RQ8JB04DH5F', '352403090389917', '', 4, 'Disponível', '', 1, 'BOM ESTADO', 0, 0, 0, 0, 0, 0, ''),
(221, 'RQ8JB04DCFX', '352403090388364', '', 4, 'Disponível', '', 1, 'BOM ESTADO', 0, 0, 0, 0, 0, 0, ''),
(222, '352403090387119', '352403090387119', '', 4, 'Disponível', '', 1, 'BOM ESTADO', 0, 0, 0, 0, 0, 0, ''),
(223, 'RQ8JB04DG1K', '352403090389545', '', 4, 'Disponível', '', 1, 'BOM ESTADO', 0, 0, 0, 0, 0, 0, ''),
(224, 'RQ8JB04E61V', '352403090397134', '', 4, 'Disponível', '', 1, 'BOM ESTADO', 0, 0, 0, 0, 0, 0, ''),
(225, '352403090396656', '352403090396656', '', 4, 'Disponível', '', 1, 'BOM ESTADO', 0, 0, 0, 0, 0, 0, ''),
(226, 'RQ8JB04E95E', '352403090398165', '', 4, 'Disponível', '', 1, 'BOM ESTADO', 0, 0, 0, 0, 0, 0, ''),
(227, 'RQ8JB04DGMF', '352403090389743', '', 4, 'Disponível', '', 1, 'BOM ESTADO', 0, 0, 0, 0, 0, 0, ''),
(228, 'RQ8JB04E92K', '352403090398132', '', 4, 'Disponível', '', 1, 'BOM ESTADO', 0, 0, 0, 0, 0, 0, ''),
(229, 'RQ8JB04DG7L', '352403090389602', '', 4, 'Disponível', '', 1, 'BOM ESTADO', 0, 0, 0, 0, 0, 0, ''),
(230, '352403090394735', '352403090394735', '', 4, 'Disponível', '', 1, 'BOM ESTADO', 0, 0, 0, 0, 0, 0, ''),
(231, 'RQ8JB04DAGJ', '352403090387713', '', 4, 'Disponível', '', 1, 'BOM ESTADO', 0, 0, 0, 0, 0, 0, ''),
(232, 'RQ8JB04DXMH', '352403090394362', '', 4, 'Disponível', '', 1, 'BOM ESTADO', 0, 0, 0, 0, 0, 0, ''),
(233, '352403090387234', '352403090387234', '', 4, 'Disponível', '', 1, 'BOM ESTADO', 0, 0, 0, 0, 0, 0, ''),
(234, '352403090389735', '352403090389735', '', 4, 'Disponível', '', 1, 'BOM ESTADO', 0, 0, 0, 0, 0, 0, ''),
(235, 'RQ8JB04DGVV', '352403090389818', '', 4, 'Disponível', '', 1, 'BOM ESTADO', 0, 0, 0, 0, 0, 0, ''),
(236, 'RQ8JB04DB5K', '352403090387937', '', 4, 'Disponível', '', 1, 'BOM ESTADO', 0, 0, 0, 0, 0, 0, ''),
(237, 'RQ8JB04D8ZZ', '352403090387218', '', 4, 'Disponível', '', 1, 'BOM ESTADO', 0, 0, 0, 0, 0, 0, ''),
(238, 'RQ8JB04DYVF', '352403090394768', '', 4, 'Disponível', '', 1, 'BOM ESTADO', 0, 0, 0, 0, 0, 0, ''),
(239, 'RQ8JB04DYZN', '352403090394800', '', 4, 'Disponível', '', 1, 'BOM ESTADO', 0, 0, 0, 0, 0, 0, ''),
(240, 'RQ8JB04DPDW', '352403090391970', '', 4, 'Disponível', '', 1, 'BOM ESTADO', 0, 0, 0, 0, 0, 0, ''),
(241, 'RQ8JB04DDBK', '352403090388653', '', 4, 'Disponível', '', 1, 'BOM ESTADO', 0, 0, 0, 0, 0, 0, ''),
(242, 'RQ8JB04DD3P', '352403090388570', '', 4, 'Disponível', '', 1, 'BOM ESTADO', 0, 0, 0, 0, 0, 0, ''),
(243, '352403090391848', '352403090391848', '', 4, 'Disponível', '', 1, 'BOM ESTADO', 0, 0, 0, 0, 0, 0, ''),
(244, '352403090387192', '352403090387192', '', 4, 'Disponível', '', 1, 'BOM ESTADO', 0, 0, 0, 0, 0, 0, ''),
(245, 'RQ8JB04DSSJ', '352403090393091', '', 4, 'Disponível', '', 1, 'BOM ESTADO', 0, 0, 0, 0, 0, 0, ''),
(246, 'RQ8JB04DD2W', '352403090388562', '', 4, 'Disponível', '', 1, 'BOM ESTADO', 0, 0, 0, 0, 0, 0, ''),
(247, 'RQ8JB04DA6T', '352403090387614', '', 4, 'Disponível', '', 1, 'BOM ESTADO', 0, 0, 0, 0, 0, 0, ''),
(248, '352403090387168', '352403090387168', '', 4, 'Disponível', '', 1, 'BOM ESTADO', 0, 0, 0, 0, 0, 0, ''),
(249, 'RQ8JB04DY4Y', '352403090394529', '', 4, 'Disponível', '', 1, 'BOM ESTADO', 0, 0, 0, 0, 0, 0, ''),
(250, '352403090392358', '352403090392358', '', 4, 'Disponível', '', 1, 'BOM ESTADO', 0, 0, 0, 0, 0, 0, ''),
(251, 'RQ8JB04DV9W', '352403090393588', '', 4, 'Disponível', '', 1, 'BOM ESTADO', 0, 0, 0, 0, 0, 0, ''),
(252, 'RQ8JB04DTHB', '352403090393331', '', 4, 'Disponível', '', 1, 'BOM ESTADO', 0, 0, 0, 0, 0, 0, ''),
(253, 'RQ8JB04DYTK', '352403090394750', '', 4, 'Disponível', '', 1, 'BOM ESTADO', 0, 0, 0, 0, 0, 0, ''),
(254, 'RQ8JB04DD1D', '352403090388554', '', 4, 'Disponível', '', 1, 'BOM ESTADO', 0, 0, 0, 0, 0, 0, ''),
(255, '352403090389263', '352403090389263', '', 4, 'Disponível', '', 1, 'BOM ESTADO', 0, 0, 0, 0, 0, 0, ''),
(256, 'RQ8JB04D9GZ', '352403090387382', '', 4, 'Disponível', '', 1, 'BOM ESTADO', 0, 0, 0, 0, 0, 0, ''),
(257, '352403090387598', '352403090387598', '', 4, 'Disponível', '', 1, 'BOM ESTADO', 0, 0, 0, 0, 0, 0, ''),
(258, '352403090387697', '352403090387697', '', 4, 'Disponível', '', 1, 'BOM ESTADO', 0, 0, 0, 0, 0, 0, ''),
(259, 'RQ8JB04DDGN', '352403090388703', '', 4, 'Disponível', '', 1, 'BOM ESTADO', 0, 0, 0, 0, 0, 0, ''),
(260, '352403090387697', '352403090387697', '', 4, 'Disponível', '', 1, 'BOM ESTADO', 0, 0, 0, 0, 0, 0, ''),
(261, '352403090391988', '352403090391988', '', 4, 'Disponível', '', 1, 'BOM ESTADO', 0, 0, 0, 0, 0, 0, ''),
(262, 'RQ8JB04DD5A', '352403090388596', '', 4, 'Disponível', '', 1, 'BOM ESTADO', 0, 0, 0, 0, 0, 0, ''),
(263, '352403090387309', '352403090387309', '', 4, 'Disponível', '', 1, 'BOM ESTADO', 0, 0, 0, 0, 0, 0, ''),
(264, 'RQ8JB04DP5B', '352403090391897', '', 4, 'Disponível', '', 1, 'BOM ESTADO', 0, 0, 0, 0, 0, 0, ''),
(265, 'RQ8JB04DP2R', '352403090391863', '', 4, 'Disponível', '', 1, 'BOM ESTADO', 0, 0, 0, 0, 0, 0, ''),
(266, 'RQ8JB04DD0V', '352403090388547', '', 4, 'Disponível', '', 1, 'BOM ESTADO', 0, 0, 0, 0, 0, 0, ''),
(267, 'RQ8JB04DA9X', '352403090387648', '', 4, 'Disponível', '', 1, 'BOM ESTADO', 0, 0, 0, 0, 0, 0, ''),
(268, 'RQ8JB04DA9X', '352403090387648', '', 4, 'Disponível', '', 1, 'BOM ESTADO', 0, 0, 0, 0, 0, 0, ''),
(269, '352403090394586', '352403090394586', '', 4, 'Disponível', '', 1, 'BOM ESTADO', 0, 0, 0, 0, 0, 0, ''),
(270, 'RQ8JA0R305L', '352403090358110', '', 4, 'Disponível', '', 1, 'BOM ESTADO', 0, 0, 0, 0, 0, 0, ''),
(271, '352095090910765', '352095090910765', '', 4, 'Disponível', '', 1, 'BOM ESTADO', 0, 0, 0, 0, 0, 0, ''),
(272, 'RQ8K20BNNCA', '352095090909015', '', 4, 'Disponível', '', 1, 'BOM ESTADO', 0, 0, 0, 0, 0, 0, ''),
(273, '355041091133293', '355041091133293', '', 4, 'Disponível', '', 1, 'BOM ESTADO', 0, 0, 0, 0, 0, 0, ''),
(274, 'RQ8JB04DYDN', '352403090394610', '', 4, 'Disponível', '', 1, 'BOM ESTADO', 0, 0, 0, 0, 0, 0, ''),
(275, 'RQ8JB04DTER', '352403090393307', '', 4, 'Disponível', '', 1, 'BOM ESTADO', 0, 0, 0, 0, 0, 0, ''),
(276, '358668081264147', '358668081264147', '', 7, 'Disponível', '', 1, 'BOM ESTADO', 0, 0, 0, 0, 0, 0, ''),
(277, '358668081083554', '358668081083554', '', 7, 'Disponível', '', 1, 'BOM ESTADO', 0, 0, 0, 0, 0, 0, ''),
(278, '358668081084446', '358668081084446', '', 7, 'Disponível', '', 1, 'BOM ESTADO', 0, 0, 0, 0, 0, 0, ''),
(279, '358668081267199', '358668081267199', '', 7, 'Disponível', '', 1, 'BOM ESTADO', 0, 0, 0, 0, 0, 0, ''),
(280, '358668081264006', '358668081264006', '', 7, 'Disponível', '', 1, 'BOM ESTADO', 0, 0, 0, 0, 0, 0, ''),
(281, '358668081273734', '358668081273734', '', 7, 'Disponível', '', 1, 'BOM ESTADO', 0, 0, 0, 0, 0, 0, ''),
(282, '358668081264238', '358668081264238', '', 7, 'Disponível', '', 1, 'BOM ESTADO', 0, 0, 0, 0, 0, 0, ''),
(283, 'RQ8J90D515R', '358668081262893', '', 7, 'Disponível', '', 1, 'BOM ESTADO', 0, 0, 0, 0, 0, 0, ''),
(284, '358668081268981', '358668081268981', '', 7, 'Disponível', '', 1, 'BOM ESTADO', 0, 0, 0, 0, 0, 0, ''),
(285, '358668081266738', '358668081266738', '', 7, 'Disponível', '', 1, 'BOM ESTADO', 0, 0, 0, 0, 0, 0, ''),
(286, '358668082980337', '358668082980337', '', 7, 'Disponível', '', 1, 'BOM ESTADO', 0, 0, 0, 0, 0, 0, ''),
(287, '358668081084446', '358668081084446', '', 7, 'Disponível', '', 1, 'BOM ESTADO', 0, 0, 0, 0, 0, 0, ''),
(288, '358668081263677', '358668081263677', '', 7, 'Disponível', '', 1, 'BOM ESTADO', 0, 0, 0, 0, 0, 0, ''),
(289, '358668081263677', '358668081263677', '', 7, 'Disponível', '', 1, 'BOM ESTADO', 0, 0, 0, 0, 0, 0, ''),
(290, '358668081266969', '358668081266969', '', 7, 'Disponível', '', 1, 'BOM ESTADO', 0, 0, 0, 0, 0, 0, ''),
(291, '358668081270540', '358668081270540', '', 4, 'Disponível', '', 1, 'BOM ESTADO', 0, 0, 0, 0, 0, 0, ''),
(292, '358151072170284', '358151072170284', '', 6, 'Disponível', '', 1, 'BOM ESTADO', 0, 0, 0, 0, 0, 0, ''),
(293, 'RQ8JB04DPAX', '352403090391947', '', 4, 'Disponível', '', 1, 'BOM ESTADO', 0, 0, 0, 0, 0, 0, ''),
(294, 'RQ8JA01BWWF', '352403090234428', '', 4, 'Disponível', '', 1, 'BOM ESTADO', 0, 0, 0, 0, 0, 0, ''),
(295, '356559086953176', '356559086953176', '', 2, 'Disponível', '', 1, 'BOM ESTADO', 0, 0, 0, 0, 0, 0, ''),
(296, '356563087070865', '356563087070865', '', 2, 'Disponível', '', 1, 'BOM ESTADO', 0, 0, 0, 0, 0, 0, ''),
(297, '356563087167075', '356563087167075', '', 2, 'Disponível', '', 1, 'BOM ESTADO', 0, 0, 0, 0, 0, 0, ''),
(298, '356559086892358', '356559086892358', '', 2, 'Disponível', '', 1, 'BOM ESTADO', 0, 0, 0, 0, 0, 0, ''),
(299, '356563086732945', '356563086732945', '', 2, 'Disponível', '', 1, 'BOM ESTADO', 0, 0, 0, 0, 0, 0, ''),
(300, '356563087135395', '356563087135395', '', 2, 'Disponível', '', 1, 'BOM ESTADO', 0, 0, 0, 0, 0, 0, ''),
(301, '352403090389339', '352403090389339', '352404090389337', 4, 'Disponível', '', 1, 'BOM ESTADO', 0, 0, 0, 0, 0, 0, ''),
(302, 'RQ8JA01C5TZ', '352403090237371', '', 4, 'Disponível', '', 1, 'BOM ESTADO', 0, 0, 0, 0, 0, 0, ''),
(303, 'RQ8JB04DG9V', '352403090389628', '', 4, 'Disponível', '', 1, 'BOM ESTADO', 0, 0, 0, 0, 0, 0, ''),
(304, 'RQ8JA01CNMX', '352403090243007', '', 4, 'Disponível', '', 1, 'BOM ESTADO', 0, 0, 0, 0, 0, 0, ''),
(305, '352403090216755', '352403090216755', '', 4, 'Disponível', '', 1, 'BOM ESTADO', 0, 0, 0, 0, 0, 0, ''),
(306, '352403090235136', '352403090235136', '', 4, 'Disponível', '', 1, 'BOM ESTADO', 0, 0, 0, 0, 0, 0, ''),
(307, '356453109575028', '356453109575028', '', 1, 'Disponível', '', 1, 'BOM ESTADO', 0, 0, 0, 0, 0, 0, ''),
(308, '356453108043648', '356453108043648', '', 1, 'Disponível', '', 1, 'BOM ESTADO', 0, 0, 0, 0, 0, 0, ''),
(309, 'RQ8JA01C5TZ', '352403090237371', '', 4, 'Disponível', '', 1, 'BOM ESTADO', 0, 0, 0, 0, 0, 0, ''),
(310, '358668081083554', '358668081083554', '', 7, 'Disponível', '', 1, 'BOM ESTADO', 0, 0, 0, 0, 0, 0, ''),
(311, 'RQ8JA01BX2W', '352403090234485', '', 4, 'Disponível', '', 1, 'BOM ESTADO', 0, 0, 0, 0, 0, 0, ''),
(312, '354149110188429', '354149110188429', '', 11, 'Disponível', '', 1, 'BOM ESTADO', 0, 0, 0, 0, 0, 0, ''),
(313, 'RQ8JB04DP8N', '352403090391921', '', 4, 'Disponível', '', 1, 'BOM ESTADO', 0, 0, 0, 0, 0, 0, ''),
(314, 'RQ8JB04DP2R', '352403090391863', '', 4, 'Disponível', '', 1, 'BOM ESTADO', 0, 0, 0, 0, 0, 0, ''),
(315, 'RQ8JB04DD5A', '352403090388596', '', 4, 'Disponível', '', 1, 'BOM ESTADO', 0, 0, 0, 0, 0, 0, ''),
(316, 'RQ8JA01BWQM', '352403090234378', '', 4, 'Disponível', '', 1, 'BOM ESTADO', 0, 0, 0, 0, 0, 0, ''),
(317, '352095090910708', '352095090910708', '', 3, 'Disponível', '', 1, 'BOM ESTADO', 0, 0, 0, 0, 0, 0, ''),
(318, 'RQ8JA01BZTW', '352403090235391', '', 4, 'Disponível', '', 1, 'BOM ESTADO', 0, 0, 0, 0, 0, 0, ''),
(320, 'RQ8JA01BZ5D', '352403090235177', '', 4, 'Disponível', '', 1, 'BOM ESTADO', 0, 0, 0, 0, 0, 0, ''),
(321, 'RQ8JB04DV8D', '352403090393570', '', 4, 'Disponível', '', 1, 'BOM ESTADO', 0, 0, 0, 0, 0, 0, ''),
(322, '354693113927945', '354693113927945', '', 9, 'Disponível', '', 1, 'BOM ESTADO', 0, 0, 0, 0, 0, 0, ''),
(323, '354693113929958', '354693113929958', '', 9, 'Disponível', '', 1, 'BOM ESTADO', 0, 0, 0, 0, 0, 0, ''),
(324, '354693113930097', '354693113930097', '', 9, 'Disponível', '', 1, 'BOM ESTADO', 0, 0, 0, 0, 0, 0, ''),
(325, 'R9QN602MKLA', '354693113930741', '', 9, 'Disponível', '', 1, 'BOM ESTADO', 0, 0, 0, 0, 0, 0, ''),
(326, '354693113930063', '354693113930063', '', 9, 'Disponível', '', 1, 'BOM ESTADO', 0, 0, 0, 0, 0, 0, ''),
(327, '354693113928935', '354693113928935', '', 9, 'Disponível', '', 1, 'BOM ESTADO', 0, 0, 0, 0, 0, 0, ''),
(328, 'R9QN602MMKT', '354693113931392', '', 9, 'Disponível', '', 1, 'BOM ESTADO', 0, 0, 0, 0, 0, 0, ''),
(329, 'RQ8JB04DCRZ', '352403090388463', '', 4, 'Disponível', '', 1, 'BOM ESTADO', 0, 0, 0, 0, 0, 0, ''),
(330, '29599R1NX05493', '867549059882520', '867549059882538', 12, 'EMPRESTADO', '', 2, 'BOM ESTADO', 1, 1, 1, 0, 0, 1, '200200200680'),
(331, '29599R1NX05522', '867549059905008', '867549059905016', 12, 'EMPRESTADO', NULL, 2, 'BOM ESTADO', 1, 1, 1, 0, 0, 1, '200200200681'),
(332, '29599R1NX05324', '864012053155420', '864012053155438', 12, 'EMPRESTADO', '', 2, 'BOM ESTADO', 1, 1, 1, 0, 0, 1, '200200200682'),
(333, '29596R1NX10004', '869819050505349', '869819050505356', 12, 'EMPRESTADO', '', 2, 'BOM ESTADO', 1, 1, 1, 1, 0, 1, '200200200683'),
(334, '29596R1NX14285', '864012054199187', '864012054199195', 12, 'EMPRESTADO', '', 2, 'BOM ESTADO', 1, 1, 1, 0, 0, 1, '200200200684'),
(335, '2960860Z303855', '864012054203989', '864012054203997', 12, 'EMPRESTADO', '', 2, 'BOM ESTADO', 1, 1, 1, 0, 0, 1, '200200200685'),
(336, '2960861NX00299', '863667057180723', '863667057180731', 12, 'EMPRESTADO', '', 2, 'BOM ESTADO', 1, 1, 1, 1, 0, 1, '200200200686'),
(337, '29599R1NX05509', '864012053141685', '864012053141693', 12, 'EMPRESTADO', '', 2, 'BOM ESTADO', 1, 1, 1, 0, 0, 1, '200200200687'),
(338, '29599R1NX05428', '867549059941243', '867549059941250', 12, 'EMPRESTADO', '', 2, 'BOM ESTADO', 1, 1, 1, 0, 1, 1, '200200200688'),
(339, '3053360Z701853', '861359052079629', '861359052079637', 12, 'EMPRESTADO', '', 2, 'BOM ESTADO', 1, 1, 1, 1, 0, 1, '200200200689'),
(340, '2960860Z301546', '863667056753801', '863667056753819', 12, 'EMPRESTADO', '', 2, 'BOM ESTADO', 1, 1, 1, 0, 0, 1, '200200200690'),
(341, '29599R1NX04409', '867549059915122', '867549059915130', 12, 'Disponível', '', 2, 'NOVO', 0, 0, 0, 0, 0, 0, '200200200691'),
(342, '2960860Z303894', '863667056735964', '863667056735972', 12, 'Disponível', '', 2, 'NOVO', 0, 0, 0, 0, 0, 0, '200200200692'),
(343, '3053360Z701636', '861359052070669', '861359052070677', 12, 'Disponível', '', 2, 'NOVO', 0, 0, 0, 0, 0, 0, '200200200693'),
(344, '3053360Z701937', '861359052082946', '861359052082953', 12, 'EMPRESTADO', '', 2, 'BOM ESTADO', 1, 1, 1, 0, 0, 1, '200200200694'),
(345, '2960860Z302759', '863667057058440', '863667057058457', 12, 'Disponível', '', 2, 'NOVO', 0, 0, 0, 0, 0, 0, '200200200695'),
(346, '2960860Z301460', '863667057201941', '863667057201958', 12, 'Disponível', '', 2, 'NOVO', 0, 0, 0, 0, 0, 0, '200200200696'),
(347, '29599R1NX05430', '864012053141347', '864012053141354', 12, 'EMPRESTADO', NULL, 2, 'BOM ESTADO', 1, 1, 1, 0, 0, 1, '200200200697'),
(348, '2960860Z301338', '863667057260442', '863667057260459', 12, 'Disponível', '', 2, 'NOVO', 0, 0, 0, 0, 0, 0, '200200200698'),
(349, '29599R1NX05215', '867549059891489', '867549059891497', 12, 'EMPRESTADO', NULL, 2, 'BOM ESTADO', 1, 1, 1, 0, 0, 1, '200200200699'),
(350, '29599R1NX05607', '867549059883627', '867549059883635', 12, 'Disponível', '', 2, 'NOVO', 0, 0, 0, 0, 0, 0, '200200200700'),
(351, '2959860ZJ03237', '866996057433544', '866996057433551', 12, 'EMPRESTADO', '', 2, 'BOM ESTADO', 1, 1, 1, 0, 0, 1, '200200200701'),
(352, '29596R1NX12047', '864012054195169', '864012054195177', 12, 'Disponível', 'DOAÇÃO DA RECEITA FEDERAL', 2, 'NOVO', 0, 0, 0, 0, 0, 0, '200200200702'),
(353, '2960960ZQ04321', '861440053968281', '861440053968299', 12, 'EMPRESTADO', '', 2, 'BOM ESTADO', 1, 1, 1, 0, 0, 1, '200200200703'),
(354, '2960960ZQ03700', '861440054010646', '861440054010653', 12, 'Disponível', 'DOAÇÃO DA RECEITA FEDERAL', 2, 'NOVO', 0, 0, 0, 0, 0, 0, '200200200704'),
(355, '29596R1NX10054', '864012054229182', '864012054229190', 12, 'Disponível', 'DOAÇÃO DA RECEITA FEDERAL', 2, 'NOVO', 0, 0, 0, 0, 0, 0, '200200200705'),
(356, '3053360Z700646', '861359050193729', '861359050193737', 12, 'Disponível', 'DOAÇÃO DA RECEITA FEDERAL', 2, 'NOVO', 0, 0, 0, 0, 0, 0, '200200200706'),
(357, '29599R1NX05219', '867549059905628', '867549059905636', 12, 'Disponível', 'DOAÇÃO DA RECEITA FEDERAL', 2, 'NOVO', 0, 0, 0, 0, 0, 0, '200200200707'),
(358, '3053360Z700706', '861359050143567', '861359050143575', 12, 'EMPRESTADO', NULL, 2, 'BOM ESTADO', 1, 1, 1, 0, 0, 1, '200200200708'),
(359, '29596R1NX12658', '864012054215728', '864012054215736', 12, 'Disponível', 'DOAÇÃO DA RECEITA FEDERAL', 2, 'NOVO', 0, 0, 0, 0, 0, 0, '200200200709'),
(360, '3053360Z700527', '861359050187127', '861359050187135', 12, 'Disponível', 'DOAÇÃO DA RECEITA FEDERAL', 2, 'NOVO', 0, 0, 0, 0, 0, 0, '200200200710'),
(361, '29597R0Z960656', '868140052269227', '868140052269235', 12, 'Disponível', 'DOAÇÃO DA RECEITA FEDERAL', 2, 'NOVO', 0, 0, 0, 0, 0, 0, '200200200711'),
(362, '2960861NX00023', '869236056289069', '869236056289077', 12, 'EMPRESTADO', NULL, 2, 'BOM ESTADO', 1, 1, 1, 0, 0, 1, '200200200712'),
(363, '29599R1NX04611', '867549059888527', '867549059888535', 12, 'Disponível', 'DOAÇÃO DA RECEITA FEDERAL', 2, 'NOVO', 0, 0, 0, 0, 0, 0, '200200200713'),
(364, '2960860Z402258', '863667057569800', '863667057569818', 12, 'Disponível', 'DOAÇÃO DA RECEITA FEDERAL', 2, 'NOVO', 0, 0, 0, 0, 0, 0, '200200200714'),
(365, '29599R1NX05390', '864012053140505', '864012053140513', 12, 'Disponível', 'DOAÇÃO DA RECEITA FEDERAL', 2, 'NOVO', 0, 0, 0, 0, 0, 0, '200200200715'),
(366, '2960861NX00090', '869236056289440', '869236056289457', 12, 'Disponível', 'DOAÇÃO DA RECEITA FEDERAL', 2, 'NOVO', 0, 0, 0, 0, 0, 0, '200200200716'),
(367, '2960860X703458', '869236057924409', '869236057924417', 12, 'EMPRESTADO', '', 2, 'BOM ESTADO', 1, 1, 1, 0, 0, 1, '200200200717'),
(368, '29599R1NX05404', '864012053139325', '864012053139333', 12, 'Disponível', 'DOAÇÃO DA RECEITA FEDERAL', 2, 'NOVO', 0, 0, 0, 0, 0, 0, '200200200718'),
(369, '29599R1NX05517', '864012053145686', '864012053145694', 12, 'Disponível', 'DOAÇÃO DA RECEITA FEDERAL', 2, 'NOVO', 0, 0, 0, 0, 0, 0, '200200200719'),
(370, '29599R1NX05439', '867549059906485', '867549059906493', 12, 'Disponível', 'DOAÇÃO DA RECEITA FEDERAL', 2, 'NOVO', 0, 0, 0, 0, 0, 0, '200200200720'),
(371, '2960860Z302405', '863667057256903', '863667057256911', 12, 'Disponível', 'DOAÇÃO DA RECEITA FEDERAL', 2, 'NOVO', 0, 0, 0, 0, 0, 0, '200200200721'),
(372, '3053360Z701690', '861359052084108', '861359052084116', 12, 'EMPRESTADO', '', 2, 'BOM ESTADO', 1, 1, 1, 0, 0, 1, '200200200722'),
(373, '3053360Z701730', '861359052083365', '861359052083373', 12, 'EMPRESTADO', '', 2, 'BOM ESTADO', 1, 1, 1, 0, 0, 1, '200200200723'),
(374, 'RQ8JB04DGDM', '352403090389669', '352404090389667', 4, 'EMPRESTADO', '', 1, 'BOM ESTADO', 1, 1, 1, 1, 0, 0, ''),
(375, 'rq8k20bntqd', '352095090910781', '352096090910789', 3, 'EMPRESTADO', NULL, 1, 'BOM ESTADO', 1, 1, 1, 0, 1, 0, ''),
(376, 'C011175863', '350784342242489', '350784342242489', 13, 'EMPRESTADO', NULL, 2, 'BOM ESTADO', 1, 1, 0, 1, 0, 0, ''),
(377, '356453109571111', '356453109571111', '356453107141111', 12, 'Disponível', 't', 2, 'BOM ESTADO', 1, 1, 1, 0, 0, 0, '200200200200');

-- --------------------------------------------------------

--
-- Estrutura da tabela `chip`
--

CREATE TABLE `chip` (
  `idChip` int(11) NOT NULL,
  `codigoChip` varchar(30) DEFAULT NULL,
  `numeroLinha` varchar(20) DEFAULT NULL,
  `telefonia` tinyint(4) DEFAULT NULL,
  `dados` tinyint(4) DEFAULT NULL,
  `status` varchar(15) DEFAULT NULL,
  `observacao` text,
  `empresa_id` int(11) NOT NULL,
  `estadoBem` varchar(20) DEFAULT NULL
) ENGINE=InnoDB DEFAULT CHARSET=utf8mb4;

--
-- Extraindo dados da tabela `chip`
--

INSERT INTO `chip` (`idChip`, `codigoChip`, `numeroLinha`, `telefonia`, `dados`, `status`, `observacao`, `empresa_id`, `estadoBem`) VALUES
(10, '89550644139000020517', '(41)99101-7857', 0, 1, 'EMPRESTADO', '', 1, ''),
(11, '89550644139000020533', '(41)99101-8074', 0, 1, 'EMPRESTADO', '', 1, ''),
(12, '89550644139000020566', '(41)99103-4597', 0, 1, 'EMPRESTADO', '', 1, ''),
(13, '89550644139000020574', '(41)99103-5736', 0, 1, 'EMPRESTADO', '', 1, ''),
(14, '89550644139000020475', '(41)99121-5060', 0, 1, 'EMPRESTADO', '', 1, ''),
(15, '89550644139000020913', '(41)99121-5584', 0, 1, 'EMPRESTADO', '', 1, ''),
(16, '89550644139000020921', '(41)99123-1035', 0, 1, 'EMPRESTADO', '', 1, ''),
(17, '89550644139000020483', '(41)99128-4991', 0, 1, 'EMPRESTADO', '', 1, ''),
(18, '89550644139000020491', '(41)99131-3278', 0, 1, 'Disponível', '', 1, ''),
(19, '89550644139000020939', '(41)99134-7461', 0, 1, 'Disponível', '', 1, ''),
(20, '89550644139000020822', '(41)99137-8212', 0, 1, 'Disponível', '', 1, ''),
(21, '89550644139000020285', '(41)99138-4879', 0, 1, 'Disponível', '', 1, ''),
(22, '89550644139000020707', '(41)99138-5149', 0, 1, 'Disponível', '', 1, ''),
(23, '89550644139000020863', '(41)99138-5244', 0, 1, 'Disponível', '', 1, ''),
(24, '89550644139000020525', '(41)98517-2532', 0, 1, 'Disponível', '', 1, ''),
(25, '89550644139000020467', '(41)99118-2085', 0, 1, 'Disponível', '', 1, ''),
(26, '89550644139000020830', '(41)99132-1381', 0, 1, 'Disponível', '', 1, ''),
(27, '89550644139000020582', '(41)99104-6723', 0, 1, 'Disponível', '', 1, ''),
(28, '89550644139000020277', '(41)99141-1590', 0, 1, 'Disponível', '', 1, ''),
(29, '89550640439003728106', '(41)99143-6819', 0, 1, 'Disponível', '', 1, ''),
(30, '89550641239000146172', '(41)99145-4645', 0, 1, 'Disponível', '', 1, ''),
(31, '89550641239000196995', '(41)99192-0748', 0, 1, 'Disponível', '', 1, ''),
(32, '89550640439003728114', '(41)99143-3053', 0, 1, 'Disponível', '', 1, ''),
(33, '89550641239000085016', '(41)98495-7340', 0, 1, 'Disponível', '', 1, ''),
(34, '89550644139000020244', '(41)99108-1698', 0, 1, 'Disponível', '', 1, ''),
(35, '89550644139000020251', '(41)99108-7487', 0, 1, 'Disponível', '', 1, ''),
(36, '89550644139000020400', '(41)99108-9378', 0, 1, 'Disponível', '', 1, ''),
(37, '89550644139000020434', '(41)99114-2750', 0, 1, 'Disponível', '', 1, ''),
(38, '89550644139000020426', '(41)99115-2714', 0, 1, 'Disponível', '', 1, ''),
(39, '89550644139000020905', '(41)99115-7918', 0, 1, 'Disponível', '', 1, ''),
(40, '89550644139000020459', '(41)99116-8386', 0, 1, 'Disponível', '', 1, ''),
(41, '89550644139000020442', '(41)99118-2009', 0, 1, 'Disponível', '', 1, ''),
(42, '89550641239000196664', '(41)99143-6521', 0, 1, 'Disponível', '', 1, ''),
(43, '89550641239000045655', '(41)99214-4994', 0, 1, 'Disponível', '', 1, ''),
(44, '89550641239000045689', '(41)99229-3388', 0, 1, 'Disponível', '', 1, ''),
(45, '89550641239000045622', '(41)99290-6327', 1, 1, 'EMPRESTADO', '', 1, ''),
(46, '89550641239000085990', '(41)99269-0961', 0, 1, 'Disponível', '', 1, ''),
(47, '89550641239000045697', '(41)99112-3665', 0, 1, 'Disponível', '', 1, ''),
(48, '89550641239000085628', '(41)99125-4009', 0, 1, 'Disponível', '', 1, ''),
(49, '89550641239000196656', '(41)99178-5734', 0, 1, 'Disponível', '', 1, ''),
(50, '89550641239000085669', '(41)99102-5947', 0, 1, 'Disponível', '', 1, ''),
(51, '89550641139000041870', '(41)99178-5734', 0, 1, 'Disponível', '', 1, ''),
(52, '89550644139000020293', '(41)99188-6414', 0, 1, 'Disponível', '', 1, ''),
(53, '89550641239000085651', '(41)98411-6709', 0, 1, 'Disponível', '', 1, ''),
(54, '89550644139000020038', '(41)99115-6960', 0, 1, 'Disponível', '', 1, ''),
(55, '89550644139000020418', '(41)99109-7514', 0, 1, 'Disponível', '', 1, ''),
(56, '89550644139000020152', '(41)99184-0427', 0, 1, 'Disponível', '', 1, ''),
(57, '89550644139000020111', '(41)99232-6422', 0, 1, 'Disponível', '', 1, ''),
(58, '89550641139000041136', '(41)99172-2201', 0, 1, 'Disponível', '', 1, ''),
(59, '89550644139000020228', '(41)99188-7069', 0, 1, 'Disponível', '', 1, ''),
(60, '89550644139000020236', '(41)99189-3392', 0, 1, 'Disponível', '', 1, ''),
(61, '89550641239000146040', '(41)99151-8830', 0, 1, 'Disponível', '', 1, ''),
(62, '89550641239000128980', '(41)99176-0661', 0, 1, 'Disponível', '', 1, ''),
(63, '89550641239000128766', '(41)99161-8328', 0, 1, 'Disponível', '', 1, ''),
(64, '89550644139000020764', '(41)99185-9220', 0, 1, 'EMPRESTADO', '', 1, ''),
(66, '89550641239000128949', '(41)99173-5275', 0, 1, 'Disponível', '', 1, ''),
(67, '89550641239000128956', '(41)99174-7416', 0, 1, 'Disponível', '', 1, ''),
(68, '89550641239000128972', '(41)99175-6104', 0, 1, 'Disponível', '', 1, ''),
(69, '89550644139000020970', '(41)99184-6634', 0, 1, 'Disponível', '', 1, ''),
(70, '89550644139000020954', '(41)99184-6851', 0, 1, 'Disponível', '', 1, ''),
(71, '89550644139000020962', '(41)99184-9550', 0, 1, 'Disponível', '', 1, ''),
(72, '89550644139000020947', '(41)99185-0471', 0, 1, 'Disponível', '', 1, ''),
(73, '89550644139000020715', '(41)99185-2507', 0, 1, 'Disponível', '', 1, ''),
(74, '89550644139000020855', '(41)99186-0927', 0, 1, 'Disponível', '', 1, ''),
(75, '89550644139000020772', '(41)99186-2551', 0, 1, 'Disponível', '', 1, ''),
(76, '89550644139000020129', '(41)99186-2777', 0, 1, 'Disponível', '', 1, ''),
(77, '89550644139000020145', '(41)99186-4667', 0, 1, 'Disponível', '', 1, ''),
(78, '89550644139000020137', '(41)99186-4780', 0, 1, 'Disponível', '', 1, ''),
(79, '89550641239000128774', '(41)99163-8838', 0, 1, 'Disponível', '', 1, ''),
(80, '89550641239000128782', '(41)99165-8162', 0, 1, 'Disponível', '', 1, ''),
(81, '89550641239000128790', '(41)99165-9639', 0, 1, 'Disponível', '', 1, ''),
(82, '89550641239000128907', '(41)99171-5452', 0, 1, 'Disponível', '', 1, ''),
(83, '89550641239000128915', '(41)99172-1288', 0, 1, 'Disponível', '', 1, ''),
(84, '89550644139000020103', '(41)99178-7063', 0, 1, 'Disponível', '', 1, ''),
(85, '89550644139000020798', '(41)99178-9230', 0, 1, 'Disponível', '', 1, ''),
(86, '89550644139000020731', '(41)99179-0759', 0, 1, 'Disponível', '', 1, ''),
(87, '89550644139000020723', '(41)99179-8751', 0, 1, 'Disponível', '', 1, ''),
(88, '89550644139000020095', '(41)99183-3623', 0, 1, 'Disponível', '', 1, ''),
(89, '89550644139000020756', '(41)99178-0046', 0, 1, 'Disponível', '', 1, ''),
(90, '89550641239000128626', '(41)99177-5356', 0, 1, 'Disponível', '', 1, ''),
(91, '89550641239000128618', '(41)99177-4874', 0, 1, 'Disponível', '', 1, ''),
(92, '89550641239000128600', '(41)99176-7942', 0, 1, 'Disponível', '', 1, ''),
(93, '89550641239000128998', '(41)99176-6544', 0, 1, 'Disponível', '', 1, ''),
(94, '89550641239000146057', '(41)99152-3682', 0, 1, 'Disponível', '', 1, ''),
(95, '89550641239000128725', '(41)99157-4554', 0, 1, 'Disponível', '', 1, ''),
(96, '89550641239000128733', '(41)99159-1127', 0, 1, 'EMPRESTADO', '', 1, ''),
(97, '89550641239000128741', '(41)99159-4184', 0, 1, 'Disponível', '', 1, ''),
(98, '89550641239000146198', '(41)99148-2034', 0, 1, 'Disponível', '', 1, ''),
(99, '89550641239000146016', '(41)99148-3781', 0, 1, 'Disponível', '', 1, ''),
(100, '89550641239000146024', '(41)99148-4494', 0, 1, 'Disponível', '', 1, ''),
(101, '89550641239000146032', '(41)99151-4592', 0, 1, 'Disponível', '', 1, ''),
(102, '89550641239000128808', '(41)99236-4214', 0, 1, 'Disponível', '', 1, ''),
(103, '89550641239000128691', '(41)99236-5870', 0, 1, 'Disponível', '', 1, ''),
(104, '89550641239000146081', '(41)99264-6821', 0, 1, 'EMPRESTADO', '', 1, ''),
(105, '89550641239000146099', '(41)99264-7797', 0, 1, 'EMPRESTADO', '', 1, ''),
(106, '89550641239000128535', '(41)99266-8869', 0, 1, 'EMPRESTADO', '', 1, ''),
(107, '89550641239000128543', '(41)99267-9289', 0, 1, 'Disponível', '', 1, ''),
(108, '89550641139000041235', '(41)99266-4670', 0, 1, 'Disponível', '', 1, ''),
(109, '89550644139000020673', '(41)99288-0639', 0, 1, 'Disponível', '', 1, ''),
(110, '89550641239000128170', '(41)99248-1621', 0, 1, 'Disponível', '', 1, ''),
(111, '89550641239000128139', '(41)99243-9828', 0, 1, 'EMPRESTADO', '', 1, ''),
(112, '89550641239000128105', '(41)99243-2349', 0, 1, 'Disponível', '', 1, ''),
(113, '89550641239000128071', '(41)99241-7646', 0, 1, 'Disponível', '', 1, ''),
(114, '89550641239000085438', '(41)99241-3941', 0, 1, 'Disponível', '', 1, ''),
(115, '89550641239000128089', '(41)99242-3049', 0, 1, 'Disponível', '', 1, ''),
(116, '89550641239000128113', '(41)99243-3813', 0, 1, 'Disponível', '', 1, ''),
(117, '89550641239000128147', '(41)99244-1036', 0, 1, 'Disponível', '', 1, ''),
(118, '89550641239000128204', '(41)99207-7125', 0, 1, 'Disponível', '', 1, ''),
(119, '89550641239000128709', '(41)99266-4670', 0, 1, 'EMPRESTADO', '', 1, ''),
(120, '89550641239000128857', '(41)99233-2404', 0, 1, 'Disponível', '', 1, ''),
(121, '89550641239000128881', '(41)99232-3185', 0, 1, 'Disponível', '', 1, ''),
(122, '89550641239000128121', '(41)99243-8718', 0, 1, 'EMPRESTADO', '', 1, ''),
(123, '89550641239000128642', '(41)99213-7236', 0, 1, 'Disponível', '', 1, ''),
(124, '89550641239000128428', '(41)99214-5654', 0, 1, 'Disponível', '', 1, ''),
(125, '89550641239000128469', '(41)99219-4573', 0, 1, 'Disponível', '', 1, ''),
(126, '89550641239000128360', '(41)99228-3429', 0, 1, 'Disponível', '', 1, ''),
(127, '89550641239000085867', '(41)99228-9788', 0, 1, 'Disponível', '', 1, ''),
(128, '89550641239000085024', '(41)99138-0106', 0, 1, 'Disponível', '', 1, ''),
(129, '89550641239000128451', '(41)99218-7515', 0, 1, 'Disponível', '', 1, ''),
(130, '89550641239000128444', '(41)99217-9515', 0, 1, 'EMPRESTADO', '', 1, ''),
(131, '89550641239000128436', '(41)99214-8245', 0, 1, 'Disponível', '', 1, ''),
(132, '89550641239000128295', '(41)99201-2314', 0, 1, 'Disponível', '', 1, ''),
(133, '89550641239000128394', '(41)99229-3961', 0, 1, 'Disponível', '', 1, ''),
(134, '89550641239000196748', '(41)99241-6301', 0, 1, 'Disponível', '', 1, ''),
(135, '89550641239000128899', '(41)99231-9284', 0, 1, 'Disponível', '', 1, ''),
(136, '89550641239000128865', '(41)99178-4326', 0, 1, 'Disponível', '', 1, ''),
(137, '89550641239000128287', '(41)99201-6932', 0, 1, 'Disponível', '', 1, ''),
(138, '89550644139000020632', '(41)99197-0683', 0, 1, 'Disponível', '', 1, ''),
(139, '89550641239000085925', '(41)99195-1534', 0, 1, 'Disponível', '', 1, ''),
(140, '89550641239000128519', '(41)99199-2624', 0, 1, 'Disponível', '', 1, ''),
(141, '89550641239000128279', '(41)99202-0619', 0, 1, 'Disponível', '', 1, ''),
(142, '89550641239000085933', '(41)99195-0470', 0, 1, 'Disponível', '', 1, ''),
(143, '89550644139000020780', '(41)99189-3406', 0, 1, 'Disponível', '', 1, ''),
(144, '89550644139000020665', '(41)99189-5342', 0, 1, 'Disponível', '', 1, ''),
(145, '89550644139000020640', '(41)99189-6147', 0, 1, 'Disponível', '', 1, ''),
(146, '89550641239000128717', '(41)99198-5120', 0, 1, 'Disponível', '', 1, ''),
(148, '89550641239000048741', '(41)99196-2142', 0, 1, 'Disponível', '', 1, ''),
(149, '89550641239000085909', '(41)99196-3153', 0, 1, 'Disponível', '', 1, ''),
(150, '89550644139000020608', '(41)99191-6916', 0, 1, 'Disponível', '', 1, ''),
(151, '89550644139000020624', '(41)99191-0277', 0, 1, 'Disponível', '', 1, ''),
(152, '89550644139000020814', '(41)99187-9622', 0, 1, 'Disponível', '', 1, ''),
(153, '89550644139000020897', '(41)99187-3823', 0, 1, 'Disponível', '', 1, ''),
(154, '89550644139000020210', '(41)99186-5954', 0, 1, 'Disponível', '', 1, ''),
(155, '89550644139000020657', '(41)99186-5611', 0, 1, 'Disponível', '', 1, ''),
(156, '89550641239000085263', '(41)99234-5484', 0, 1, 'Disponível', '', 1, ''),
(157, '89550641239000146156', '(41)99257-5283', 1, 1, 'EMPRESTADO', '', 1, ''),
(158, '89550641239000128816', '(41)99234-6116', 0, 1, 'Disponível', '', 1, ''),
(159, '89550641239000128832', '(41)99234-3307', 0, 1, 'Disponível', '', 1, ''),
(160, '89550641239000146123', '(41)99254-9274', 0, 1, 'Disponível', '', 1, ''),
(161, '89550641239000146073', '(41)99263-5556', 0, 1, 'Disponível', '', 1, ''),
(162, '89550641239000128840', '(41)99233-3048', 0, 1, 'Disponível', '', 1, ''),
(163, '89550641239000146131', '(41)99255-0469', 0, 1, 'Disponível', '', 1, ''),
(164, '89550641239000128485', '(41)99222-3047', 0, 1, 'Disponível', '', 1, ''),
(165, '89550641239000128493', '(41)99222-5825', 0, 1, 'Disponível', '', 1, ''),
(166, '89550641239000128402', '(41)99211-3181', 0, 1, 'Disponível', '', 1, ''),
(167, '89550641239000146164', '(41)99257-8922', 0, 1, 'Disponível', '', 1, ''),
(168, '89550641239000128659', '(41)99211-7108', 0, 1, 'Disponível', '', 1, ''),
(169, '89550641239000146065', '(41)99262-9525', 0, 1, 'EMPRESTADO', '', 1, ''),
(170, '89550641239000128311', '(41)99226-1715', 0, 1, 'Disponível', '', 1, ''),
(171, '89550641239000128667', '(41)99212-2476', 0, 1, 'Disponível', '', 1, ''),
(172, '89550641239000128675', '(41)99213-7191', 0, 1, 'Disponível', '', 1, ''),
(173, '89550641239000128527', '(41)99261-9075', 0, 1, 'Disponível', '', 1, ''),
(174, '89550641239000128253', '(41)99202-7836', 0, 1, 'Disponível', '', 1, ''),
(175, '89550641239000196987', '(41)99192-6647', 0, 1, 'Disponível', '', 1, ''),
(176, '89550641239000128246', '(41)99204-3629', 0, 1, 'Disponível', '', 1, ''),
(177, '89550641239000085941', '(41)99194-9349', 0, 1, 'Disponível', '', 1, ''),
(178, '89550641239000196961', '(41)99194-4270', 0, 1, 'Disponível', '', 1, ''),
(179, '89550641239000128261', '(41)99202-7455', 0, 1, 'Disponível', '', 1, ''),
(180, '89550641239000196979', '(41)99193-6214', 0, 1, 'Disponível', '', 1, ''),
(181, '89550641239000085958', '(41)99194-7971', 0, 1, 'Disponível', '', 1, ''),
(182, '89550641239000128212', '(41)99206-3961', 0, 1, 'Disponível', '', 1, ''),
(183, '89550641139000041391', '(41)99252-7568', 0, 1, 'Disponível', '', 1, ''),
(184, '89550641239000128477', '(41)99222-2201', 0, 1, 'Disponível', '', 1, ''),
(185, '89550641239000128329', '(41)99226-6571', 0, 1, 'Disponível', '', 1, ''),
(186, '89550641239000128410', '(41)99211-6332', 0, 1, 'Disponível', '', 1, ''),
(187, '89550641239000146149', '(41)99256-3307', 0, 1, 'Disponível', '', 1, ''),
(188, '89550641239000128238', '(41)99204-5628', 0, 1, 'Disponível', '', 1, ''),
(189, '89550641239000128220', '(41)99205-3435', 0, 1, 'Disponível', '', 1, ''),
(190, '89550641239000128188', '(41)99248-8869', 0, 1, 'Disponível', '', 1, ''),
(191, '89550641239000128592', '(41)99270-4029', 0, 1, 'EMPRESTADO', '', 1, ''),
(192, '89550641239000128006', '(41)99271-2365', 0, 1, 'EMPRESTADO', '', 1, ''),
(193, '89550641239000128055', '(41)99273-4265', 0, 1, 'Disponível', '', 1, ''),
(194, '89550641239000128550', '(41)99268-6764', 0, 1, 'Disponível', '', 1, ''),
(195, '89550641239000196946', '(41)99279-8397', 0, 1, 'Disponível', '', 1, ''),
(196, '89550641239000128584', '(41)99270-0142', 0, 1, 'Disponível', '', 1, ''),
(197, '89550641239000085065', '(41)99273-2713', 0, 1, 'Disponível', '', 1, ''),
(198, '89550641139000041524', '(41)99289-6894', 0, 1, 'Disponível', '', 1, ''),
(199, '89550641239000085982', '(41)99290-5162', 0, 1, 'EMPRESTADO', '', 1, ''),
(200, '89550641239000128576', '(41)99269-8175', 0, 1, 'Disponível', '', 1, ''),
(201, '89550641239000085974', '(41)99288-5133', 0, 1, 'Disponível', '', 1, ''),
(202, '89550641239000196672', '(41)99277-4959', 0, 1, 'EMPRESTADO', '', 1, ''),
(204, '89550641239000048733', '(41)99276-0396', 0, 1, 'Disponível', '', 1, ''),
(205, '89550641239000128568', '(41)99269-5875', 0, 1, 'Disponível', '', 1, ''),
(206, '89550641239000048758', '(41)99274-0053', 0, 1, 'Disponível', '', 1, ''),
(207, '89550641139000041797', '(41)99278-8067', 0, 1, 'Disponível', '', 1, ''),
(208, '89550641239000085990', '(41)99289-7221', 0, 1, 'Disponível', '', 1, ''),
(210, '89550641239000085842', '(41)99115-8306', 0, 1, 'Disponível', '', 1, ''),
(211, '89550641139000041839', '(41)99277-6286', 0, 1, 'Disponível', '', 1, ''),
(212, '89550641239000196896', '(41)99248-2067', 0, 1, 'Disponível', '', 1, ''),
(213, '89550641139000041508', '(41)99238-6728', 0, 1, 'Disponível', '', 1, ''),
(216, '89550641139000041953', '(41)99125-1043', 0, 1, 'Disponível', '', 1, ''),
(217, '89550641239000085156', '(41)99175-9460', 0, 1, 'Disponível', '', 1, ''),
(218, '89550641139000041599', '(41)99175-2401', 0, 1, 'Disponível', '', 1, ''),
(219, '89550641139000041482', '(41)98411-6754', 0, 1, 'Disponível', '', 1, ''),
(220, '89550641239000085180', '(41)99127-1757', 0, 1, 'Disponível', '', 1, ''),
(222, '89550641139000041193', '(41)99283-4715', 0, 1, 'Disponível', '', 1, ''),
(223, '89550641139000041102', '(41)99163-9757', 0, 1, 'Disponível', '', 1, ''),
(224, '89550641139000041862', '(41)98501-9293', 0, 1, 'Disponível', '', 1, ''),
(225, '89550641139000041854', '(41)99145-9353', 0, 1, 'Disponível', '', 1, ''),
(226, '89550641239000196953', '(41)99282-9490', 0, 1, 'Disponível', '', 1, ''),
(227, '89550641139000041847', '(41)99278-6612', 0, 1, 'Disponível', '', 1, ''),
(228, '89550641239000085966', '(41)99284-7765', 0, 1, 'Disponível', '', 1, ''),
(229, '89550641239000085602', '(41)99105-8406', 0, 1, 'Disponível', '', 1, ''),
(230, '89550641139000041425', '(41)99253-6089', 0, 1, 'Disponível', '', 1, ''),
(231, '89550641139000041458', '(41)99181-3599', 0, 1, 'Disponível', '', 1, ''),
(232, '89550641139000041573', '(41)99196-8278', 0, 1, 'Disponível', '', 1, ''),
(233, '89550641239000196821', '(41)99137-3289', 0, 1, 'Disponível', '', 1, ''),
(234, '89550641239000196631', '(41)99135-0077', 0, 1, 'Disponível', '', 1, ''),
(235, '89550641139000041201', '(41)99115-6154', 0, 1, 'Disponível', '', 1, ''),
(236, '89550641139000041565', '(41)99128-4286', 0, 1, 'Disponível', '', 1, ''),
(237, '89550641139000041417', '(41)99235-3605', 0, 1, 'Disponível', '', 1, ''),
(238, '89550641239000196847', '(41)98419-7126', 0, 1, 'Disponível', '', 1, ''),
(240, '89550641139000041516', '(41)99281-6863', 0, 1, 'Disponível', '', 1, ''),
(241, '89550641239000196862', '(41)99142-6398', 0, 1, 'Disponível', '', 1, ''),
(242, '89550641239000196607', '(41)98501-9315', 0, 1, 'Disponível', '', 1, ''),
(243, '89550641239000196615', '(41)98495-7343', 0, 1, 'Disponível', '', 1, ''),
(244, '89550644139000196912', '(41)99138-5236', 0, 1, 'Disponível', '', 1, ''),
(245, '89550641139000041334', '(41)99104-8922', 0, 1, 'Disponível', '', 1, ''),
(246, '89550641139000041581', '(41)99102-8620', 0, 1, 'Disponível', '', 1, ''),
(247, '89550641239000085610', '(41)99176-1017', 0, 1, 'Disponível', '', 1, ''),
(248, '89550641139000041870', '(41)99178-5734', 0, 1, 'Disponível', '', 1, ''),
(249, '89550641139000041938', '(41)99241-1666', 0, 1, 'EMPRESTADO', '', 1, ''),
(250, '89550640139002295061', '(41)98501-9313', 0, 1, 'Disponível', '', 1, ''),
(251, '89550640139006889752', '(41)99285-5433', 0, 1, 'Disponível', '', 1, ''),
(252, '89550641139000041573', '(41)99196-8278', 0, 1, 'Disponível', '', 1, ''),
(253, '89550641139000041441', '(41)99281-8230', 0, 1, 'Disponível', '', 1, ''),
(254, '89550641139000041086', '(41)99281-8230', 0, 1, 'Disponível', '', 1, ''),
(255, '89550641139000041441', '(41)99281-8230', 0, 1, 'Disponível', '', 1, ''),
(256, '89550641139000041052', '(41)99196-8278', 0, 1, 'Disponível', '', 1, ''),
(257, '89550641139000041227', '(41)99239-9423', 0, 1, 'Disponível', '', 1, ''),
(258, '89550641139000041904', '(41)99227-9246', 0, 1, 'Disponível', '', 1, ''),
(260, '89550641239000128089', '(41)99242-3049', 0, 1, 'Disponível', '', 1, ''),
(261, '89550642639000906807', '(41)99279-7663', 0, 1, 'Disponível', '', 1, ''),
(262, '89550641239000085917', '(41)99195-7021', 0, 1, 'Disponível', '', 1, ''),
(263, '89550641239000085040', '(41)99252-7395', 0, 1, 'Disponível', '', 1, ''),
(264, '89550641139000041573', '(41)99196-8278', 0, 1, 'Disponível', '', 1, ''),
(265, '89550641139000041425', '(41)99253-6089', 0, 1, 'Disponível', '', 1, ''),
(266, '89550641139000921386', '(41)99115-5631', 0, 1, 'Disponível', '', 1, ''),
(268, '89550641139000085032', '(41)99227-8383', 0, 1, 'Disponível', '', 1, ''),
(269, '89550641239000128931', '(41)99172-4389', 0, 1, 'Disponível', '', 1, ''),
(270, '89550641239000128097', '(41)99242-6773', 0, 1, 'Disponível', '', 1, ''),
(271, '89550641139000041185', '(41)99232-3185', 0, 1, 'Disponível', '', 1, ''),
(272, '89550641239000085628', '(41)99125-4009', 0, 1, 'Disponível', '', 1, ''),
(273, '89550640439003724055', '(41)99277-0381', 0, 1, 'Disponível', '', 1, ''),
(274, '89550641239000128501', '(41)99201-2016', 0, 1, 'Disponível', '', 1, ''),
(275, '89550641239000128881', '(41)99274-1271', 0, 1, 'EMPRESTADO', '', 1, ''),
(276, '89550641239000085669', '(41)99102-5947', 0, 1, 'Disponível', '', 1, ''),
(277, '89550641139000041839', '(41)99277-6286', 0, 1, 'Disponível', '', 1, ''),
(278, '89550641139000041102', '(41)99191-7517', 0, 1, 'Disponível', '', 1, ''),
(279, '89550644139000020368', '(41)99272-3498', 0, 1, 'Disponível', '', 1, ''),
(280, '89550641239000196987', '(41)99192-6647', 0, 1, 'Disponível', '', 1, ''),
(281, '89550641239000085115', '(41)99165-9604', 0, 1, 'Disponível', '', 1, ''),
(282, '89550641239000085081', '(41)99154-3781', 0, 1, 'Disponível', '', 1, ''),
(283, '89550641239000045671', '(41)99238-6728', 0, 1, 'Disponível', '', 1, ''),
(284, '89550641239000085164', '(41)99115-8306', 0, 1, 'Disponível', '', 1, ''),
(285, '89550641139000041698', '(41)99270-0142', 0, 1, 'EMPRESTADO', 'Chip sem pacote de voz.', 1, ''),
(286, '89550641139000041631', '(41)99128-4286', 0, 1, 'EMPRESTADO', '', 1, ''),
(287, '89550641139000041821', '(41)99166-2154', 0, 1, 'EMPRESTADO', '	', 1, ''),
(288, '89550641139000041474', '(41)99188-6414', 0, 1, 'EMPRESTADO', '', 1, ''),
(289, '89550641239000045663', '(41)99274-1271', 0, 1, 'Disponível', '', 2, NULL),
(290, '89550641139000041128', '(41)99175-9460', 0, 1, 'Disponível', '', 2, NULL),
(291, '89550641139000041029', '(41)99175-9460', 0, 1, 'EMPRESTADO', '', 2, NULL),
(293, '89550641239000081111', '(41)98411-1111', 0, 1, 'Disponível', '', 2, NULL);

-- --------------------------------------------------------

--
-- Estrutura da tabela `empresa`
--

CREATE TABLE `empresa` (
  `idEmpresa` int(11) NOT NULL,
  `nomeEmpresa` varchar(150) DEFAULT NULL
) ENGINE=InnoDB DEFAULT CHARSET=utf8mb4;

--
-- Extraindo dados da tabela `empresa`
--

INSERT INTO `empresa` (`idEmpresa`, `nomeEmpresa`) VALUES
(1, 'TELEFÔNICA - VIVO S/A'),
(2, 'DETRAN - PR');

-- --------------------------------------------------------

--
-- Estrutura da tabela `emprestimo`
--

CREATE TABLE `emprestimo` (
  `idEmprestimo` int(11) NOT NULL,
  `situacao` varchar(15) DEFAULT NULL,
  `dataEmprestimo` varchar(15) DEFAULT NULL,
  `dataDevolucao` varchar(15) DEFAULT NULL,
  `funcionario_id` int(11) NOT NULL,
  `usuario_id` int(11) NOT NULL,
  `observacao` text,
  `celular_id` int(11) DEFAULT NULL,
  `chip_id` int(11) DEFAULT NULL,
  `observacaoDevolucao` text,
  `protocolo` varchar(20) DEFAULT NULL
) ENGINE=InnoDB DEFAULT CHARSET=utf8mb4;

--
-- Extraindo dados da tabela `emprestimo`
--

INSERT INTO `emprestimo` (`idEmprestimo`, `situacao`, `dataEmprestimo`, `dataDevolucao`, `funcionario_id`, `usuario_id`, `observacao`, `celular_id`, `chip_id`, `observacaoDevolucao`, `protocolo`) VALUES
(62, 'EMPRESTADO', '26/11/2021', '26/11/2024', 6, 1, 'null', 57, 10, 'null', '  .   .   - '),
(63, 'EMPRESTADO', '26/11/2021', '29/11/2023', 7, 1, 'null', 58, 11, 'null', '  .   .   - '),
(64, 'EMPRESTADO', '26/11/2021', '29/11/2023', 8, 1, 'null', 59, 12, 'null', '  .   .   - '),
(66, 'EMPRESTADO', '29/11/2021', '29/11/2023', 43, 1, 'null', 60, 13, 'null', '  .   .   - '),
(67, 'EMPRESTADO', '29/11/2021', '29/11/2023', 56, 1, 'null', 61, 14, 'null', '  .   .   - '),
(68, 'EMPRESTADO', '29/11/2021', '29/11/2023', 73, 1, 'null', 62, 15, 'null', '  .   .   - '),
(69, 'EMPRESTADO', '29/11/2021', '29/11/2023', 119, 1, 'null', 63, 16, 'null', '  .   .   - '),
(70, 'EMPRESTADO', '29/11/2021', '29/11/2023', 101, 1, 'null', 64, 17, 'null', '  .   .   - '),
(72, 'EMPRESTADO', '11/01/2022', '11/01/2025', 169, 5, '', NULL, 45, NULL, '18.507.558-3'),
(73, 'EMPRESTADO', '11/01/2022', '11/01/2023', 183, 5, 'null', 374, 285, 'null', '18.513.650-7'),
(74, 'EMPRESTADO', '12/01/2022', '12/01/2023', 53, 5, 'null', 331, 192, 'null', '18.515.273-1'),
(75, 'EMPRESTADO', '12/01/2022', '12/01/2023', 184, 5, 'null', 337, 249, 'null', '18.517.533-2'),
(76, 'EMPRESTADO', '12/01/2022', '12/01/2023', 185, 5, 'null', 332, 286, 'null', '18.517.673-8'),
(77, 'EMPRESTADO', '13/01/2022', '13/01/2023', 186, 5, 'null', 335, 104, 'null', '18.523.441-0'),
(78, 'EMPRESTADO', '13/01/2022', '13/01/2023', 187, 5, 'null', 330, 64, 'null', '18.523.523-8'),
(79, 'EMPRESTADO', '13/01/2022', '13/01/2023', 32, 5, 'null', 334, 287, 'null', '18.523.554-8'),
(80, 'EMPRESTADO', '14/01/2022', '14/01/2023', 188, 5, 'null', 339, 202, 'null', '89.550.641-2'),
(81, 'EMPRESTADO', '14/01/2022', '14/01/2023', 189, 5, NULL, 333, NULL, NULL, '18.525.947-1'),
(82, 'EMPRESTADO', '14/01/2022', '14/01/2023', 190, 5, 'null', 336, 288, 'null', '18.526.409-2'),
(83, 'EMPRESTADO', '17/01/2022', '17/01/2023', 191, 5, 'null', 338, 191, 'null', '18.529.768-3'),
(84, 'EMPRESTADO', '17/01/2022', '17/02/2023', 193, 5, 'null', 353, 58, 'null', '18.531.677-7'),
(85, 'EMPRESTADO', '17/01/2022', '17/01/2023', 194, 8, 'null', 375, 157, 'null', '18.533.039-7'),
(86, 'EMPRESTADO', '18/01/2022', '18/01/2023', 46, 5, 'null', 340, 199, 'null', '18.536.839-4'),
(87, 'EMPRESTADO', '19/01/2022', '19/01/2023', 197, 8, 'null', 344, 119, 'null', '18.542.918-0'),
(88, 'EMPRESTADO', '19/01/2022', '19/01/2023', 196, 8, 'null', 351, 169, 'null', '18.543.002-2'),
(89, 'EMPRESTADO', '20/01/2022', '20/01/2023', 198, 8, 'null', 372, 122, 'null', '18.548.024-0'),
(90, 'EMPRESTADO', '21/01/2022', '21/01/2023', 199, 8, 'null', 367, 111, 'null', '18.549.175-7'),
(91, 'EMPRESTADO', '21/01/2022', '01/12/2022', 29, 5, '200.200.200.723 COM TESTE NA CELEPAR POR FARID.', 373, NULL, NULL, '  .   .   - '),
(92, 'EMPRESTADO', '21/01/2022', '01/12/2022', 29, 5, 'PARA TESTE NA CELEPAR.', 376, NULL, 'null', '  .   .   - '),
(93, 'EMPRESTADO', '21/01/2022', '21/01/2023', 201, 8, '', 358, 106, NULL, '18.550.191-4'),
(94, 'EMPRESTADO', '21/01/2022', '21/01/2023', 200, 8, '', 362, 105, NULL, '18.550.327-5'),
(104, 'EMPRESTADO', '27/01/2022', '18/01/2023', 202, 8, '', 349, 275, NULL, '18.572.645-2'),
(105, 'EMPRESTADO', '28/01/2022', '28/01/2023', 203, 8, '', 347, 291, NULL, '18.577.343-4'),
(106, 'EMPRESTADO', '31/01/2022', '31/01/2023', 206, 8, '', 112, 96, NULL, '18.580.966-8'),
(107, 'EMPRESTADO', '31/01/2022', '31/01/2023', 209, 8, '', 207, 130, NULL, '18.583.670-3');

-- --------------------------------------------------------

--
-- Estrutura da tabela `emprestimo_acessorio`
--

CREATE TABLE `emprestimo_acessorio` (
  `idAcessorio` int(11) NOT NULL,
  `nomeAcessorio` varchar(50) DEFAULT NULL,
  `emprestimo_id` int(11) NOT NULL
) ENGINE=InnoDB DEFAULT CHARSET=utf8mb4;

--
-- Extraindo dados da tabela `emprestimo_acessorio`
--

INSERT INTO `emprestimo_acessorio` (`idAcessorio`, `nomeAcessorio`, `emprestimo_id`) VALUES
(443, 'Caixa', 79),
(444, 'Carregador', 79),
(445, 'Manual', 79),
(446, 'Capa TPU', 79),
(447, 'Caixa', 78),
(448, 'Carregador', 78),
(449, 'Manual', 78),
(450, 'Capa TPU', 78),
(451, 'Caixa', 77),
(452, 'Carregador', 77),
(453, 'Manual', 77),
(454, 'Capa TPU', 77),
(455, 'Caixa', 76),
(456, 'Carregador', 76),
(457, 'Manual', 76),
(458, 'Capa TPU', 76),
(459, 'Caixa', 75),
(460, 'Carregador', 75),
(461, 'Manual', 75),
(462, 'Capa TPU', 75),
(467, 'Caixa', 73),
(468, 'Carregador', 73),
(469, 'Manual', 73),
(470, 'Adaptador', 73),
(471, 'Caixa', 80),
(472, 'Carregador', 80),
(473, 'Manual', 80),
(474, 'Adaptador', 80),
(475, 'Capa TPU', 80),
(476, 'Caixa', 81),
(477, 'Carregador', 81),
(478, 'Manual', 81),
(479, 'Adaptador', 81),
(480, 'Capa TPU', 81),
(481, 'Caixa', 82),
(482, 'Carregador', 82),
(483, 'Manual', 82),
(484, 'Adaptador', 82),
(485, 'Capa TPU', 82),
(486, 'Caixa', 83),
(487, 'Carregador', 83),
(488, 'Manual', 83),
(489, 'Fone de Ouvido', 83),
(490, 'Capa TPU', 83),
(503, 'Caixa', 84),
(504, 'Carregador', 84),
(505, 'Manual', 84),
(506, 'Capa TPU', 84),
(507, 'Caixa', 86),
(508, 'Carregador', 86),
(509, 'Manual', 86),
(510, 'Capa TPU', 86),
(519, 'Caixa', 87),
(520, 'Carregador', 87),
(521, 'Manual', 87),
(522, 'Capa TPU', 87),
(523, 'Caixa', 88),
(524, 'Carregador', 88),
(525, 'Manual', 88),
(526, 'Capa TPU', 88),
(527, 'Caixa', 89),
(528, 'Carregador', 89),
(529, 'Manual', 89),
(530, 'Capa TPU', 89),
(531, 'Caixa', 90),
(532, 'Carregador', 90),
(533, 'Manual', 90),
(534, 'Capa TPU', 90),
(535, 'Caixa', 91),
(536, 'Carregador', 91),
(537, 'Manual', 91),
(538, 'Capa TPU', 91),
(553, 'Caixa', 93),
(554, 'Carregador', 93),
(555, 'Manual', 93),
(556, 'Capa TPU', 93),
(557, 'Caixa', 94),
(558, 'Carregador', 94),
(559, 'Manual', 94),
(560, 'Capa TPU', 94),
(561, 'Caixa', 85),
(562, 'Carregador', 85),
(563, 'Manual', 85),
(564, 'Fone de Ouvido', 85),
(568, 'Caixa', 92),
(569, 'Carregador', 92),
(570, 'Adaptador', 92),
(573, 'Caixa', 74),
(574, 'Carregador', 74),
(575, 'Manual', 74),
(576, 'Capa TPU', 74),
(577, 'Caixa', 62),
(578, 'Carregador', 62),
(579, 'Capa TPU', 62),
(580, 'Caixa', 104),
(581, 'Carregador', 104),
(582, 'Manual', 104),
(583, 'Capa TPU', 104),
(584, 'Caixa', 105),
(585, 'Carregador', 105),
(586, 'Manual', 105),
(587, 'Capa TPU', 105),
(588, 'Caixa', 69),
(589, 'Carregador', 69),
(590, 'Caixa', 68),
(591, 'Carregador', 68),
(592, 'Caixa', 67),
(593, 'Carregador', 67),
(594, 'Caixa', 63),
(595, 'Carregador', 63),
(596, 'Manual', 63),
(597, 'Caixa', 106),
(598, 'Carregador', 106),
(599, 'Manual', 106),
(600, 'Capa TPU', 106),
(601, 'Caixa', 107),
(602, 'Carregador', 107),
(603, 'Manual', 107),
(604, 'Capa TPU', 107);

-- --------------------------------------------------------

--
-- Estrutura da tabela `funcionario`
--

CREATE TABLE `funcionario` (
  `idFuncionario` int(11) NOT NULL,
  `nome` varchar(150) DEFAULT NULL,
  `cpf` varchar(30) DEFAULT NULL,
  `rg` varchar(17) DEFAULT NULL,
  `status` varchar(20) DEFAULT NULL,
  `localidade_id` int(11) NOT NULL,
  `cargo_id` int(11) NOT NULL
) ENGINE=InnoDB DEFAULT CHARSET=utf8mb4;

--
-- Extraindo dados da tabela `funcionario`
--

INSERT INTO `funcionario` (`idFuncionario`, `nome`, `cpf`, `rg`, `status`, `localidade_id`, `cargo_id`) VALUES
(6, 'PAULO SERGIO BUZANELLO', '624.662.599-15', '5.807.859-0', 'Ativo', 668, 2),
(7, 'SANTA MARGARIDA LOPES ROSSANO', '689.488.599-00', '7.657.663-7 ', 'Ativo', 672, 2),
(8, 'ADENILSON CATUZO DA SILVA ', '705.964.769-49', '', 'Ativo', 634, 2),
(9, 'ADELIO DE CARLI', '287.916.909-78', '1.483.462-1', 'Ativo', 669, 2),
(11, 'ADRIANE DE CASTRO ROSA', '018.237.219-74', '6.594.971-7', 'Ativo', 720, 2),
(12, 'ADRIANO DA SILVA DOS SANTOS', '993.518.620-20', '14.670.860-9', 'Ativo', 710, 2),
(13, 'AGACIR PACHECO PINTO', '014.547.069-53', '654.715-0', 'Ativo', 697, 2),
(14, 'AIRSO PEDROSO DE OLIVEIRA', '435.561.409-34', '3.237.095-0', 'Ativo', 687, 2),
(15, 'ALCEU LOURENÇO DE PAULA', '682.102.649-15', '3.581.378-0', 'Ativo', 613, 2),
(16, 'ALCIDES PASCHOAL', '390.667.549-15', '1.081.645-9', 'Ativo', 654, 2),
(17, 'AMANDA ZANDARIN FERNANDES', '055.716.239-42', '9.853.910-7', 'Ativo', 636, 2),
(18, 'AMERSON GERDULLI', '004.778.538-11', '13.249.331-6', 'Ativo', 705, 2),
(19, 'ANA CLAUDIA DA SILVA', '961.396.099-68', '12.809.809-7', 'Ativo', 633, 2),
(20, 'ANACLETO BASSO', '545.956.149-34', '3.556.490-0', 'Ativo', 630, 2),
(21, 'ANDERSON MARTINS VIEIRA', '053.908.239-23', '8.548.600-4', 'Ativo', 756, 8),
(22, 'ANTENOR RIBEIRO DA SILVA JUNIOR', '073.554.409-34', '1.123.877-7', 'Ativo', 667, 2),
(23, 'ANTONIO HELLY SANTIAGO JUNIOR', '084.329.289-09', '10.712.479-9', 'Ativo', 612, 2),
(24, 'ANTONIO PAIM DE ABREU JUNIOR', '001.402.039-40', '5.138.409-1', 'Inativo', 735, 2),
(25, 'ANTONIO SERGIO FERREIRA', '622.352.069-72', '4.496.751-0', 'Ativo', 688, 2),
(26, 'BIANCA CARVALHO DORNELLES DA GRAÇA', '016.410.249-33', '12.586.355-8', 'Ativo', 732, 3),
(27, 'BRUNO MUSSALAM SANTANA', '009.358.949-26', '6.658.267-1', 'Ativo', 648, 18),
(28, 'CAIO CESAR DE OLIVEIRA', '070.731.389-98', '8.589.252-5', 'Ativo', 648, 2),
(29, 'CAMILA REGINA FURLAN', '064.193.159-05', '8412000-6', 'Ativo', 793, 1),
(30, 'CARLA DE CÁSSIA FERREIRA DOS SANTOS', '547.207.619-68', '2122681', 'Ativo', 685, 2),
(31, 'CARLOS ALBERTO FONSECA GUBERT', '048.507.528-88', '3.259.665-7', 'Ativo', 723, 6),
(32, 'CARLOS GELSON SUOTA', '274.485.419-00', '1.551.764-6', 'Ativo', 713, 18),
(33, 'CATIA ROSANI DE MELO TONELLO', '939.093.909-78', '5.127.817-8', 'Ativo', 693, 2),
(34, 'CESAR VINICIUS KOGUT', '561.788.679-72', '3.500.033-0', 'Inativo', 755, 7),
(35, 'CICERO ROMÃO DE MORAIS JUNIOR', '064.762.589-07', '10.012.881-0', 'Ativo', 719, 2),
(36, 'CIRO INACIO KREUTZ', '092.610.289-34', '867.941-0', 'Ativo', 650, 2),
(37, 'CLAUDIA TEIXEIRA CANALI', '035.726.749-48', '8.518.880-1', 'Ativo', 628, 2),
(38, 'CLAUDIO DUCCI', '356.861.899-00', '1694516-1', 'Ativo', 766, 3),
(39, 'CLODOALDO DONIZETE LUCIANO', '038.300.359-85', '6.879.407-2', 'Ativo', 706, 18),
(40, 'DEJALMA SOARES MARQUES', '253.342.049-20', '1.382.978-0', 'Ativo', 635, 2),
(41, 'DENEIA APARECIDA MAGGI', '653.590.709-00', '3.969.740-8', 'Ativo', 673, 2),
(42, 'DIOGO CESAR VIEIRA FERREIRA', '085.605.059-89', '15.024.940-6', 'Ativo', 665, 2),
(43, 'DIOGO VICENTE GALLEGO', '033.505.859-06', '7.705.648-3', 'Ativo', 684, 2),
(44, 'DOUGLAS MATSUMARA ', '009.438.409-61', '814830-6', 'Ativo', 703, 18),
(45, 'EDIO DA SILVA TOPANOTTI', '225.230.229-15', '1.189.657-0', 'Ativo', 707, 2),
(46, 'EDSON MAIA', '843.244.579-72', '5.682.507-0', 'Ativo', 777, 18),
(47, 'EDUARDO ANTONIEVICZ', '056.988.589-26', '9.404.509-6', 'Ativo', 732, 3),
(48, 'EDUARDO CASSEMIRO DA SILVA', '009.703.339-19', '8695333-1', 'Ativo', 732, 3),
(49, 'EDUARDO FERRI DE ALCANTARA', '028.806.179-95', '5.278.381-0', 'Ativo', 619, 2),
(50, 'EDUARDO HENRIQUE SCHAIA ROCHA', '048.573.359-56', '7.372.661-1', 'Ativo', 661, 18),
(51, 'EDUARDO JOSE CORDEIRO', '023.627.689-10', '5.956.479-0', 'Ativo', 680, 18),
(52, 'ELIO SZCZERBOVSKI', '027.662.839-00', '6356572', 'Ativo', 680, 18),
(53, 'EUNOQUE SALUSTIANO DE MELLO', '448.212.209-20', '2.045.986-7', 'Ativo', 777, 18),
(54, 'EVANDRO PISTORE', '038.416.719-05', '8.269.034-4', 'Ativo', 777, 18),
(55, 'EVERON CESAR PUCHETTI FERREIRA', '658.846.129-15', '4.120.478-8', 'Ativo', 755, 1),
(56, 'EVERTON FRANCISCO DA SILVA MELHADO', '034.262.359-19', '5.135.316-1', 'Ativo', 677, 2),
(57, 'EVERTON RODRIGO DA SILVA', '044.291.619-17', '7.953.615-6', 'Ativo', 704, 13),
(58, 'FABIANA ELAINE DE ALMEIDA', '016.920.429-47', '6.134.845-0', 'Ativo', 729, 3),
(59, 'FABIANO DORNELES LOVATO', '995.536.359-20', '5.017.356-9', 'Ativo', 714, 2),
(60, 'FABIANO HENRIQUE BARATI', '922.099.801-78', '14.662.259-3', 'Ativo', 647, 2),
(61, 'FABIO SOARES DE OLIVEIRA', '022.769.829-00', '6.350.457-2', 'Ativo', 704, 1),
(62, 'FERNANDO GARCIA ALGARTE', '240.120.419-91', '1.281.965-0', 'Ativo', 623, 2),
(63, 'FERNANDO KLEMPS', '768.262.449-34', '5169048-6', 'Ativo', 740, 3),
(64, 'FERNANDO LOPES RIBEIRO', '032.352.319-60', '7.713.143-4', 'Ativo', 698, 2),
(65, 'FERNANDO LUIS CASTRO RIBAS', '025.981.379-65', '6.358.187-9', 'Ativo', 702, 2),
(66, 'FREDERICO FABIANO FERREIRA', '966.818.459-91', '5.853.058-1', 'Ativo', 683, 2),
(67, 'GEANCARLO DENARDIN', '043.331.049-98', '8.098.796-0', 'Ativo', 670, 2),
(68, 'GELSON SALVI GONÇALVES', '046.468.999-65', '8.575.01-3', 'Ativo', 735, 3),
(69, 'GENNER LOPES GUIMARÃES', '034.572.006-70', '12.591.723-2', 'Ativo', 735, 18),
(70, 'GIANCARLO SANDRO ALVES BEZERRA', '022.793.899-24', '6.010.045-4', 'Ativo', 713, 2),
(71, 'GILSON RIBEIRO', '548.661.389-04', '3.668.848-3', 'Ativo', 630, 2),
(72, 'GUSTAVO ANDRE FATORI', '123.456.789-01', '6.611.197-0', 'Ativo', 757, 3),
(73, 'GUSTAVO ANTONIO MORAES DE JESUS', '036.592.719-85', '8.158.559-8', 'Ativo', 681, 2),
(75, 'HEBER ADRIEL DINIZ', '869.507.979-15', '6.568.895-6', 'Ativo', 632, 2),
(76, 'HELIO ISSAMU KOBAYASHI', '019.949.009-03', '6.452.501-8', 'Ativo', 626, 2),
(77, 'IDRENO GREGORIO', '137.168.918-00', '1.893.460-4', 'Ativo', 653, 2),
(78, 'INÊS APARECIDA NEGRINE GUEDES', '624.662.599-15', '4.220.676-8', 'Ativo', 649, 2),
(79, 'INES SANZOVO MARINI ', '374.342.419-34', '2.133.385-9', 'Ativo', 691, 2),
(80, 'ISABELLA BUENO DE MAGALHÃES', '050.808.599-38', '7.896.146-5', 'Ativo', 663, 2),
(81, 'ISAIAS PACHECO', '725.135.789-53', '4.559.008-9', 'Ativo', 767, 18),
(82, 'ISRAEL JUNIOR DA SILVA', '004.667.799-25', '7.906.815-2', 'Ativo', 652, 2),
(83, 'ITAMAR GUIMARÃES ULBRICH', '348.291.729-91', '2.171.198-5', 'Ativo', 686, 2),
(84, 'IVAN ROGERIO SANTINON CARVALHO', '051.987.659-88', '9.367.956-3', 'Ativo', 622, 2),
(85, 'JAIRO ANTONIO BROCH', '649.131.809-59', '4.089.959-6', 'Ativo', 638, 2),
(86, 'JAQUELINE APARECIDA DE ALMEIDA', '585.480.259-72', '3487507 / SESP DF', 'Ativo', 755, 7),
(87, 'JHONEY FABRICIO MARTINS RODRIGUES', '102.063.409-07', '12.379.033-2', 'Ativo', 687, 18),
(88, 'JOÃO BATISTA BACIL PINHEIRO', '748.181.129-68', '4.545.032-5', 'Ativo', 686, 18),
(89, 'JOÃO DE PAULA CARNEIRO FILHO', '562.015.329-00', '3.634.956-5', 'Ativo', 755, 1),
(90, 'JOÃO LUCAS BUENO DALE VEDOVE', '005.716.539-44', '7.038.473-6', 'Ativo', 631, 2),
(91, 'JOCELMO XAVIER ', '463.056.709-78', '660.189-8', 'Ativo', 727, 3),
(92, 'JOSÉ ANSELMO SCATOLIN ', '515.317.989-34', '1.329.554-9', 'Ativo', 701, 2),
(93, 'JOSE APARECIDO GOTARDO ', '642.111.009-63', '4207143', 'Ativo', 731, 6),
(94, 'JOSE AUGUSTO JUSKI', '403.239.609-44', '1444328-2', 'Ativo', 722, 6),
(95, 'JOSE LUIZ GIL', '469.708.439-04', '13.390.948-6', 'Ativo', 717, 2),
(96, 'JOSÉ NEI AMORIM PINTO', '903.410.079-00', '5.463.264-9', 'Ativo', 690, 2),
(97, 'JOSÉ ORIMAR ZACARIN', '581.540.869-72', '3.244.587-0', 'Ativo', 621, 2),
(98, 'JOSIANE CARLA ROSA', '034.280.749-80', '7.368.153-7', 'Ativo', 613, 2),
(99, 'JUAREZ LOPES', '528.597.039-34', '3.940.051-0', 'Ativo', 704, 2),
(100, 'JUÇARA KUSTER RIBEIRO', '046.629.729-73', '85051660', 'Ativo', 760, 6),
(101, 'JULIO CESAR GONÇALVES', '073.418.649-58', '10.400.201-3', 'Ativo', 644, 2),
(102, 'JULIO CESAR SILVA LINO', '931.836.159-91', '5.795.251-2', 'Ativo', 658, 2),
(103, 'JULIO VERGNE NETO', '907.096.089-34', '5.327.743-8', 'Ativo', 765, 18),
(104, 'JUSSARA INES LIS', '744.514.139-15', '5.334.722-3', 'Ativo', 692, 2),
(105, 'LAERCIO SCARPETA', '511.429.379-68', '3.599.912-4', 'Ativo', 625, 2),
(106, 'LARISSA LISSANDRA FEITOSA', '040.539.929-40', '7.783.263-7', 'Ativo', 662, 2),
(107, 'LAURO LOURENÇO GIACOMINI', '034.868.049-01', '7.584.028-4', 'Ativo', 642, 18),
(108, 'LEILA APARECIDA KAIBER FAVERO', '895.006.109-06', '5.929.177-7', 'Ativo', 708, 2),
(109, 'LEVI JOSÉ BAHLS', '322.555.352-20', '7.254.465-0', 'Ativo', 700, 2),
(110, 'LIDIA STEIGENBERG BOMFIM', '574.176.879-20', '3.305.303-7', 'Ativo', 696, 2),
(111, 'LUCIANA CANDIDA BARRA WOICIK', '849.781.209-34', '4355599-5', 'Ativo', 755, 12),
(112, 'LUCIANE MUNHOS D ALECIO', '744.663.489-87', '3.924.228-1', 'Ativo', 645, 2),
(113, 'LUCIANO HUMBERTO PRESTES', '031.473.009-51', '6137746-8', 'Ativo', 752, 3),
(114, 'LUIZ ANTONIO DE AZEVEDO', '804.081.099-04', '5.004.281-2', 'Ativo', 706, 2),
(115, 'LUIZ ANTONIO DONATI', '582.354.009-44', '3.072.331-7', 'Ativo', 667, 2),
(116, 'LUIZ CARLOS DE SOUZA', '731.254.749-49', '4.921.724-2', 'Ativo', 618, 2),
(117, 'LUIZ FERNANDO PAVOSKI', '501.547.969-72', '3.632.506-2', 'Ativo', 755, 7),
(118, 'LUIZ VANDERLEY DALLASUANNA', '718.507.759-15', '4.655.036-6', 'Ativo', 715, 2),
(119, 'MAGNUS TADEU LEON BORDES', '541.238.019-00', '3.282.896-5', 'Ativo', 659, 2),
(120, 'MANOELA CECCON', '065.623.049-07', '10.165.397-8', 'Ativo', 732, 1),
(121, 'MARCEL CABRAL COSTA', '003.444.119-07', '5.413.347-2', 'Ativo', 726, 3),
(122, 'MARCELO ANNEMANN', '768.318.179-04', '5619307-3', 'Ativo', 734, 16),
(123, 'MARCELO MAYR ROMERO', '571.848.799-53', '3.988.044-0', 'Ativo', 656, 2),
(124, 'MARCELO PASSARIN', '005.659.059-88', '5.590.522-3', 'Ativo', 664, 2),
(125, 'MARCIO ANDREATTI', '050.526.859-04', '6287831-2', 'Ativo', 730, 3),
(126, 'MARCIO ROBERTO RIBAS ', '029.733.009-83', '6.917.874-0', 'Ativo', 760, 1),
(127, 'MARCOS ANTONIO GOMES DO COUTO', '036.280.549-07', '7.680.347-1', 'Ativo', 695, 2),
(128, 'MARCOS ROBERTO MODOS', '740.491.279-20', '5.298.656-7', 'Ativo', 652, 18),
(129, 'MARI BERNADETE BESING', '608.652.029-15', '3.925.450-6', 'Ativo', 615, 2),
(130, 'MARIA BALBINA COSTA DE SOUZA', '754.245.339-49', '5105574-8', 'Ativo', 755, 12),
(131, 'MARIA JOSÉ DA SILVA CAMPOS VAZ', '529.620.919-20', '4.175.402-8', 'Ativo', 666, 2),
(132, 'MARILENE MENEGUZZO', '680.827.119-49', '4.357.261-0', 'Ativo', 614, 2),
(133, 'MARIO CESAR MILLEO', '349.657.349-04', '1.633.042-6', 'Ativo', 694, 2),
(134, 'MARLI MARLENE DE SOUZA BATAGINI', '462.245.729-68', '312461-6', 'Ativo', 725, 6),
(135, 'MARLON HELMICH', '036.807.609-14', '7.783.616-0', 'Ativo', 638, 14),
(136, 'MARTA MATKIEVICZ', '036.545.949-64', '7.985.734-3', 'Ativo', 630, 2),
(137, 'MARY HELLEN TELES CHAVES', '003.922.129-60', '6.974.964-0', 'Ativo', 760, 3),
(138, 'MAURO APARECIDO FIGUEIREDO', '585.678.609-20', '3.698.836-3', 'Ativo', 646, 2),
(139, 'MAURO FERREIRA DO VALLE', '610.724.519-72', '3820240-5', 'Ativo', 760, 3),
(140, 'MOISÉS DO LAGO SANTOS', '   .   .   -  ', '', 'Ativo', 760, 3),
(141, 'NELSON DOS SANTOS', '   .   .   -  ', '880.593-8', 'Ativo', 630, 2),
(142, 'NEURI JOSÉ DAL MOLIN', '111.085.091-34', '1.178.724-0', 'Ativo', 616, 2),
(143, 'NILTON VICENTE DA SILVA', '765.219.769-15', '3.421.376-3', 'Ativo', 767, 18),
(144, 'NOELY GIASSON BAU', '616.115.659-87', '3.343.877-0', 'Ativo', 641, 2),
(145, 'PAMELLA GARCIA ROSA', '009.659.089-09', '8089169-5', 'Ativo', 739, 1),
(146, 'PATRICIA PUPIO', '007.285.759-57', '7.544.945-3', 'Ativo', 655, 2),
(147, 'PAULA MARIA QUONG FERNANDES', '628.709.479-68', '7.974.613-4', 'Ativo', 755, 12),
(148, 'PAULO FERNANDO NEVES', '164.166.199-20', '1.166.345-1', 'Ativo', 679, 2),
(149, 'PAULO LUIZ DOS SANTOS', '610.387.259-68', '4.375.614-1', 'Ativo', 765, 1),
(151, 'PRESCILA GOUVEA CYPRIANO', '069.870.579-31', '10.235.598-9', 'Ativo', 682, 2),
(152, 'RAFAEL SALGUEIRO FLORESTA', '043.723.519-09', '6.844.890-5', 'Ativo', 621, 18),
(153, 'RAFAEL VIANA E SILVA', '925.669.369-00', '5.965.402-0', 'Ativo', 711, 2),
(154, 'REGIANI JUCIANI LACERDA', '830.501.409-68', '5.971.165-2', 'Ativo', 620, 18),
(155, 'REINALDO DE OLIVEIRA', '401.839.639-20', '13.532.178-8', 'Ativo', 637, 2),
(156, 'RENAN GUSTAVO BORGES', '041.831.959-69', '8.774.574-0', 'Ativo', 657, 2),
(157, 'RITA DE CASSIA TAVARES', '019.141.949-42', '4.999.177-0', 'Ativo', 678, 2),
(158, 'RODOLFO SKALISZ SOLDA', '061.288.729-48', '8.788.620-4', 'Ativo', 629, 2),
(159, 'ROGERIO LAJARIM HERNANDES', '928.020.109-30', '6.364.217-7', 'Ativo', 627, 2),
(160, 'ROLF JONAS GONSALVES', '055.791.879-04', '88024699', 'Ativo', 640, 2),
(161, 'ROQUE STURM', '524.287.109-15', '3.600.859-8', 'Ativo', 643, 2),
(162, 'ROSILEI ORIDES QUINTINO', '507.588.109-20', '9.302.896-1', 'Ativo', 709, 2),
(163, 'SAYONARA VIVIANE MORO', '025.225.999-84', '4.600.552-0', 'Ativo', 671, 2),
(164, 'SERGIO VIANNA GURSKI', '532.985.789-91', '3.597.086-0', 'Ativo', 660, 2),
(165, 'SINTIA MARIA BERNARDY DE LIMA', '857.221.709-68', '4.331.473-4', 'Ativo', 651, 2),
(166, 'SINVAL SCHREINER', '153.401.209-53', '1.236.358-3', 'Ativo', 674, 2),
(167, 'SONIA REGINA CABRAL', '170.989.409-72', '831011-4', 'Ativo', 765, 3),
(168, 'SUZANA MARIA BRUIANI', '059.288.639-50', '8.400.624-6', 'Ativo', 675, 2),
(169, 'TANIA MARA ASSUMPÇÃO DE OLIVEIRA', '393.466.509-82', '2204547-4', 'Ativo', 732, 12),
(170, 'TEREZINHA CRISTINA BERNADELLI', '393.087.319-20', '2.110.722-0', 'Ativo', 630, 18),
(171, 'THIAGO VINICIUS FERNANDES', '044.409.189-05', '8.185.007-0', 'Ativo', 717, 18),
(172, 'TRISTÃO DA SILVA MIRANDA', '139.322.099-15', '934.514-0', 'Ativo', 700, 2),
(173, 'VAGNER DENILSON MERETICA', '935.230.419-53', '6.711.213-0', 'Ativo', 683, 18),
(174, 'VALDECI PRIESTER', '554.441.139-53', '4.190.246-9', 'Ativo', 638, 2),
(175, 'VALDECIR RODRIGUES GALVÃO', '523.843.229-15', '3.271.601-6', 'Ativo', 642, 2),
(176, 'VALDERI PEREIRA D SILVA', '355.866.309-82', '2.095.274-1', 'Ativo', 765, 3),
(177, 'VALMIR MORESCHI', '488.072.739-34', '2145007-3', 'Ativo', 751, 3),
(178, 'VILMAR NUNES DE JESUS', '275.714.249-68', '1.698.755-7', 'Ativo', 765, 18),
(179, 'WILIAM ROBERTO ARAUJO', '584.518.389-87', '3.168.513-3', 'Ativo', 730, 3),
(180, 'WILIANS ZANCHIM', '032.206.029-08', '8.038.353-3', 'Ativo', 704, 2),
(181, 'WILSON GOMES DO NASCIMENTO', '350.318.599-20', '1.168.342-8', 'Ativo', 617, 2),
(182, 'CARLOS HENRIQUE MULLER ZIVIANI', '005.948.319-97', '', 'Ativo', 732, 3),
(183, 'JULIO CESAR PACHECO DOS SANTOS', '809.023.089-04', '33446926', 'Ativo', 712, 14),
(184, 'JOSE CORDEIRO', '582.969.729-72', '33576064', 'Ativo', 777, 18),
(185, 'MARCELO RUMOR', '029.335.129-55', '69665713', 'Ativo', 777, 18),
(186, 'ANDERSON THIAGO ATANAZO', '072.734.909-03', '105278195', 'Ativo', 713, 18),
(187, 'IVAN DANIEL DE JESUS CUNHA', '103.043.259-70', '132742839', 'Ativo', 713, 18),
(188, 'FLAVIO GAIER', '035.938.669-51', '81487537', 'Ativo', 767, 18),
(189, 'DANIEL SUTIL DE OLIVEIRA', '572.902.539-49', '42462012', 'Ativo', 767, 18),
(190, 'DANIEL ALVES DOS SANTOS', '886.684.109-97', '49668767', 'Ativo', 767, 18),
(191, 'VALDIR PEREIRA DE FREITAS', '562.478.189-04', '43946153', 'Ativo', 735, 18),
(192, 'FARID GELASCO MALSCHITZKY', '050.359.639-69', '65316790', 'Ativo', 732, 3),
(193, 'CARLOS ALBERTO BRITO', '030.897.519-76', '65863073', 'Ativo', 767, 18),
(194, 'FERNANDO MAURICIO IMTHURM', '023.494.419-62', '51986555', 'Ativo', 732, 13),
(195, 'ROOSEVELT MARCIO STAES', '943.032.079-34', '64191667', 'Ativo', 715, 2),
(196, 'IVO ANDRE MARTINS RODRIGUES', '768.696.369-15', '51961307', 'Ativo', 715, 18),
(197, 'FLAVIO WILLIAM PROPST', '762.748.539-87', '43939548', 'Ativo', 715, 14),
(198, 'MARCELO DANTAS LEITE', '281.885.258-71', '126812680', 'Ativo', 719, 18),
(199, 'CLAUDIOMIRO GARBIN', '004.858.509-23', '123289918', 'Ativo', 719, 18),
(200, 'MAURI VIEIRA', '318.580.909-20', '1233091', 'Ativo', 714, 18),
(201, 'JONATHAN SIQUEIRA RODRIGUES', '068.762.679-03', '9922041', 'Ativo', 714, 18),
(202, 'NOELI VAZ ARTIGAS', '025.566.039-17', '70843617 ', 'Ativo', 720, 18),
(203, 'ROSANI COSTA MORAIS', '769.568.579-87', '40824286', 'Ativo', 720, 18),
(205, 'ABEL', '   .   .   -  ', '', 'Ativo', 733, 5),
(206, 'WELINGTON DIONATA TONEZE', '053.458.549-39', '', 'Ativo', 777, 18),
(208, 'OTONIEL AMANCIO ALVES', '064.776.129-76', '6.531.679-0', 'Ativo', 732, 13),
(209, 'MARCOS BARBOSA DA SILVA', '045.218.759-12', '9.182.404-3', 'Ativo', 777, 18);

-- --------------------------------------------------------

--
-- Estrutura da tabela `localidade`
--

CREATE TABLE `localidade` (
  `idLocalidade` int(11) NOT NULL,
  `nomeLocalidade` varchar(100) DEFAULT NULL,
  `tipoLocalidade` varchar(50) DEFAULT NULL
) ENGINE=InnoDB DEFAULT CHARSET=utf8mb4;

--
-- Extraindo dados da tabela `localidade`
--

INSERT INTO `localidade` (`idLocalidade`, `nomeLocalidade`, `tipoLocalidade`) VALUES
(612, '02ª – PONTA GROSSA', 'CIRETRAN'),
(613, '04ª – UNIÃO DA VITÓRIA', 'CIRETRAN'),
(614, '05ª – PATO BRANCO', 'CIRETRAN'),
(615, '07ª – CASCAVEL', 'CIRETRAN'),
(616, '08ª – CAMPO MOURÃO', 'CIRETRAN'),
(617, '09ª – CRUZEIRO DO OESTE', 'CIRETRAN'),
(618, '10ª – JACAREZINHO', 'CIRETRAN'),
(619, '11ª – CORNÉLIO PROCÓPIO', 'CIRETRAN'),
(620, '12ª – LONDRINA (VILA YARA)', 'CIRETRAN'),
(621, '13ª – MARINGÁ', 'CIRETRAN'),
(622, '14ª – PARANAVAÍ', 'CIRETRAN'),
(623, '15ª – APUCARANA', 'CIRETRAN'),
(624, '16ª – FOZ DO IGUAÇU', 'CIRETRAN'),
(625, '17ª – ARAPONGAS', 'CIRETRAN'),
(626, '18ª – NOVA ESPERANÇA', 'CIRETRAN'),
(627, '19ª – ASSAÍ', 'CIRETRAN'),
(628, '20ª – UMUARAMA', 'CIRETRAN'),
(629, '21ª – IRATI', 'CIRETRAN'),
(630, '22ª – BANDEIRANTES', 'CIRETRAN'),
(631, '23ª – PORECATU', 'CIRETRAN'),
(632, '24ª – TELÊMACO BORBA', 'CIRETRAN'),
(633, '25ª – GOIOERÊ', 'CIRETRAN'),
(634, '26ª – CIANORTE', 'CIRETRAN'),
(635, '27ª – IBAITI', 'CIRETRAN'),
(636, '28ª – LOANDA', 'CIRETRAN'),
(637, '29ª – RIO NEGRO', 'CIRETRAN'),
(638, '30ª – FRANCISCO BELTRÃO', 'CIRETRAN'),
(639, '31ª – DOIS VIZINHOS', 'CIRETRAN'),
(640, '32ª – SANTA ISABEL DO OESTE', 'CIRETRAN'),
(641, '33ª – MEDIANEIRA', 'CIRETRAN'),
(642, '34ª – TOLEDO', 'CIRETRAN'),
(643, '35ª – MARECHAL CÂNDIDO RONDON', 'CIRETRAN'),
(644, '36ª – GUAÍRA', 'CIRETRAN'),
(645, '37ª – UBIRATÃ', 'CIRETRAN'),
(646, '38ª – IVAIPORÃ', 'CIRETRAN'),
(647, '39ª – ARAPOTI', 'CIRETRAN'),
(648, '40ª – CAMBARÁ', 'CIRETRAN'),
(649, '41ª – ASSIS CHATEAUBRIAND', 'CIRETRAN'),
(650, '42ª – PALOTINA', 'CIRETRAN'),
(651, '43ª – ROLÂNDIA', 'CIRETRAN'),
(652, '44ª - SANTO ANTÔNIO DA PLATINA', 'CIRETRAN'),
(653, '45ª – NOVA LONDRINA', 'CIRETRAN'),
(654, '46ª – CIDADE GAÚCHA', 'CIRETRAN'),
(655, '47ª – JANDAIA DO SUL', 'CIRETRAN'),
(656, '48ª – PITANGA', 'CIRETRAN'),
(657, '49ª – IPORÃ', 'CIRETRAN'),
(658, '50ª – FAXINAL', 'CIRETRAN'),
(659, '51ª – CAMPO LARGO', 'CIRETRAN'),
(660, '53ª – LAPA', 'CIRETRAN'),
(661, '54ª – IMBITUVA', 'CIRETRAN'),
(662, '55ª – PALMAS', 'CIRETRAN'),
(663, '56ª – CASTRO', 'CIRETRAN'),
(664, '57ª – LARANJEIRAS DO SUL', 'CIRETRAN'),
(665, '58ª – RONDON', 'CIRETRAN'),
(666, '59ª – SANTA IZABEL DO IVAÍ', 'CIRETRAN'),
(667, '60ª – COLORADO', 'CIRETRAN'),
(668, '61ª – MATELÂNDIA', 'CIRETRAN'),
(669, '62ª – CORONEL VIVIDA', 'CIRETRAN'),
(670, '63ª – CAPANEMA', 'CIRETRAN'),
(671, '64ª – BARRACÃO', 'CIRETRAN'),
(672, '65ª – ALTÔNIA', 'CIRETRAN'),
(673, '66ª – IBIPORÃ', 'CIRETRAN'),
(674, '67ª – SANTO ANTÔNIO DO SUDOESTE', 'CIRETRAN'),
(675, '68ª – ASTORGA', 'CIRETRAN'),
(676, '69ª – SERTANÓPOLIS', 'CIRETRAN'),
(677, '70ª – BELA VISTA DO PARAÍSO', 'CIRETRAN'),
(678, '71ª – BARBOSA FERRAZ', 'CIRETRAN'),
(679, '72ª – JOAQUIM TÁVORA', 'CIRETRAN'),
(680, '73ª – ARAUCÁRIA', 'CIRETRAN'),
(681, '74ª – GUARANIAÇU', 'CIRETRAN'),
(682, '75ª – JAGUARIAÍVA', 'CIRETRAN'),
(683, '76ª – CAMBÉ', 'CIRETRAN'),
(684, '77ª – CENTENÁRIO DO SUL', 'CIRETRAN'),
(685, '78ª – WENCESLAU BRÁZ', 'CIRETRAN'),
(686, '79ª – SÃO MATEUS DO SUL', 'CIRETRAN'),
(687, '80ª – CARAMBEÍ', 'CIRETRAN'),
(688, '81ª – MANDAGUARI', 'CIRETRAN'),
(689, '82ª – TERRA BOA', 'CIRETRAN'),
(690, '83ª – SANTA HELENA', 'CIRETRAN'),
(691, '84ª – CHOPINZINHO', 'CIRETRAN'),
(692, '85ª – QUEDAS DO IGUAÇU', 'CIRETRAN'),
(693, '92ª – REALEZA', 'CIRETRAN'),
(694, '93ª – MANGUEIRINHA', 'CIRETRAN'),
(695, '94ª – MARILÂNDIA DO SUL', 'CIRETRAN'),
(696, '95ª – ENGENHEIRO BELTRÃO', 'CIRETRAN'),
(697, '96ª – CLEVELÂNDIA', 'CIRETRAN'),
(698, '97ª – PRUDENTÓPOLIS', 'CIRETRAN'),
(699, '98ª – CATANDUVAS', 'CIRETRAN'),
(700, '99ª – GUARATUBA', 'CIRETRAN'),
(701, '100ª – RIBEIRÃO CLARO', 'CIRETRAN'),
(702, '101ª – RESERVA', 'CIRETRAN'),
(703, '13ª - MARINGÁ - PÁTIO DE VEÍCULOS', 'CIRETRAN'),
(704, '86ª - SARANDI', 'CIRETRAN'),
(705, '87ª – SERTANEJA', 'CIRETRAN'),
(706, '88ª – SIQUEIRA CAMPOS', 'CIRETRAN'),
(707, '89ª – SÃO JOSÉ DOS PINHAIS', 'CIRETRAN'),
(708, '90ª – NOVA AURORA', 'CIRETRAN'),
(709, '91ª – ICARAÍMA', 'CIRETRAN'),
(710, '03ª - PARANAGUÁ', 'CIRETRAN'),
(711, '06ª – GUARAPUAVA', 'CIRETRAN'),
(712, 'POSTO DE CAMPO MAGRO', 'CIRETRAN'),
(713, 'POSTO VILA HAUER', 'POSTO DE TRÂNSITO'),
(714, 'POSTO ALMIRANTE TAMANDARÉ', 'POSTO DE TRÂNSITO'),
(715, 'POSTO COLOMBO', 'POSTO DE TRÂNSITO'),
(716, 'POSTO CENTRAL CURITIBA', 'POSTO DE TRÂNSITO'),
(717, 'POSTO LONDRINA', 'POSTO DE TRÂNSITO'),
(718, 'POSTO CANDIDO DE ABREU', 'POSTO DE TRÂNSITO'),
(719, 'POSTO FAZENDA RIO GRANDE', 'POSTO DE TRÂNSITO'),
(720, 'POSTO RIO BRANCO DO SUL', 'POSTO DE TRÂNSITO'),
(721, 'COOAD', 'COORDENADORIA'),
(722, 'COFIN', 'COORDENADORIA'),
(723, 'COENG', 'COORDENADORIA'),
(724, 'COIA', 'COORDENADORIA'),
(725, 'COINF', 'COORDENADORIA'),
(726, 'COOGS', 'COORDENADORIA'),
(727, 'COOHA', 'COORDENADORIA'),
(728, 'COOJU', 'COORDENADORIA'),
(729, 'COORH', 'COORDENADORIA'),
(730, 'COOVE', 'COORDENADORIA'),
(731, 'COPET', 'COORDENADORIA'),
(732, 'COOGI - COORDENADORIA', 'COORDENADORIA'),
(733, '01ª - ESTOQUE - COOGI', 'SETOR'),
(734, '01ª - COOGI - SALA CELEPAR', 'SETOR'),
(735, '01ª – CURITIBA - TARUMÂ', 'SETOR'),
(736, 'PROTOCOLO GERAL ', 'SETOR'),
(737, 'PROVA TARUMA', 'SETOR'),
(738, 'ARQUIVO GERAL', 'SETOR'),
(739, 'ASSESSORIA COMUNICAÇÃO SOCIAL - ACS', 'SETOR'),
(740, 'ASSESSORIA MILITAR', 'SETOR'),
(741, 'ASSESSORIA TECNICA - DG - AJU ', 'SETOR'),
(742, 'ASSOCIAÇÃO DETRAN', 'SETOR'),
(743, 'ATENDIMENTO PARTICULAR', 'SETOR'),
(744, 'AUDITÓRIO', 'SETOR'),
(745, 'BANCA EXAMINADORA', 'SETOR'),
(746, 'BIOMETRIA', 'SETOR'),
(747, 'BLOCO A RECEPÇÃO', 'SETOR'),
(748, 'BLOCO F RECEPÇÃO', 'SETOR'),
(749, 'CETRAN', 'SETOR'),
(750, 'CFC', 'SETOR'),
(751, 'CHEFE 1ª CIRETRAN', 'SETOR'),
(752, 'COMISSAO DE LEILAO', 'SETOR'),
(753, 'DAF – DIRETORIA ADMINISTRATIVA FINANCEIRA', 'SETOR'),
(754, 'DESPACHANTE', 'SETOR'),
(755, 'DIRETORIA GERAL', 'SETOR'),
(756, 'DGP – DIRETORIA DE GESTÃO DE PESSOAS', 'SETOR'),
(757, 'DIMP', 'SETOR'),
(758, 'DOP – DIRETORIA DE OPERAÇÕES', 'SETOR'),
(759, 'DTD – DIRETORIA DA TEC E DESENVOLVIMENTO', 'SETOR'),
(760, 'EPT - ESCOLA PUBLICA DE TRÂNSITO', 'SETOR'),
(761, 'ESTUDIO EAD', 'SETOR'),
(762, 'MALOTE', 'SETOR'),
(763, 'MATERIAIS', 'SETOR'),
(765, 'NUD - NÚCLEO DE UNIDADES', 'SETOR'),
(766, 'OUVIDORIA', 'SETOR'),
(767, 'PATIO DE VEICULOS', 'SETOR'),
(768, 'PATRIMONIO - ADMINISTRATIVO', 'SETOR'),
(769, 'PATRIMONIO - DEPOSITO', 'SETOR'),
(770, 'PLANEJAMENTO', 'SETOR'),
(771, 'RECICLAGEM BLOCO F', 'SETOR'),
(772, 'RECURSO DE MULTAS', 'SETOR'),
(773, 'REVISAO DE HABILITAÇAO', 'SETOR'),
(774, 'SEGURANÇA', 'SETOR'),
(775, 'TRANSPORTE', 'SETOR'),
(776, 'TRIBUNAL DE CONTAS', 'SETOR'),
(777, 'VISTORIA', 'SETOR'),
(778, 'JARI - JUNTA ADM RECURSOS INFRAÇÕES', 'SETOR'),
(781, 'LIMPEZA', 'SETOR'),
(782, 'REVISÃO DE VEÍCULO', 'SETOR'),
(783, 'JUMP', 'SETOR'),
(784, 'ENTREGA DE DOCUMENTO', 'SETOR'),
(786, 'DG - INTELIGENCIA', 'SETOR'),
(787, 'GABINETE - DG', 'SETOR'),
(788, 'CHEFIA DE GABINETE', 'SETOR'),
(789, 'ANTHEUS', 'OUTROS'),
(790, 'CELEPAR-COSIN-D1 ', 'OUTROS'),
(791, 'CELEPAR-COTPS', 'OUTROS'),
(792, 'CELEPAR-DATACENTER', 'OUTROS'),
(793, 'CELEPAR-GTIC', 'OUTROS'),
(808, 'CELEPAR-CODEC', 'OUTROS'),
(809, 'POLICIA CIENTIFICA DO PARANA', 'OUTROS'),
(810, 'COPEL TELECOM', 'OUTROS');

-- --------------------------------------------------------

--
-- Estrutura da tabela `logsistema`
--

CREATE TABLE `logsistema` (
  `idLog` int(11) NOT NULL,
  `data` varchar(10) DEFAULT NULL,
  `atividade` varchar(300) DEFAULT NULL,
  `usuario` varchar(100) DEFAULT NULL
) ENGINE=InnoDB DEFAULT CHARSET=utf8mb4;

--
-- Extraindo dados da tabela `logsistema`
--

INSERT INTO `logsistema` (`idLog`, `data`, `atividade`, `usuario`) VALUES
(1, '26-11-2021', 'Novo Emprestimo, para: ADENILSON CATUZO DA SILVA  , aparelho: SMARTPHONES , imei: 352403090235367 chip: 89550644139000020566', 'OTONIEL AMANCIO ALVES'),
(2, '26-11-2021', 'Alterar Emprestimo, para: SANTA MARGARIDA LOPES ROSSANO , aparelho: SMARTPHONES chip: 89550644139000020533', 'OTONIEL AMANCIO ALVES'),
(3, '26-11-2021', 'Alterada celular: 352403090245952', 'OTONIEL AMANCIO ALVES'),
(4, '26-11-2021', 'Alterada celular: 352403090211210', 'OTONIEL AMANCIO ALVES'),
(5, '26-11-2021', 'Alterada celular: 352403090216763', 'OTONIEL AMANCIO ALVES'),
(6, '26-11-2021', 'Alterada celular: 352403090233990', 'OTONIEL AMANCIO ALVES'),
(7, '26-11-2021', 'Alterada celular: 352403090241886', 'OTONIEL AMANCIO ALVES'),
(8, '26-11-2021', 'Alterada celular: 352403090234717', 'OTONIEL AMANCIO ALVES'),
(9, '26-11-2021', 'Excluído celular: 352403090388463', 'OTONIEL AMANCIO ALVES'),
(10, '26-11-2021', 'Alterada celular: 352403090240516', 'OTONIEL AMANCIO ALVES'),
(11, '26-11-2021', 'Excluído celular: 352403090218595', 'OTONIEL AMANCIO ALVES'),
(12, '26-11-2021', 'Alterada celular: 352403090218595', 'OTONIEL AMANCIO ALVES'),
(13, '26-11-2021', 'Alterada celular: 352403090245929', 'OTONIEL AMANCIO ALVES'),
(14, '26-11-2021', 'Alterada celular: 352404090238252', 'OTONIEL AMANCIO ALVES'),
(15, '26-11-2021', 'Alterada celular: 352403090389339', 'OTONIEL AMANCIO ALVES'),
(16, '26-11-2021', 'Alterada celular: 352403090234618', 'OTONIEL AMANCIO ALVES'),
(17, '29-11-2021', 'Alterar funcionário: DIOGO VICENTE GALLEGO', 'OTONIEL AMANCIO ALVES'),
(18, '29-11-2021', 'Novo Emprestimo, para: DIOGO VICENTE GALLEGO , aparelho: SMARTPHONES , imei: 352403090236266 chip: 89550644139000020574', 'OTONIEL AMANCIO ALVES'),
(19, '29-11-2021', 'Receber Emprestimo, código: 65', 'OTONIEL AMANCIO ALVES'),
(20, '29-11-2021', 'Excluído Emprestimo, código: 65', 'OTONIEL AMANCIO ALVES'),
(21, '29-11-2021', 'Novo Emprestimo, para: DIOGO VICENTE GALLEGO , aparelho: SMARTPHONES , imei: 352403090236266 chip: 89550644139000020574', 'OTONIEL AMANCIO ALVES'),
(22, '29-11-2021', 'Novo Emprestimo, para: EVERTON FRANCISCO DA SILVA MELHADO , aparelho: SMARTPHONES , imei: 352403090245952 chip: 89550644139000020475', 'OTONIEL AMANCIO ALVES'),
(23, '29-11-2021', 'Novo Emprestimo, para: GUSTAVO ANTONIO MORAES DE JESUS , aparelho: SMARTPHONES , imei: 352403090234758 chip: 89550644139000020913', 'OTONIEL AMANCIO ALVES'),
(24, '29-11-2021', 'Novo Emprestimo, para: MAGNUS TADEU LEON BORDES , aparelho: SMARTPHONES , imei: 352403090246380 chip: 89550644139000020921', 'OTONIEL AMANCIO ALVES'),
(25, '29-11-2021', 'Novo Emprestimo, para: JULIO CESAR GONÇALVES , aparelho: SMARTPHONES , imei: 352403090235870 chip: 89550644139000020483', 'OTONIEL AMANCIO ALVES'),
(26, '29-11-2021', 'Cadatrado novo funcionário: CARLOS HENRIQUE MULLER ZIVIANI', 'OTONIEL AMANCIO ALVES'),
(27, '29-11-2021', 'Cadastrar nova usuario: EUNICE MARY MUNHOZ DE MORAES', 'OTONIEL AMANCIO ALVES'),
(28, '09-12-2021', 'Reemitir termo:69', 'OTONIEL AMANCIO ALVES'),
(29, '09-12-2021', 'Reemitir termo:68', 'OTONIEL AMANCIO ALVES'),
(35, '06-01-2022', 'Cadatrado nova marca: XIAOMI POCO X3', 'OTONIEL AMANCIO ALVES'),
(36, '06-01-2022', 'Excluído celular: 867549059882520', 'OTONIEL AMANCIO ALVES'),
(37, '06-01-2022', 'Excluído celular: 867549059905008', 'OTONIEL AMANCIO ALVES'),
(38, '06-01-2022', 'Excluído celular: 864012053155420', 'OTONIEL AMANCIO ALVES'),
(39, '06-01-2022', 'Excluído celular: 869819050505349', 'OTONIEL AMANCIO ALVES'),
(40, '06-01-2022', 'Excluído celular: 864012054199187', 'OTONIEL AMANCIO ALVES'),
(41, '06-01-2022', 'Excluído celular: 864012054203989', 'OTONIEL AMANCIO ALVES'),
(42, '06-01-2022', 'Excluído celular: 863667057180723', 'OTONIEL AMANCIO ALVES'),
(43, '06-01-2022', 'Excluído celular: 864012053141685', 'OTONIEL AMANCIO ALVES'),
(44, '06-01-2022', 'Excluído celular: 867549059941243', 'OTONIEL AMANCIO ALVES'),
(45, '06-01-2022', 'Excluído celular: 861359052079629', 'OTONIEL AMANCIO ALVES'),
(46, '06-01-2022', 'Excluído celular: 863667056753801', 'OTONIEL AMANCIO ALVES'),
(47, '06-01-2022', 'Excluído celular: 867549059915122', 'OTONIEL AMANCIO ALVES'),
(48, '06-01-2022', 'Excluído celular: 863667056735964', 'OTONIEL AMANCIO ALVES'),
(49, '06-01-2022', 'Excluído celular: 861359052070669', 'OTONIEL AMANCIO ALVES'),
(50, '06-01-2022', 'Excluído celular: 861359052082946', 'OTONIEL AMANCIO ALVES'),
(51, '06-01-2022', 'Excluído celular: 863667057058440', 'OTONIEL AMANCIO ALVES'),
(52, '06-01-2022', 'Excluído celular: 863667057201941', 'OTONIEL AMANCIO ALVES'),
(53, '06-01-2022', 'Excluído celular: 864012053141347', 'OTONIEL AMANCIO ALVES'),
(54, '06-01-2022', 'Excluído celular: 863667057260442', 'OTONIEL AMANCIO ALVES'),
(55, '06-01-2022', 'Excluído celular: 867549059891489', 'OTONIEL AMANCIO ALVES'),
(56, '06-01-2022', 'Excluído celular: 867549059883627', 'OTONIEL AMANCIO ALVES'),
(57, '06-01-2022', 'Excluído celular: 866996057433544', 'OTONIEL AMANCIO ALVES'),
(58, '06-01-2022', 'Excluído celular: 864012054195169', 'OTONIEL AMANCIO ALVES'),
(59, '06-01-2022', 'Excluído celular: 861440053968281', 'OTONIEL AMANCIO ALVES'),
(60, '06-01-2022', 'Excluído celular: 861440054010646', 'OTONIEL AMANCIO ALVES'),
(61, '06-01-2022', 'Excluído celular: 864012054229182', 'OTONIEL AMANCIO ALVES'),
(62, '06-01-2022', 'Excluído celular: 861359050193729', 'OTONIEL AMANCIO ALVES'),
(63, '06-01-2022', 'Excluído celular: 867549059905628', 'OTONIEL AMANCIO ALVES'),
(64, '06-01-2022', 'Excluído celular: 861359050143567', 'OTONIEL AMANCIO ALVES'),
(65, '06-01-2022', 'Excluído celular: 864012054215728', 'OTONIEL AMANCIO ALVES'),
(66, '06-01-2022', 'Excluído celular: 861359050187127', 'OTONIEL AMANCIO ALVES'),
(67, '06-01-2022', 'Excluído celular: 868140052269227', 'OTONIEL AMANCIO ALVES'),
(68, '06-01-2022', 'Excluído celular: 869236056289069', 'OTONIEL AMANCIO ALVES'),
(69, '06-01-2022', 'Excluído celular: 867549059888527', 'OTONIEL AMANCIO ALVES'),
(70, '06-01-2022', 'Excluído celular: 863667057569800', 'OTONIEL AMANCIO ALVES'),
(71, '06-01-2022', 'Excluído celular: 864012053140505', 'OTONIEL AMANCIO ALVES'),
(72, '06-01-2022', 'Excluído celular: 869236056289440', 'OTONIEL AMANCIO ALVES'),
(73, '06-01-2022', 'Excluído celular: 869236057924409', 'OTONIEL AMANCIO ALVES'),
(74, '06-01-2022', 'Excluído celular: 864012053139325', 'OTONIEL AMANCIO ALVES'),
(75, '06-01-2022', 'Excluído celular: 864012053145686', 'OTONIEL AMANCIO ALVES'),
(76, '06-01-2022', 'Excluído celular: 867549059906485', 'OTONIEL AMANCIO ALVES'),
(77, '06-01-2022', 'Excluído celular: 863667057256903', 'OTONIEL AMANCIO ALVES'),
(78, '06-01-2022', 'Excluído celular: 861359052084108', 'OTONIEL AMANCIO ALVES'),
(79, '06-01-2022', 'Excluído celular: 861359052083365', 'OTONIEL AMANCIO ALVES'),
(80, '06-01-2022', 'Alterada celular: 864012054195169', 'OTONIEL AMANCIO ALVES'),
(81, '06-01-2022', 'Reemitir termo:70', 'FARID GELASCO MALSCHITZKY'),
(82, '06-01-2022', 'Alterar Emprestimo, para: MAGNUS TADEU LEON BORDES , aparelho: SMARTPHONES , imei: 352403090246380 chip: 89550644139000020921', 'OTONIEL AMANCIO ALVES'),
(83, '06-01-2022', 'Alterar Emprestimo, para: JULIO CESAR GONÇALVES , aparelho: SMARTPHONES , imei: 352403090235870 chip: 89550644139000020483', 'OTONIEL AMANCIO ALVES'),
(84, '06-01-2022', 'Alterar Emprestimo, para: JULIO CESAR GONÇALVES , aparelho: SMARTPHONES , imei: 352403090235870 chip: 89550644139000020483', 'OTONIEL AMANCIO ALVES'),
(85, '06-01-2022', 'Alterar Emprestimo, para: JULIO CESAR GONÇALVES , aparelho: SMARTPHONES , imei: 352403090235870 chip: 89550644139000020483', 'OTONIEL AMANCIO ALVES'),
(86, '07-01-2022', 'Reemitir termo:70', 'OTONIEL AMANCIO ALVES'),
(87, '10-01-2022', 'Cadatrado chip: 89550641239', 'FARID GELASCO MALSCHITZKY'),
(88, '10-01-2022', 'Alterada chip: 895506412399', 'OTONIEL AMANCIO ALVES'),
(89, '10-01-2022', 'Alterada chip: 89550641239', 'OTONIEL AMANCIO ALVES'),
(90, '10-01-2022', 'Alterada chip: 8955064123900004562239', 'OTONIEL AMANCIO ALVES'),
(91, '10-01-2022', 'Alterada chip: 8955064123900004562239', 'OTONIEL AMANCIO ALVES'),
(92, '10-01-2022', 'Excluído chip: 89550641239', 'OTONIEL AMANCIO ALVES'),
(93, '10-01-2022', 'Novo Emprestimo, para: TANIA MARA ASSUMPÇÃO DE OLIVEIRA , aparelho: SMARTPHONES , imei: 352403090234022 chip: 8955064123900004562239', 'FARID GELASCO MALSCHITZKY'),
(94, '10-01-2022', 'Receber Emprestimo, código: 71', 'FARID GELASCO MALSCHITZKY'),
(95, '10-01-2022', 'Reemitir termo:71', 'FARID GELASCO MALSCHITZKY'),
(96, '10-01-2022', 'Reemitir termo:71', 'OTONIEL AMANCIO ALVES'),
(97, '10-01-2022', 'Reemitir termo:71', 'OTONIEL AMANCIO ALVES'),
(98, '10-01-2022', 'Reemitir termo:71', 'OTONIEL AMANCIO ALVES'),
(99, '10-01-2022', 'Reemitir termo:70', 'OTONIEL AMANCIO ALVES'),
(100, '10-01-2022', 'Reemitir termo:71', 'OTONIEL AMANCIO ALVES'),
(101, '10-01-2022', 'Reemitir termo:69', 'OTONIEL AMANCIO ALVES'),
(102, '10-01-2022', 'Reemitir termo:71', 'OTONIEL AMANCIO ALVES'),
(103, '10-01-2022', 'Reemitir termo:71', 'OTONIEL AMANCIO ALVES'),
(104, '10-01-2022', 'Reemitir termo:70', 'OTONIEL AMANCIO ALVES'),
(105, '10-01-2022', 'Reemitir termo:71', 'OTONIEL AMANCIO ALVES'),
(106, '10-01-2022', 'Reemitir termo:71', 'FARID GELASCO MALSCHITZKY'),
(107, '10-01-2022', 'Reemitir termo:62', 'FARID GELASCO MALSCHITZKY'),
(108, '10-01-2022', 'Reemitir termo:62', 'FARID GELASCO MALSCHITZKY'),
(109, '10-01-2022', 'Reemitir termo:71', 'OTONIEL AMANCIO ALVES'),
(110, '10-01-2022', 'Reemitir termo:70', 'OTONIEL AMANCIO ALVES'),
(111, '10-01-2022', 'Reemitir termo:69', 'OTONIEL AMANCIO ALVES'),
(112, '10-01-2022', 'Reemitir termo:71', 'OTONIEL AMANCIO ALVES'),
(113, '10-01-2022', 'Reemitir termo:68', 'OTONIEL AMANCIO ALVES'),
(114, '11-01-2022', 'Reemitir termo:70', 'OTONIEL AMANCIO ALVES'),
(115, '11-01-2022', 'Reemitir termo:63', 'OTONIEL AMANCIO ALVES'),
(116, '11-01-2022', 'Reemitir termo:71', 'FARID GELASCO MALSCHITZKY'),
(117, '11-01-2022', 'Excluído Emprestimo, código: 71', 'FARID GELASCO MALSCHITZKY'),
(118, '11-01-2022', 'Novo Emprestimo, para: TANIA MARA ASSUMPÇÃO DE OLIVEIRA , aparelho:  , imei:  chip: 8955064123900004562239', 'FARID GELASCO MALSCHITZKY'),
(119, '11-01-2022', 'Reemitir termo:72', 'OTONIEL AMANCIO ALVES'),
(120, '11-01-2022', 'Reemitir termo:70', 'OTONIEL AMANCIO ALVES'),
(121, '11-01-2022', 'Reemitir termo:72', 'OTONIEL AMANCIO ALVES'),
(122, '11-01-2022', 'Reemitir termo:70', 'OTONIEL AMANCIO ALVES'),
(123, '11-01-2022', 'Reemitir termo:72', 'OTONIEL AMANCIO ALVES'),
(124, '11-01-2022', 'Reemitir termo:72', 'OTONIEL AMANCIO ALVES'),
(125, '11-01-2022', 'Cadatrado chip: 89550641139000041698', 'FARID GELASCO MALSCHITZKY'),
(126, '11-01-2022', 'Excluído celular: 352403090389669', 'FARID GELASCO MALSCHITZKY'),
(127, '11-01-2022', 'Cadatrado novo funcionário: JULIO CESAR PACHECO DOS SANTOS', 'FARID GELASCO MALSCHITZKY'),
(128, '11-01-2022', 'Novo Emprestimo, para: JULIO CESAR PACHECO DOS SANTOS , aparelho: SMARTPHONES , imei: 352403090389669 chip: 89550641139000041698', 'FARID GELASCO MALSCHITZKY'),
(129, '11-01-2022', 'Reemitir termo:73', 'FARID GELASCO MALSCHITZKY'),
(130, '11-01-2022', 'Reemitir termo:73', 'FARID GELASCO MALSCHITZKY'),
(131, '11-01-2022', 'Reemitir termo:73', 'OTONIEL AMANCIO ALVES'),
(132, '11-01-2022', 'Alterar Emprestimo, para: JULIO CESAR PACHECO DOS SANTOS , aparelho: SMARTPHONES , imei: 352403090389669 chip: 89550641139000041698', 'OTONIEL AMANCIO ALVES'),
(133, '11-01-2022', 'Reemitir termo:73', 'OTONIEL AMANCIO ALVES'),
(134, '11-01-2022', 'Alterada chip: 89550641139000041698', 'FARID GELASCO MALSCHITZKY'),
(135, '12-01-2022', 'Novo Emprestimo, para: EUNOQUE SALUSTIANO DE MELLO , aparelho: SMARTPHONES , imei: 867549059905008 chip: 89550641239000128006', 'FARID GELASCO MALSCHITZKY'),
(136, '12-01-2022', 'Excluído chip: 89550641139000041938', 'FARID GELASCO MALSCHITZKY'),
(137, '12-01-2022', 'Cadatrado novo funcionário: JOSE CORDEIRO', 'FARID GELASCO MALSCHITZKY'),
(138, '12-01-2022', 'Novo Emprestimo, para: JOSE CORDEIRO , aparelho: SMARTPHONES , imei: 864012053141685 chip: 89550641139000041938', 'FARID GELASCO MALSCHITZKY'),
(139, '12-01-2022', 'Cadatrado chip: 89550641139000041631', 'FARID GELASCO MALSCHITZKY'),
(140, '12-01-2022', 'Cadatrado novo funcionário: MARCELO RUMOR', 'FARID GELASCO MALSCHITZKY'),
(141, '12-01-2022', 'Novo Emprestimo, para: MARCELO RUMOR , aparelho: SMARTPHONES , imei: 864012053155420 chip: 89550641139000041631', 'FARID GELASCO MALSCHITZKY'),
(142, '13-01-2022', 'Reemitir termo:76', 'OTONIEL AMANCIO ALVES'),
(143, '13-01-2022', 'Alterar Emprestimo, para: JULIO CESAR GONÇALVES , aparelho: SMARTPHONES , imei: 352403090235870 chip: 89550644139000020483', 'OTONIEL AMANCIO ALVES'),
(144, '13-01-2022', 'Reemitir termo:70', 'OTONIEL AMANCIO ALVES'),
(145, '13-01-2022', 'Reemitir termo:76', 'OTONIEL AMANCIO ALVES'),
(146, '13-01-2022', 'Alterar Emprestimo, para: MARCELO RUMOR , aparelho: SMARTPHONES , imei: 864012053155420 chip: 89550641139000041631', 'FARID GELASCO MALSCHITZKY'),
(147, '13-01-2022', 'Alterar Emprestimo, para: MARCELO RUMOR , aparelho: SMARTPHONES , imei: 864012053155420 chip: 89550641139000041631', 'FARID GELASCO MALSCHITZKY'),
(148, '13-01-2022', 'Alterar Emprestimo, para: JOSE CORDEIRO , aparelho: SMARTPHONES , imei: 864012053141685 chip: 89550641139000041938', 'OTONIEL AMANCIO ALVES'),
(149, '13-01-2022', 'Alterada chip: 89550641239000045622', 'FARID GELASCO MALSCHITZKY'),
(150, '13-01-2022', 'Alterada chip: 89550644139000020533', 'FARID GELASCO MALSCHITZKY'),
(151, '13-01-2022', 'Alterada chip: 89550644139000020533', 'FARID GELASCO MALSCHITZKY'),
(152, '13-01-2022', 'Cadatrado novo funcionário: ANDERSON THIAGO ATANAZO', 'FARID GELASCO MALSCHITZKY'),
(153, '13-01-2022', 'Cadatrado novo funcionário: IVAN DANIEL DE JESUS CUNHA', 'FARID GELASCO MALSCHITZKY'),
(154, '13-01-2022', 'Cadatrado chip: 89550641139000041821', 'FARID GELASCO MALSCHITZKY'),
(155, '13-01-2022', 'Novo Emprestimo, para: ANDERSON THIAGO ATANAZO , aparelho: SMARTPHONES , imei: 864012054203989 chip: 89550641239000146081', 'FARID GELASCO MALSCHITZKY'),
(156, '13-01-2022', 'Novo Emprestimo, para: IVAN DANIEL DE JESUS CUNHA , aparelho: SMARTPHONES , imei: 867549059882520 chip: 89550644139000020764', 'FARID GELASCO MALSCHITZKY'),
(157, '13-01-2022', 'Novo Emprestimo, para: CARLOS GELSON SUOTA , aparelho: SMARTPHONES , imei: 864012054199187 chip: 89550641139000041821', 'FARID GELASCO MALSCHITZKY'),
(158, '13-01-2022', 'Reemitir termo:79', 'OTONIEL AMANCIO ALVES'),
(159, '14-01-2022', 'Reemitir termo:77', 'FARID GELASCO MALSCHITZKY'),
(160, '14-01-2022', 'Alterar Emprestimo, para: CARLOS GELSON SUOTA , aparelho: SMARTPHONES , imei: 864012054199187 chip: 18.523.554-8', 'OTONIEL AMANCIO ALVES'),
(161, '14-01-2022', 'Alterar Emprestimo, para: IVAN DANIEL DE JESUS CUNHA , aparelho: SMARTPHONES , imei: 867549059882520 chip: 18.523.523-8', 'OTONIEL AMANCIO ALVES'),
(162, '14-01-2022', 'Alterar Emprestimo, para: ANDERSON THIAGO ATANAZO , aparelho: SMARTPHONES , imei: 864012054203989 chip: 18.523.441-0', 'OTONIEL AMANCIO ALVES'),
(163, '14-01-2022', 'Alterar Emprestimo, para: MARCELO RUMOR , aparelho: SMARTPHONES , imei: 864012053155420 chip: 18.517.673-8', 'OTONIEL AMANCIO ALVES'),
(164, '14-01-2022', 'Alterar Emprestimo, para: JOSE CORDEIRO , aparelho: SMARTPHONES , imei: 864012053141685 chip: 18.517.533-2', 'OTONIEL AMANCIO ALVES'),
(165, '14-01-2022', 'Alterar Emprestimo, para: EUNOQUE SALUSTIANO DE MELLO , aparelho: SMARTPHONES , imei: 867549059905008 chip: 18.515.273-1', 'OTONIEL AMANCIO ALVES'),
(166, '14-01-2022', 'Alterar Emprestimo, para: JULIO CESAR PACHECO DOS SANTOS , aparelho: SMARTPHONES , imei: 352403090389669 chip: 18.513.650-7', 'OTONIEL AMANCIO ALVES'),
(167, '14-01-2022', 'Alterar Emprestimo, para: TANIA MARA ASSUMPÇÃO DE OLIVEIRA , aparelho:  , imei:  chip: 18.507.558-3', 'OTONIEL AMANCIO ALVES'),
(168, '14-01-2022', 'Cadatrado novo funcionário: FLAVIO GAIER', 'FARID GELASCO MALSCHITZKY'),
(169, '14-01-2022', 'Novo Emprestimo, para: FLAVIO GAIER , aparelho: SMARTPHONES , imei: 861359052079629 chip: 89.550.641-2', 'FARID GELASCO MALSCHITZKY'),
(170, '14-01-2022', 'Cadatrado novo funcionário: DANIEL SUTIL DE OLIVEIRA', 'FARID GELASCO MALSCHITZKY'),
(171, '14-01-2022', 'Novo Emprestimo, para: DANIEL SUTIL DE OLIVEIRA , aparelho: SMARTPHONES , imei: 869819050505349 chip: 18.525.947-1', 'FARID GELASCO MALSCHITZKY'),
(172, '14-01-2022', 'Reemitir termo:81', 'OTONIEL AMANCIO ALVES'),
(173, '14-01-2022', 'Reemitir termo:80', 'OTONIEL AMANCIO ALVES'),
(174, '14-01-2022', 'Cadatrado chip: 89550641139000041474', 'FARID GELASCO MALSCHITZKY'),
(175, '14-01-2022', 'Cadatrado novo funcionário: DANIEL ALVES DOS SANTOS', 'FARID GELASCO MALSCHITZKY'),
(176, '14-01-2022', 'Novo Emprestimo, para: DANIEL ALVES DOS SANTOS , aparelho: SMARTPHONES , imei: 863667057180723 chip: 18.526.409-2', 'FARID GELASCO MALSCHITZKY'),
(177, '17-01-2022', 'Cadatrado novo funcionário: VALDIR PEREIRA DE FREITAS', 'FARID GELASCO MALSCHITZKY'),
(178, '17-01-2022', 'Novo Emprestimo, para: VALDIR PEREIRA DE FREITAS , aparelho: SMARTPHONES , imei: 867549059941243 chip: 18.529.768-3', 'FARID GELASCO MALSCHITZKY'),
(179, '17-01-2022', 'Cadatrado novo funcionário: FARID GELASCO MALSCHITZKY', 'FARID GELASCO MALSCHITZKY'),
(180, '17-01-2022', 'Alterar funcionário: VALDIR PEREIRA DE FREITAS', 'FARID GELASCO MALSCHITZKY'),
(181, '17-01-2022', 'Cadatrado novo funcionário: CARLOS ALBERTO BRITO', 'FARID GELASCO MALSCHITZKY'),
(182, '17-01-2022', 'Novo Emprestimo, para: CARLOS ALBERTO BRITO , aparelho: SMARTPHONES , imei: 861440053968281 chip: 18.531.677-7', 'FARID GELASCO MALSCHITZKY'),
(183, '17-01-2022', 'Cadastrar nova usuario: FERNANDO MAURICIO IMTHURM', 'OTONIEL AMANCIO ALVES'),
(184, '17-01-2022', 'Alterada usuario: FERNANDO MAURICIO IMTHURM', 'OTONIEL AMANCIO ALVES'),
(185, '17-01-2022', 'Alterada chip: 89550641239000146156', 'FERNANDO MAURICIO IMTHURM'),
(186, '17-01-2022', 'Excluído celular: 352095090910781', 'FERNANDO MAURICIO IMTHURM'),
(187, '17-01-2022', 'Cadatrado novo funcionário: FERNANDO MAURICIO IMTHURM', 'FERNANDO MAURICIO IMTHURM'),
(188, '17-01-2022', 'Cadastrar nova usuario: JOÃO PEDRO', 'OTONIEL AMANCIO ALVES'),
(189, '17-01-2022', 'Novo Emprestimo, para: FERNANDO MAURICIO IMTHURM , aparelho: SMARTPHONES , imei: 352095090910781 chip: 89.550.641-2', 'FERNANDO MAURICIO IMTHURM'),
(190, '17-01-2022', 'Alterar Emprestimo, para: FERNANDO MAURICIO IMTHURM , aparelho: SMARTPHONES , imei: 352095090910781 chip: 18.533.039-7', 'FERNANDO MAURICIO IMTHURM'),
(191, '17-01-2022', 'Reemitir termo:85', 'FERNANDO MAURICIO IMTHURM'),
(192, '17-01-2022', 'Cadatrado chip: 7898602911205', 'FERNANDO MAURICIO IMTHURM'),
(193, '17-01-2022', 'Excluído chip: 7898602911205', 'FERNANDO MAURICIO IMTHURM'),
(194, '17-01-2022', 'Alterada chip: 89550641139000041136', 'FERNANDO MAURICIO IMTHURM'),
(195, '17-01-2022', 'Alterar Emprestimo, para: CARLOS ALBERTO BRITO , aparelho: SMARTPHONES , imei: 861440053968281 chip: 18.531.677-7', 'FERNANDO MAURICIO IMTHURM'),
(196, '17-01-2022', 'Reemitir termo:84', 'FERNANDO MAURICIO IMTHURM'),
(197, '18-01-2022', 'Reemitir termo:82', 'OTONIEL AMANCIO ALVES'),
(198, '18-01-2022', 'Reemitir termo:85', 'FARID GELASCO MALSCHITZKY'),
(199, '18-01-2022', 'Reemitir termo:81', 'OTONIEL AMANCIO ALVES'),
(200, '18-01-2022', 'Excluído chip: 89550641239000085982', 'FARID GELASCO MALSCHITZKY'),
(201, '18-01-2022', 'Novo Emprestimo, para: EDSON MAIA , aparelho: SMARTPHONES , imei: 863667056753801 chip: 18.536.839-4', 'FARID GELASCO MALSCHITZKY'),
(202, '19-01-2022', 'Alterada celular: 352403090246380', 'OTONIEL AMANCIO ALVES'),
(203, '19-01-2022', 'Alterada celular: 352095090910781', 'OTONIEL AMANCIO ALVES'),
(204, '19-01-2022', 'Alterada celular: 352403090389669', 'OTONIEL AMANCIO ALVES'),
(205, '19-01-2022', 'Alterada celular: 861440053968281', 'OTONIEL AMANCIO ALVES'),
(206, '19-01-2022', 'Alterada celular: 863667056753801', 'OTONIEL AMANCIO ALVES'),
(207, '19-01-2022', 'Alterada celular: 861359052079629', 'OTONIEL AMANCIO ALVES'),
(208, '19-01-2022', 'Alterada celular: 864012053141685', 'OTONIEL AMANCIO ALVES'),
(209, '19-01-2022', 'Alterada celular: 352403090235870', 'OTONIEL AMANCIO ALVES'),
(210, '19-01-2022', 'Alterada celular: 867549059882520', 'OTONIEL AMANCIO ALVES'),
(211, '19-01-2022', 'Alterada celular: 864012053155420', 'OTONIEL AMANCIO ALVES'),
(212, '19-01-2022', 'Alterada celular: 864012054199187', 'OTONIEL AMANCIO ALVES'),
(213, '19-01-2022', 'Alterada celular: 867549059905008', 'OTONIEL AMANCIO ALVES'),
(214, '19-01-2022', 'Alterada celular: 869819050505349', 'OTONIEL AMANCIO ALVES'),
(215, '19-01-2022', 'Alterada celular: 864012054203989', 'OTONIEL AMANCIO ALVES'),
(216, '19-01-2022', 'Alterada celular: 863667057180723', 'OTONIEL AMANCIO ALVES'),
(217, '19-01-2022', 'Alterada celular: 867549059941243', 'OTONIEL AMANCIO ALVES'),
(218, '19-01-2022', 'Cadatrado novo funcionário: ROOSEVELT MARCIO STAES', 'FERNANDO MAURICIO IMTHURM'),
(219, '19-01-2022', 'Cadatrado novo funcionário: IVO ANDRE MARTINS RODRIGUES', 'FERNANDO MAURICIO IMTHURM'),
(220, '19-01-2022', 'Cadatrado novo funcionário: FLAVIO WILLIAM PROPST', 'FERNANDO MAURICIO IMTHURM'),
(221, '19-01-2022', 'Novo Emprestimo, para: FLAVIO WILLIAM PROPST , aparelho: SMARTPHONES , imei: 861359052082946 chip:   .   .   - ', 'FERNANDO MAURICIO IMTHURM'),
(222, '19-01-2022', 'Novo Emprestimo, para: IVO ANDRE MARTINS RODRIGUES , aparelho: SMARTPHONES , imei: 866996057433544 chip:   .   .   - ', 'FERNANDO MAURICIO IMTHURM'),
(223, '20-01-2022', 'Reemitir termo:87', 'OTONIEL AMANCIO ALVES'),
(224, '20-01-2022', 'Reemitir termo:81', 'OTONIEL AMANCIO ALVES'),
(225, '20-01-2022', 'Alterar Emprestimo, para: FLAVIO WILLIAM PROPST , aparelho: SMARTPHONES , imei: 861359052082946 chip: 18.542.918-0', 'FERNANDO MAURICIO IMTHURM'),
(226, '20-01-2022', 'Alterar Emprestimo, para: IVO ANDRE MARTINS RODRIGUES , aparelho: SMARTPHONES , imei: 866996057433544 chip: 18.543.002-2', 'FERNANDO MAURICIO IMTHURM'),
(227, '20-01-2022', 'Cadatrado novo funcionário: MARCELO DANTAS LEITE', 'FERNANDO MAURICIO IMTHURM'),
(228, '20-01-2022', 'Cadatrado novo funcionário: CLAUDIOMIRO GARBIN', 'FERNANDO MAURICIO IMTHURM'),
(229, '20-01-2022', 'Novo Emprestimo, para: MARCELO DANTAS LEITE , aparelho: SMARTPHONES , imei: 861359052084108 chip: 18.548.024-0', 'FERNANDO MAURICIO IMTHURM'),
(230, '21-01-2022', 'Novo Emprestimo, para: CLAUDIOMIRO GARBIN , aparelho: SMARTPHONES , imei: 869236057924409 chip: 18.549.175-7', 'FERNANDO MAURICIO IMTHURM'),
(231, '21-01-2022', 'Alterada chip: 89550644139000020418', 'OTONIEL AMANCIO ALVES'),
(232, '21-01-2022', 'Alterada chip: 89550641139000041052', 'OTONIEL AMANCIO ALVES'),
(233, '21-01-2022', 'Alterada chip: 89550640439003724055', 'OTONIEL AMANCIO ALVES'),
(234, '21-01-2022', 'Cadatrado nova marca: SAMSUNG GALAXY A32', 'OTONIEL AMANCIO ALVES'),
(235, '21-01-2022', 'Excluído celular: 350784342242489', 'OTONIEL AMANCIO ALVES'),
(236, '21-01-2022', 'Novo Emprestimo, para: CAMILA REGINA FURLAN , aparelho: SMARTPHONES , imei: 861359052083365 chip:   .   .   - ', 'OTONIEL AMANCIO ALVES'),
(237, '21-01-2022', 'Novo Emprestimo, para: CAMILA REGINA FURLAN , aparelho: SMARTPHONES , imei: 350784342242489 chip:   .   .   - ', 'OTONIEL AMANCIO ALVES'),
(238, '21-01-2022', 'Reemitir termo:84', 'FARID GELASCO MALSCHITZKY'),
(239, '21-01-2022', 'Cadatrado novo funcionário: MAURI VIEIRA', 'FERNANDO MAURICIO IMTHURM'),
(240, '21-01-2022', 'Cadatrado novo funcionário: JONATHAN SIQUEIRA RODRIGUES', 'FERNANDO MAURICIO IMTHURM'),
(241, '21-01-2022', 'Novo Emprestimo, para: JONATHAN SIQUEIRA RODRIGUES , aparelho: SMARTPHONES , imei: 861359050143567 chip: 18.550.191-4', 'FERNANDO MAURICIO IMTHURM'),
(242, '21-01-2022', 'Novo Emprestimo, para: MAURI VIEIRA , aparelho: SMARTPHONES , imei: 869236056289069 chip: 18.550.327-5', 'FERNANDO MAURICIO IMTHURM'),
(243, '21-01-2022', 'Reemitir termo:90', 'OTONIEL AMANCIO ALVES'),
(244, '21-01-2022', 'Alterar funcionário: BIANCA CARVALHO DORNELLES DA GRAÇA', 'OTONIEL AMANCIO ALVES'),
(245, '21-01-2022', 'Alterar Emprestimo, para: CAMILA REGINA FURLAN , aparelho: SMARTPHONES , imei: 350784342242489 chip:   .   .   - ', 'OTONIEL AMANCIO ALVES'),
(246, '25-01-2022', 'Alterado categoria: SMARTPHONE', 'OTONIEL AMANCIO ALVES'),
(247, '25-01-2022', 'Reemitir termo:76', 'FARID GELASCO MALSCHITZKY'),
(248, '25-01-2022', 'Alterada usuario: JOÃO PEDRO', 'FARID GELASCO MALSCHITZKY'),
(338, '26-01-2022', 'Reemitir termo:72', 'OTONIEL AMANCIO ALVES'),
(339, '26-01-2022', 'Reemitir termo:81', 'OTONIEL AMANCIO ALVES'),
(340, '26-01-2022', 'Reemitir termo:88', 'OTONIEL AMANCIO ALVES'),
(341, '26-01-2022', 'Reemitir termo:92', 'OTONIEL AMANCIO ALVES'),
(342, '26-01-2022', 'Reemitir termo:90', 'OTONIEL AMANCIO ALVES'),
(343, '26-01-2022', 'Reemitir termo:73', 'OTONIEL AMANCIO ALVES'),
(344, '26-01-2022', 'Reemitir termo:92', 'OTONIEL AMANCIO ALVES'),
(345, '26-01-2022', 'Reemitir termo:73', 'OTONIEL AMANCIO ALVES'),
(346, '26-01-2022', 'Alterar Emprestimo, para: JONATHAN SIQUEIRA RODRIGUES , aparelho: SMARTPHONE , imei: 861359050143567 chip: 18.550.191-4', 'OTONIEL AMANCIO ALVES'),
(347, '26-01-2022', 'Reemitir termo:94', 'OTONIEL AMANCIO ALVES'),
(348, '26-01-2022', 'Alterar Emprestimo, para: JONATHAN SIQUEIRA RODRIGUES , aparelho: SMARTPHONE , imei: 861359050143567 chip: 18.550.191-4', 'OTONIEL AMANCIO ALVES'),
(349, '26-01-2022', 'Reemitir termo:93', 'OTONIEL AMANCIO ALVES'),
(350, '26-01-2022', 'Alterar Emprestimo, para: MAURI VIEIRA , aparelho: SMARTPHONE , imei: 869236056289069 chip: 18.550.327-5', 'OTONIEL AMANCIO ALVES'),
(351, '26-01-2022', 'Alterar Emprestimo, para: TANIA MARA ASSUMPÇÃO DE OLIVEIRA , aparelho:  , imei:  chip: 18.507.558-3', 'OTONIEL AMANCIO ALVES'),
(352, '26-01-2022', 'Alterar Emprestimo, para: TANIA MARA ASSUMPÇÃO DE OLIVEIRA , aparelho:  , imei:  chip: 18.507.558-3', 'OTONIEL AMANCIO ALVES'),
(353, '26-01-2022', 'Alterar Emprestimo, para: FERNANDO MAURICIO IMTHURM , aparelho: SMARTPHONE , imei: 352095090910781 chip: 18.533.039-7', 'OTONIEL AMANCIO ALVES'),
(354, '26-01-2022', 'Alterar Emprestimo, para: CAMILA REGINA FURLAN , aparelho: SMARTPHONE , imei: 350784342242489 chip:   .   .   - ', 'OTONIEL AMANCIO ALVES'),
(355, '26-01-2022', 'Alterar Emprestimo, para: CAMILA REGINA FURLAN , aparelho: SMARTPHONE , imei: 350784342242489 chip:   .   .   - ', 'OTONIEL AMANCIO ALVES'),
(356, '26-01-2022', 'Alterar Emprestimo, para: TANIA MARA ASSUMPÇÃO DE OLIVEIRA , aparelho:  , imei:  chip: 18.507.558-3', 'OTONIEL AMANCIO ALVES'),
(357, '26-01-2022', 'Reemitir termo:92', 'OTONIEL AMANCIO ALVES'),
(358, '26-01-2022', 'Alterar Emprestimo, para: PAULO SERGIO BUZANELLO , aparelho: SMARTPHONE , imei: 352403090246018 chip:   .   .   - ', 'OTONIEL AMANCIO ALVES'),
(359, '26-01-2022', 'Alterar Emprestimo, para: EUNOQUE SALUSTIANO DE MELLO , aparelho: SMARTPHONE , imei: 867549059905008 chip: 18.515.273-1', 'OTONIEL AMANCIO ALVES'),
(360, '26-01-2022', 'Alterar Emprestimo, para: PAULO SERGIO BUZANELLO , aparelho: SMARTPHONE , imei: 352403090246018 chip:   .   .   - ', 'OTONIEL AMANCIO ALVES'),
(361, '27-01-2022', 'Reemitir termo:72', 'OTONIEL AMANCIO ALVES'),
(362, '27-01-2022', 'Cadatrado novo funcionário: NOELI VAZ ARTIGAS', 'FERNANDO MAURICIO IMTHURM'),
(363, '27-01-2022', 'Cadatrado novo funcionário: ROSANI COSTA MORAIS', 'FERNANDO MAURICIO IMTHURM'),
(364, '27-01-2022', 'Alterar funcionário: NOELI VAZ ARTIGAS', 'FERNANDO MAURICIO IMTHURM'),
(365, '27-01-2022', 'Reemitir termo:94', 'OTONIEL AMANCIO ALVES'),
(366, '27-01-2022', 'Alterado categoria: ASSESSOR(A)', 'OTONIEL AMANCIO ALVES'),
(367, '27-01-2022', 'Alterado categoria: TÉCNICO', 'OTONIEL AMANCIO ALVES'),
(368, '27-01-2022', 'Cadatrado novo funcionário: OTONIE', 'OTONIEL AMANCIO ALVES'),
(369, '27-01-2022', 'Excluído funcionário: OTONIE', 'OTONIEL AMANCIO ALVES'),
(370, '27-01-2022', 'Reemitir termo:78', 'OTONIEL AMANCIO ALVES'),
(371, '27-01-2022', 'Cadatrado chip: 89550641239000045663', 'FERNANDO MAURICIO IMTHURM'),
(372, '27-01-2022', 'Novo Emprestimo, para: NOELI VAZ ARTIGAS , aparelho: SMARTPHONE , imei: 867549059891489 chip: 18.572.645-2', 'FERNANDO MAURICIO IMTHURM'),
(373, '27-01-2022', 'Cadatrado novo funcionário: ABEL', 'OTONIEL AMANCIO ALVES'),
(374, '27-01-2022', 'Alterar funcionário: ABEL', 'OTONIEL AMANCIO ALVES'),
(375, '27-01-2022', 'Reemitir termo:76', 'OTONIEL AMANCIO ALVES'),
(376, '27-01-2022', 'Reemitir termo:73', 'OTONIEL AMANCIO ALVES'),
(377, '27-01-2022', 'Reemitir termo:67', 'OTONIEL AMANCIO ALVES'),
(378, '27-01-2022', 'Reemitir termo:92', 'OTONIEL AMANCIO ALVES'),
(379, '27-01-2022', 'Reemitir termo:67', 'OTONIEL AMANCIO ALVES'),
(380, '27-01-2022', 'Reemitir termo:67', 'OTONIEL AMANCIO ALVES'),
(381, '27-01-2022', 'Reemitir termo:67', 'OTONIEL AMANCIO ALVES'),
(382, '27-01-2022', 'Reemitir termo:79', 'OTONIEL AMANCIO ALVES'),
(383, '27-01-2022', 'Reemitir termo:72', 'OTONIEL AMANCIO ALVES'),
(384, '27-01-2022', 'Reemitir termo:80', 'OTONIEL AMANCIO ALVES'),
(385, '27-01-2022', 'Reemitir termo:92', 'OTONIEL AMANCIO ALVES'),
(386, '27-01-2022', 'Reemitir termo:104', 'OTONIEL AMANCIO ALVES'),
(387, '27-01-2022', 'Reemitir termo:72', 'OTONIEL AMANCIO ALVES'),
(388, '27-01-2022', 'Reemitir termo:78', 'OTONIEL AMANCIO ALVES'),
(389, '27-01-2022', 'Reemitir termo:78', 'OTONIEL AMANCIO ALVES'),
(390, '27-01-2022', 'Reemitir termo:90', 'OTONIEL AMANCIO ALVES'),
(391, '27-01-2022', 'Reemitir termo:89', 'OTONIEL AMANCIO ALVES'),
(392, '27-01-2022', 'Reemitir termo:94', 'OTONIEL AMANCIO ALVES'),
(393, '27-01-2022', 'Reemitir termo:89', 'OTONIEL AMANCIO ALVES'),
(394, '27-01-2022', 'Reemitir termo:74', 'OTONIEL AMANCIO ALVES'),
(395, '27-01-2022', 'Reemitir termo:76', 'OTONIEL AMANCIO ALVES'),
(396, '27-01-2022', 'Reemitir termo:72', 'OTONIEL AMANCIO ALVES'),
(397, '27-01-2022', 'Reemitir termo:77', 'OTONIEL AMANCIO ALVES'),
(398, '27-01-2022', 'Reemitir termo:92', 'OTONIEL AMANCIO ALVES'),
(399, '27-01-2022', 'Reemitir termo:91', 'OTONIEL AMANCIO ALVES'),
(400, '27-01-2022', 'Reemitir termo:72', 'OTONIEL AMANCIO ALVES'),
(401, '27-01-2022', 'Reemitir termo:86', 'OTONIEL AMANCIO ALVES'),
(402, '27-01-2022', 'Reemitir termo:80', 'OTONIEL AMANCIO ALVES'),
(403, '27-01-2022', 'Reemitir termo:64', 'OTONIEL AMANCIO ALVES'),
(404, '27-01-2022', 'Reemitir termo:86', 'OTONIEL AMANCIO ALVES'),
(405, '28-01-2022', 'Reemitir termo:72', NULL),
(406, '28-01-2022', 'Alterado cargo: SECRETÁRIA', 'OTONIEL AMANCIO ALVES'),
(407, '28-01-2022', 'Excluído celular: 352403090224973', 'FERNANDO MAURICIO IMTHURM'),
(408, '28-01-2022', 'Cadatrado chip: 89550641139000041128', 'FERNANDO MAURICIO IMTHURM'),
(409, '28-01-2022', 'Cadatrado chip: 89550641139000041029', 'FERNANDO MAURICIO IMTHURM'),
(410, '28-01-2022', 'Novo Emprestimo, para: ROSANI COSTA MORAIS , aparelho: SMARTPHONE , imei: 864012053141347 chip: 18.577.343-4', 'FERNANDO MAURICIO IMTHURM'),
(411, '28-01-2022', 'Alterar Emprestimo, para: JULIO CESAR GONÇALVES , aparelho: SMARTPHONE , imei: 352403090235870 chip:   .   .   - ', 'OTONIEL AMANCIO ALVES'),
(412, '28-01-2022', 'Alterar Emprestimo, para: MAGNUS TADEU LEON BORDES , aparelho: SMARTPHONE , imei: 352403090246380 chip:   .   .   - ', 'OTONIEL AMANCIO ALVES'),
(413, '28-01-2022', 'Alterar Emprestimo, para: GUSTAVO ANTONIO MORAES DE JESUS , aparelho: SMARTPHONE , imei: 352403090234758 chip:   .   .   - ', 'OTONIEL AMANCIO ALVES'),
(414, '28-01-2022', 'Alterar Emprestimo, para: EVERTON FRANCISCO DA SILVA MELHADO , aparelho: SMARTPHONE , imei: 352403090245952 chip:   .   .   - ', 'OTONIEL AMANCIO ALVES'),
(415, '28-01-2022', 'Alterar Emprestimo, para: DIOGO VICENTE GALLEGO , aparelho: SMARTPHONE , imei: 352403090236266 chip:   .   .   - ', 'OTONIEL AMANCIO ALVES'),
(416, '28-01-2022', 'Alterar Emprestimo, para: ADENILSON CATUZO DA SILVA  , aparelho: SMARTPHONE , imei: 352403090235367 chip:   .   .   - ', 'OTONIEL AMANCIO ALVES'),
(417, '28-01-2022', 'Alterar Emprestimo, para: SANTA MARGARIDA LOPES ROSSANO , aparelho: SMARTPHONE , imei: 352403090233990 chip:   .   .   - ', 'OTONIEL AMANCIO ALVES'),
(418, '28-01-2022', 'Reemitir termo:66', 'OTONIEL AMANCIO ALVES'),
(419, '28-01-2022', 'Reemitir termo:70', 'OTONIEL AMANCIO ALVES'),
(420, '28-01-2022', 'Reemitir termo:94', 'OTONIEL AMANCIO ALVES'),
(421, '28-01-2022', 'Reemitir termo:80', 'OTONIEL AMANCIO ALVES'),
(422, '28-01-2022', 'Reemitir termo:70', 'OTONIEL AMANCIO ALVES'),
(423, '28-01-2022', 'Reemitir termo:105', 'OTONIEL AMANCIO ALVES'),
(424, '28-01-2022', 'Reemitir termo:92', 'OTONIEL AMANCIO ALVES'),
(425, '31-01-2022', 'Cadatrado novo funcionário: WELINGTON DIONATA TONEZE', 'FERNANDO MAURICIO IMTHURM'),
(426, '31-01-2022', 'Novo Emprestimo, para: WELINGTON DIONATA TONEZE , aparelho: SMARTPHONE , imei: 352403090246000 chip: 18.580.966-8', 'FERNANDO MAURICIO IMTHURM'),
(427, '31-01-2022', 'Reemitir termo:94', 'OTONIEL AMANCIO ALVES'),
(428, '31-01-2022', 'Alterada usuario: OTONIEL AMANCIO ALVES', 'JOÃO PEDRO'),
(429, '31-01-2022', 'Alterar funcionário: FARID GELASCO MALSCHITZKY', 'JOÃO PEDRO'),
(430, '31-01-2022', 'Reemitir termo:73', 'OTONIEL AMANCIO ALVES'),
(431, '31-01-2022', 'Reemitir termo:81', 'OTONIEL AMANCIO ALVES'),
(432, '31-01-2022', 'Cadatrado novo funcionário: OTONIEL AMANCIO ALVES', 'JOÃO PEDRO'),
(433, '31-01-2022', 'Reemitir termo:90', 'OTONIEL AMANCIO ALVES'),
(434, '31-01-2022', 'Cadatrado chip: 89550641239000081111', 'JOÃO PEDRO'),
(435, '31-01-2022', 'Reemitir termo:76', 'OTONIEL AMANCIO ALVES'),
(436, '31-01-2022', 'Excluído chip: 89550641239000081111', 'JOÃO PEDRO'),
(437, '31-01-2022', 'Excluído funcionário: OTONIEL AMANCIO ALVES', 'JOÃO PEDRO'),
(438, '31-01-2022', 'Reemitir termo:76', 'OTONIEL AMANCIO ALVES'),
(439, '31-01-2022', 'Reemitir termo:84', NULL),
(440, '31-01-2022', 'Alterada chip: 89550641239000085651', 'JOÃO PEDRO'),
(441, '31-01-2022', 'Excluído celular: 356453109571111', 'JOÃO PEDRO'),
(442, '31-01-2022', 'Cadatrado novo funcionário: OTONIEL AMANCIO ALVES', 'JOÃO PEDRO'),
(443, '31-01-2022', 'Cadatrado chip: 89550641239000081111', 'JOÃO PEDRO'),
(444, '31-01-2022', 'Reemitir termo:90', 'OTONIEL AMANCIO ALVES'),
(445, '31-01-2022', 'Reemitir termo:80', 'OTONIEL AMANCIO ALVES'),
(446, '31-01-2022', 'Reemitir termo:93', 'OTONIEL AMANCIO ALVES'),
(447, '31-01-2022', 'Reemitir termo:88', 'OTONIEL AMANCIO ALVES'),
(448, '31-01-2022', 'Reemitir termo:76', 'OTONIEL AMANCIO ALVES'),
(449, '31-01-2022', 'Reemitir termo:80', 'OTONIEL AMANCIO ALVES'),
(450, '31-01-2022', 'Reemitir termo:87', 'OTONIEL AMANCIO ALVES'),
(451, '31-01-2022', 'Reemitir termo:87', 'OTONIEL AMANCIO ALVES'),
(452, '31-01-2022', 'Reemitir termo:90', 'OTONIEL AMANCIO ALVES'),
(453, '31-01-2022', 'Reemitir termo:77', 'OTONIEL AMANCIO ALVES'),
(454, '31-01-2022', 'Reemitir termo:66', 'OTONIEL AMANCIO ALVES'),
(455, '31-01-2022', 'Reemitir termo:70', 'OTONIEL AMANCIO ALVES'),
(456, '31-01-2022', 'Reemitir termo:77', 'OTONIEL AMANCIO ALVES'),
(457, '31-01-2022', 'Reemitir termo:90', 'OTONIEL AMANCIO ALVES'),
(458, '31-01-2022', 'Reemitir termo:74', 'OTONIEL AMANCIO ALVES'),
(459, '31-01-2022', 'Reemitir termo:75', 'OTONIEL AMANCIO ALVES'),
(460, '31-01-2022', 'Reemitir termo:88', 'OTONIEL AMANCIO ALVES'),
(461, '31-01-2022', 'Reemitir termo:90', 'OTONIEL AMANCIO ALVES'),
(462, '31-01-2022', 'Reemitir termo:84', 'OTONIEL AMANCIO ALVES'),
(463, '31-01-2022', 'Reemitir termo:106', 'OTONIEL AMANCIO ALVES'),
(464, '31-01-2022', 'Reemitir termo:79', 'OTONIEL AMANCIO ALVES'),
(465, '31-01-2022', 'Reemitir termo:76', 'OTONIEL AMANCIO ALVES'),
(466, '31-01-2022', 'Reemitir termo:86', 'OTONIEL AMANCIO ALVES'),
(467, '31-01-2022', 'Reemitir termo:94', 'OTONIEL AMANCIO ALVES'),
(468, '31-01-2022', 'Cadatrado novo funcionário: MARCOS BARBOSA DA SILVA', 'FERNANDO MAURICIO IMTHURM'),
(469, '31-01-2022', 'Novo Emprestimo, para: MARCOS BARBOSA DA SILVA , aparelho: SMARTPHONE , imei: 352403090387564 chip: 18.583.670-3', 'FERNANDO MAURICIO IMTHURM'),
(470, '31-01-2022', 'Reemitir termo:72', 'OTONIEL AMANCIO ALVES'),
(471, '31-01-2022', 'Reemitir termo:90', 'OTONIEL AMANCIO ALVES'),
(472, '31-01-2022', 'Reemitir termo:74', 'OTONIEL AMANCIO ALVES'),
(473, '31-01-2022', 'Reemitir termo:77', 'OTONIEL AMANCIO ALVES'),
(474, '31-01-2022', 'Reemitir termo:107', 'OTONIEL AMANCIO ALVES');

-- --------------------------------------------------------

--
-- Estrutura da tabela `marca`
--

CREATE TABLE `marca` (
  `idMarca` int(11) NOT NULL,
  `marca` varchar(150) DEFAULT NULL,
  `categoria_id` int(11) NOT NULL
) ENGINE=InnoDB DEFAULT CHARSET=utf8mb4;

--
-- Extraindo dados da tabela `marca`
--

INSERT INTO `marca` (`idMarca`, `marca`, `categoria_id`) VALUES
(1, 'APPLE IPHONE XR', 2),
(2, 'APPLE IPHONE 7', 2),
(3, 'SAMSUNG GALAXY A5', 2),
(4, 'SAMSUNG GALAXY A7', 2),
(5, 'SAMSUNG GALAXY J1', 2),
(6, 'SAMSUNG GALAXY S7', 2),
(7, 'SAMSUNG GALAXY S8', 2),
(8, 'SAMSUNG S10 LITE', 2),
(9, 'SAMSUNG GALAXY A1', 2),
(10, 'SAMSUNG GALAXY A12', 2),
(11, 'SAMSUNG GALAXY S10 LITE', 2),
(12, 'XIAOMI POCO X3', 2),
(13, 'SAMSUNG GALAXY A32', 2);

-- --------------------------------------------------------

--
-- Estrutura da tabela `usuario`
--

CREATE TABLE `usuario` (
  `idUsuario` int(11) NOT NULL,
  `nome` varchar(150) DEFAULT NULL,
  `login` varchar(15) DEFAULT NULL,
  `senha` varchar(50) DEFAULT NULL,
  `status` varchar(20) DEFAULT NULL,
  `previlegio` varchar(12) DEFAULT NULL
) ENGINE=InnoDB DEFAULT CHARSET=utf8mb4;

--
-- Extraindo dados da tabela `usuario`
--

INSERT INTO `usuario` (`idUsuario`, `nome`, `login`, `senha`, `status`, `previlegio`) VALUES
(1, 'EDUARDO ANTONIESKY', 'dudu', '202cb962ac59075b964b07152d234b70', 'Ativo', 'Admin'),
(2, 'OTONIEL AMANCIO ALVES', 'toni', '202cb962ac59075b964b07152d234b70', 'Ativo', 'Admin'),
(3, 'GIOLVANE FERREIRA', 'giolvane', '202cb962ac59075b964b07152d234b70', 'Ativo', 'Admin'),
(4, 'CARLOS HENRIQUE MULLER ZIVIANI', 'ch', '202cb962ac59075b964b07152d234b70', 'Ativo', 'Admin'),
(5, 'FARID GELASCO MALSCHITZKY', 'farid', '202cb962ac59075b964b07152d234b70', 'Ativo', 'Admin'),
(6, 'IGOR GABRIEL DA SILVEIRA', 'igor', '202cb962ac59075b964b07152d234b70', 'Ativo', 'Consulta'),
(7, 'EUNICE MARY MUNHOZ DE MORAES', 'eunice', '202cb962ac59075b964b07152d234b70', 'Inativo', 'Consulta'),
(8, 'FERNANDO MAURICIO IMTHURM', 'fernando', '202cb962ac59075b964b07152d234b70', 'Ativo', 'Admin'),
(9, 'JOÃO PEDRO', 'jp', '202cb962ac59075b964b07152d234b70', 'Ativo', 'Admin');

--
-- Indexes for dumped tables
--

--
-- Indexes for table `cargoFuncionario`
--
ALTER TABLE `cargoFuncionario`
  ADD PRIMARY KEY (`idCargo`);

--
-- Indexes for table `categoria`
--
ALTER TABLE `categoria`
  ADD PRIMARY KEY (`idCategoria`);

--
-- Indexes for table `celular`
--
ALTER TABLE `celular`
  ADD PRIMARY KEY (`idCelular`),
  ADD KEY `fk_celular_empresa1_idx` (`empresa_id`),
  ADD KEY `fk_celular_marca1_idx` (`marca_id`);

--
-- Indexes for table `chip`
--
ALTER TABLE `chip`
  ADD PRIMARY KEY (`idChip`),
  ADD KEY `fk_chip_empresa1_idx` (`empresa_id`);

--
-- Indexes for table `empresa`
--
ALTER TABLE `empresa`
  ADD PRIMARY KEY (`idEmpresa`);

--
-- Indexes for table `emprestimo`
--
ALTER TABLE `emprestimo`
  ADD PRIMARY KEY (`idEmprestimo`),
  ADD KEY `fk_emprestimo_chip1_idx` (`chip_id`),
  ADD KEY `fk_emprestimo_celular1_idx` (`celular_id`),
  ADD KEY `fk_emprestimo_funcionario1_idx` (`funcionario_id`),
  ADD KEY `fk_emprestimo_usuario1_idx` (`usuario_id`);

--
-- Indexes for table `emprestimo_acessorio`
--
ALTER TABLE `emprestimo_acessorio`
  ADD PRIMARY KEY (`idAcessorio`),
  ADD KEY `fk_emprestimo_acessorio_emprestimo1_idx` (`emprestimo_id`);

--
-- Indexes for table `funcionario`
--
ALTER TABLE `funcionario`
  ADD PRIMARY KEY (`idFuncionario`),
  ADD KEY `fk_funcionario_localidade1_idx` (`localidade_id`),
  ADD KEY `fk_funcionario_cargo` (`cargo_id`);

--
-- Indexes for table `localidade`
--
ALTER TABLE `localidade`
  ADD PRIMARY KEY (`idLocalidade`);

--
-- Indexes for table `logsistema`
--
ALTER TABLE `logsistema`
  ADD PRIMARY KEY (`idLog`);

--
-- Indexes for table `marca`
--
ALTER TABLE `marca`
  ADD PRIMARY KEY (`idMarca`),
  ADD KEY `fk_marca_categoria_idx` (`categoria_id`);

--
-- Indexes for table `usuario`
--
ALTER TABLE `usuario`
  ADD PRIMARY KEY (`idUsuario`);

--
-- AUTO_INCREMENT for dumped tables
--

--
-- AUTO_INCREMENT for table `cargoFuncionario`
--
ALTER TABLE `cargoFuncionario`
  MODIFY `idCargo` int(11) NOT NULL AUTO_INCREMENT, AUTO_INCREMENT=20;
--
-- AUTO_INCREMENT for table `categoria`
--
ALTER TABLE `categoria`
  MODIFY `idCategoria` int(11) NOT NULL AUTO_INCREMENT, AUTO_INCREMENT=3;
--
-- AUTO_INCREMENT for table `celular`
--
ALTER TABLE `celular`
  MODIFY `idCelular` int(11) NOT NULL AUTO_INCREMENT, AUTO_INCREMENT=378;
--
-- AUTO_INCREMENT for table `chip`
--
ALTER TABLE `chip`
  MODIFY `idChip` int(11) NOT NULL AUTO_INCREMENT, AUTO_INCREMENT=294;
--
-- AUTO_INCREMENT for table `empresa`
--
ALTER TABLE `empresa`
  MODIFY `idEmpresa` int(11) NOT NULL AUTO_INCREMENT, AUTO_INCREMENT=3;
--
-- AUTO_INCREMENT for table `emprestimo`
--
ALTER TABLE `emprestimo`
  MODIFY `idEmprestimo` int(11) NOT NULL AUTO_INCREMENT, AUTO_INCREMENT=108;
--
-- AUTO_INCREMENT for table `emprestimo_acessorio`
--
ALTER TABLE `emprestimo_acessorio`
  MODIFY `idAcessorio` int(11) NOT NULL AUTO_INCREMENT, AUTO_INCREMENT=605;
--
-- AUTO_INCREMENT for table `funcionario`
--
ALTER TABLE `funcionario`
  MODIFY `idFuncionario` int(11) NOT NULL AUTO_INCREMENT, AUTO_INCREMENT=210;
--
-- AUTO_INCREMENT for table `localidade`
--
ALTER TABLE `localidade`
  MODIFY `idLocalidade` int(11) NOT NULL AUTO_INCREMENT, AUTO_INCREMENT=811;
--
-- AUTO_INCREMENT for table `logsistema`
--
ALTER TABLE `logsistema`
  MODIFY `idLog` int(11) NOT NULL AUTO_INCREMENT, AUTO_INCREMENT=475;
--
-- AUTO_INCREMENT for table `marca`
--
ALTER TABLE `marca`
  MODIFY `idMarca` int(11) NOT NULL AUTO_INCREMENT, AUTO_INCREMENT=14;
--
-- AUTO_INCREMENT for table `usuario`
--
ALTER TABLE `usuario`
  MODIFY `idUsuario` int(11) NOT NULL AUTO_INCREMENT, AUTO_INCREMENT=10;
--
-- Constraints for dumped tables
--

--
-- Limitadores para a tabela `celular`
--
ALTER TABLE `celular`
  ADD CONSTRAINT `fk_celular_empresa1` FOREIGN KEY (`empresa_id`) REFERENCES `empresa` (`idEmpresa`) ON DELETE NO ACTION ON UPDATE NO ACTION,
  ADD CONSTRAINT `fk_celular_marca1` FOREIGN KEY (`marca_id`) REFERENCES `marca` (`idMarca`) ON DELETE NO ACTION ON UPDATE NO ACTION;

--
-- Limitadores para a tabela `chip`
--
ALTER TABLE `chip`
  ADD CONSTRAINT `fk_chip_empresa1` FOREIGN KEY (`empresa_id`) REFERENCES `empresa` (`idEmpresa`) ON DELETE NO ACTION ON UPDATE NO ACTION;

--
-- Limitadores para a tabela `emprestimo`
--
ALTER TABLE `emprestimo`
  ADD CONSTRAINT `fk_celular` FOREIGN KEY (`celular_id`) REFERENCES `celular` (`idCelular`) ON DELETE NO ACTION ON UPDATE NO ACTION,
  ADD CONSTRAINT `fk_chip` FOREIGN KEY (`chip_id`) REFERENCES `chip` (`idChip`) ON DELETE NO ACTION ON UPDATE NO ACTION,
  ADD CONSTRAINT `fk_emprestimo_funcionario1` FOREIGN KEY (`funcionario_id`) REFERENCES `funcionario` (`idFuncionario`) ON DELETE NO ACTION ON UPDATE NO ACTION,
  ADD CONSTRAINT `fk_emprestimo_usuario1` FOREIGN KEY (`usuario_id`) REFERENCES `usuario` (`idUsuario`) ON DELETE NO ACTION ON UPDATE NO ACTION;

--
-- Limitadores para a tabela `emprestimo_acessorio`
--
ALTER TABLE `emprestimo_acessorio`
  ADD CONSTRAINT `fk_emprestimo_acessorio_emprestimo1` FOREIGN KEY (`emprestimo_id`) REFERENCES `emprestimo` (`idEmprestimo`) ON DELETE NO ACTION ON UPDATE NO ACTION;

--
-- Limitadores para a tabela `funcionario`
--
ALTER TABLE `funcionario`
  ADD CONSTRAINT `fk_funcionario_cargo` FOREIGN KEY (`cargo_id`) REFERENCES `cargoFuncionario` (`idCargo`) ON DELETE NO ACTION ON UPDATE NO ACTION,
  ADD CONSTRAINT `fk_funcionario_localidade1` FOREIGN KEY (`localidade_id`) REFERENCES `localidade` (`idLocalidade`) ON DELETE NO ACTION ON UPDATE NO ACTION;

--
-- Limitadores para a tabela `marca`
--
ALTER TABLE `marca`
  ADD CONSTRAINT `fk_marca_categoria` FOREIGN KEY (`categoria_id`) REFERENCES `categoria` (`idCategoria`) ON DELETE NO ACTION ON UPDATE NO ACTION;

/*!40101 SET CHARACTER_SET_CLIENT=@OLD_CHARACTER_SET_CLIENT */;
/*!40101 SET CHARACTER_SET_RESULTS=@OLD_CHARACTER_SET_RESULTS */;
/*!40101 SET COLLATION_CONNECTION=@OLD_COLLATION_CONNECTION */;
