-- phpMyAdmin SQL Dump
-- version 4.6.6deb4+deb9u1
-- https://www.phpmyadmin.net/
--
-- Host: localhost:3306
-- Generation Time: 11-Out-2022 às 14:06
-- Versão do servidor: 10.1.45-MariaDB-0+deb9u1
-- PHP Version: 7.0.33-0+deb9u8

SET SQL_MODE = "NO_AUTO_VALUE_ON_ZERO";
SET time_zone = "+00:00";


/*!40101 SET @OLD_CHARACTER_SET_CLIENT=@@CHARACTER_SET_CLIENT */;
/*!40101 SET @OLD_CHARACTER_SET_RESULTS=@@CHARACTER_SET_RESULTS */;
/*!40101 SET @OLD_COLLATION_CONNECTION=@@COLLATION_CONNECTION */;
/*!40101 SET NAMES utf8mb4 */;

--
-- Database: `bd_telefonia`
--

-- --------------------------------------------------------

--
-- Estrutura da tabela `cargoFuncionario`
--

CREATE TABLE `cargoFuncionario` (
  `idCargo` int(11) NOT NULL,
  `nomeCargo` varchar(100) NOT NULL
) ENGINE=InnoDB DEFAULT CHARSET=utf8mb4;

--
-- Extraindo dados da tabela `cargoFuncionario`
--

INSERT INTO `cargoFuncionario` (`idCargo`, `nomeCargo`) VALUES
(1, 'ASSESSOR(A)'),
(2, 'CHEFE CIRETRAN'),
(3, 'CHEFE DIVISÃO'),
(4, 'CHEFE INTERINA'),
(5, 'COMANDANTE'),
(6, 'COORDENADOR(A'),
(7, 'DIRETOR'),
(8, 'MOTORISTA'),
(9, 'OUVIDOR'),
(10, 'PREFEITURA'),
(11, 'PRESIDENTE'),
(12, 'SECRETÁRIA'),
(13, 'SERVIDOR(A)'),
(14, 'SUPERVISOR(A)'),
(15, 'SUPERVISORA'),
(16, 'TÉCNICO'),
(17, 'TERCEIRIZADO'),
(18, 'VISTORIADOR'),
(19, 'OUTROS');

-- --------------------------------------------------------

--
-- Estrutura da tabela `categoria`
--

CREATE TABLE `categoria` (
  `idCategoria` int(11) NOT NULL,
  `categoria` varchar(150) DEFAULT NULL
) ENGINE=InnoDB DEFAULT CHARSET=utf8mb4;

--
-- Extraindo dados da tabela `categoria`
--

INSERT INTO `categoria` (`idCategoria`, `categoria`) VALUES
(2, 'SMARTPHONE');

-- --------------------------------------------------------

--
-- Estrutura da tabela `celular`
--

CREATE TABLE `celular` (
  `idCelular` int(11) NOT NULL,
  `serie` varchar(30) DEFAULT NULL,
  `imei1` varchar(30) DEFAULT NULL,
  `imei2` varchar(30) DEFAULT NULL,
  `marca_id` int(11) NOT NULL,
  `status` varchar(12) DEFAULT NULL,
  `observacao` varchar(255) DEFAULT NULL,
  `empresa_id` int(11) NOT NULL,
  `estadoBem` varchar(15) DEFAULT NULL,
  `caixa` tinyint(4) DEFAULT NULL,
  `carregador` tinyint(4) DEFAULT NULL,
  `manual` tinyint(4) DEFAULT NULL,
  `adaptador` tinyint(4) DEFAULT NULL,
  `foneOuvido` tinyint(4) DEFAULT NULL,
  `capinha` tinyint(4) DEFAULT NULL,
  `patrimonio` varchar(20) DEFAULT NULL
) ENGINE=InnoDB DEFAULT CHARSET=utf8mb4;

--
-- Extraindo dados da tabela `celular`
--

INSERT INTO `celular` (`idCelular`, `serie`, `imei1`, `imei2`, `marca_id`, `status`, `observacao`, `empresa_id`, `estadoBem`, `caixa`, `carregador`, `manual`, `adaptador`, `foneOuvido`, `capinha`, `patrimonio`) VALUES
(1, 'RQ8JB04DG1K', '352403090389545', '352404090389543', 4, 'Disponível', 'BIANCA DORNELLES', 1, 'BOM ESTADO', 0, 0, 0, 0, 0, 0, ''),
(2, 'RQ8JA01BX2W', '352403090234485', '352404090234483', 4, 'Disponível', 'DA', 2, 'BOM ESTADO', 0, 0, 0, 0, 0, 0, ''),
(3, 'RQ8K20BNKJJ', '352095090908082', '352096090908080', 3, 'Disponível', 'obeserva', 2, 'BOM ESTADO', 0, 0, 0, 0, 0, 0, ''),
(4, 'RQ8JB04DP5B', '352403090391897', '352404090391895', 4, 'Disponível', '', 1, 'BOM ESTADO', 0, 0, 0, 0, 0, 0, ''),
(5, 'RQ8JB04DD5A', '352403090388596', '352404090388594', 4, 'Disponível', '', 2, 'BOM ESTADO', 0, 0, 0, 0, 0, 0, ''),
(6, 'ver', '358668081264147', '', 7, 'Disponível', '', 2, 'BOM ESTADO', 0, 0, 0, 0, 0, 0, ''),
(7, 'R9QN602MKLA', '354693113930741', '354694113930749', 9, 'Disponível', '', 2, 'BOM ESTADO', 0, 0, 0, 0, 0, 0, ''),
(8, 'R9QN602LH6M', '354693113919058', '354694113919056', 9, 'Disponível', '', 2, 'BOM ESTADO', 0, 0, 0, 0, 0, 0, ''),
(9, 'RQ8K20BNNCA', '352095090909015', '352096090909013', 3, 'Disponível', '', 2, 'BOM ESTADO', 0, 0, 0, 0, 0, 0, ''),
(10, 'RQ8K20BP53V', '352095090914205', '352096090914203', 3, 'EMPRESTADO', NULL, 2, 'BOM ESTADO', 1, 1, 1, 0, 0, 0, ''),
(11, 'RQ8JB04DE7M', '352403090388943', '352404090388941', 4, 'Disponível', '', 2, 'BOM ESTADO', 0, 0, 0, 0, 0, 0, ''),
(12, 'RQ8JA0051FL', '352403090216516', '352404090216514', 4, 'Disponível', '', 2, 'BOM ESTADO', 0, 0, 0, 0, 0, 0, ''),
(13, 'RQ8JA01BXCX', '352403090234584', '352404090234582', 4, 'Disponível', '', 2, 'BOM ESTADO', 0, 0, 0, 0, 0, 0, ''),
(14, 'R9QN602MP0R', '354693113931863', '354694113931861', 9, 'Disponível', '', 2, 'BOM ESTADO', 0, 0, 0, 0, 0, 0, ''),
(15, 'ver2', '357022070800035', '', 5, 'Disponível', '', 2, 'BOM ESTADO', 0, 0, 0, 0, 0, 0, ''),
(16, 'RQ8J90D515R', '358668081262893', '358669081262891', 7, 'Disponível', '', 2, 'BOM ESTADO', 0, 0, 0, 0, 0, 0, ''),
(17, '352403090210923', '352403090210923', '', 4, 'Disponível', '17.406.223-4	Estava com Daniel Alves da 01ª CIRETRAN\n', 2, 'EXTRAVIADO', 0, 0, 0, 0, 0, 0, ''),
(18, '352403090205543', '352403090205543', '352403090205543', 4, 'Indisponível', 'Estava com Vera Lucia Mielke Alberto / CIRETRAN de Francisco Beltrão\n', 2, 'EXTRAVIADO', 0, 0, 0, 0, 0, 0, ''),
(19, '352403090235318', '352403090235318', '352403090235318', 4, 'Indisponível', 'Estava com Eduardo Antonievicz\n', 2, 'EXTRAVIADO', 0, 0, 0, 0, 0, 0, ''),
(20, '352403090392093', '352403090392093', '352403090392093', 4, 'Indisponível', 'Estava com Fabio Soares Oliveira / CIRETRAN de Sarandi\n', 2, 'EXTRAVIADO', 0, 0, 0, 0, 0, 0, ''),
(21, '352403090387697', '352403090387697', '352403090387697', 4, 'Indisponível', 'TELA QUEBRADA / NÃO LIGA\n', 2, 'QUEBRADO', 0, 0, 0, 0, 0, 0, ''),
(22, '352403090235466', '352403090235466', '352403090235466', 4, 'Indisponível', 'TELA QUEBRADA / NÃO LIGA\n', 2, 'QUEBRADO', 0, 0, 0, 0, 0, 0, ''),
(23, '352403090234493', '352403090234493', '352403090234493', 4, 'Indisponível', 'TELA QUEBRADA / NÃO LIGA\n', 2, 'QUEBRADO', 0, 0, 0, 0, 0, 0, ''),
(24, 'RQ8JB04DYTK', '352403090394750', '352403090394750', 4, 'Indisponível', 'TELA QUEBRADA / NÃO LIGA\n', 2, 'QUEBRADO', 0, 0, 0, 0, 0, 0, ''),
(25, '352403090235441', '352403090235441', '352403090235441', 4, 'Indisponível', 'TELA QUEBRADA / NÃO LIGA\n', 2, 'QUEBRADO', 0, 0, 0, 0, 0, 0, ''),
(26, '352403090241290', '352403090241290', '352403090241290', 4, 'Indisponível', 'TELA QUEBRADA / NÃO LIGA\n', 2, 'QUEBRADO', 0, 0, 0, 0, 0, 0, ''),
(27, '352403090197492', '352403090197492', '', 4, 'Indisponível', 'TELA QUEBRADA / NÃO LIGA\n', 2, 'QUEBRADO', 0, 0, 0, 0, 0, 0, ''),
(28, '352403090234345', '352403090234345', '', 4, 'Indisponível', 'TELA QUEBRADA / NÃO LIGA\n', 2, 'QUEBRADO', 0, 0, 0, 0, 0, 0, ''),
(29, '352095090910849', '352095090910849', '', 4, 'Indisponível', 'TELA QUEBRADA / NÃO LIGA\n', 2, 'QUEBRADO', 0, 0, 0, 0, 0, 0, ''),
(30, '352403090396821', '352403090396821', '', 4, 'Indisponível', 'TELA QUEBRADA / NÃO LIGA\n', 2, 'QUEBRADO', 0, 0, 0, 0, 0, 0, ''),
(31, '352403090235136', '352403090235136', '', 4, 'Indisponível', 'TELA QUEBRADA / NÃO LIGA\n', 2, 'QUEBRADO', 0, 0, 0, 0, 0, 0, ''),
(32, '352403090197104', '352403090197104', '', 4, 'Indisponível', 'TELA QUEBRADA / NÃO LIGA\n', 2, 'QUEBRADO', 0, 0, 0, 0, 0, 0, ''),
(33, '352403090246059', '352403090246059', '', 4, 'Indisponível', 'TELA QUEBRADA / NÃO LIGA\n', 2, 'QUEBRADO', 0, 0, 0, 0, 0, 0, ''),
(34, '352403090239716', '352403090239716', '', 4, 'Indisponível', 'TELA QUEBRADA / NÃO LIGA\n', 2, 'QUEBRADO', 0, 0, 0, 0, 0, 0, ''),
(35, '352403090387309', '352403090387309', '', 4, 'Indisponível', 'TELA QUEBRADA / NÃO LIGA\n', 2, 'QUEBRADO', 0, 0, 0, 0, 0, 0, ''),
(36, '352403090392416', '352403090392416', '', 4, 'Indisponível', 'TELA QUEBRADA / NÃO LIGA\n', 2, 'QUEBRADO', 0, 0, 0, 0, 0, 0, ''),
(38, '352403090236043', '352403090236043', '', 4, 'Indisponível', 'TELA QUEBRADA / NÃO LIGA\n', 2, 'QUEBRADO', 0, 0, 0, 0, 0, 0, ''),
(39, 'RQ8JB04DQ1J', '352403090392184', '', 4, 'Indisponível', 'TELA QUEBRADA / NÃO LIGA\n', 2, 'QUEBRADO', 0, 0, 0, 0, 0, 0, ''),
(40, '352403090393240', '352403090393240', '', 4, 'Indisponível', 'TELA QUEBRADA / NÃO LIGA\n', 2, 'QUEBRADO', 0, 0, 0, 0, 0, 0, ''),
(41, '352403090236605', '352403090236605', '', 4, 'Indisponível', 'TELA QUEBRADA / NÃO LIGA\n', 2, 'QUEBRADO', 0, 0, 0, 0, 0, 0, ''),
(42, 'RQ8JA01D0LL', '352403090246547', '', 4, 'Indisponível', 'TELA QUEBRADA / NÃO LIGA\n', 2, 'QUEBRADO', 0, 0, 0, 0, 0, 0, ''),
(43, '352403090245234', '352403090245234', '', 4, 'Indisponível', 'TELA QUEBRADA / NÃO LIGA\n', 2, 'QUEBRADO', 0, 0, 0, 0, 0, 0, ''),
(44, '352403090216755', '352403090216755', '', 4, 'Indisponível', 'TELA QUEBRADA / NÃO LIGA\n', 2, 'QUEBRADO', 0, 0, 0, 0, 0, 0, ''),
(45, '352095090910765', '352095090910765', '', 4, 'Indisponível', 'TELA QUEBRADA / NÃO LIGA\n', 2, 'QUEBRADO', 0, 0, 0, 0, 0, 0, ''),
(46, 'RQ8JA01BWQM', '352403090234378', '352404090234376', 4, 'Disponível', '', 2, 'BOM ESTADO', 0, 0, 0, 0, 0, 0, ''),
(47, '356707182666057', '356707182666057', '', 10, 'Disponível', '', 2, 'NOVO', 0, 0, 0, 0, 0, 0, ''),
(48, 'R9QN602MP0R', '354693113931863', '', 9, 'Disponível', '', 2, 'NOVO', 0, 0, 0, 0, 0, 0, ''),
(49, 'RQ8JA01CHYK', '352403090241373', '352404090241371', 4, 'EMPRESTADO', NULL, 2, 'BOM ESTADO', 1, 1, 1, 0, 0, 0, ''),
(50, 'R9QN602MH8V', '354693113929966', '354694113929964', 9, 'Disponível', 'PARCIALMENTE QUEBRADO\n', 2, 'BOM ESTADO', 0, 0, 0, 0, 0, 0, ''),
(51, 'R9QN60361FH', '354693113964096', '354694113964094', 9, 'EMPRESTADO', NULL, 2, 'BOM ESTADO', 1, 1, 1, 0, 1, 0, ''),
(52, 'RQ8JAQ1BZ8W', '352403090235201', '352404090235209', 4, 'Disponível', 'TELA QUEBRADA\n\n', 2, 'QUEBRADO', 0, 0, 0, 0, 0, 0, ''),
(53, 'RQ8JA01D0LL', '352403090246547', '352404090246545', 4, 'Disponível', '\n\n', 2, 'BOM ESTADO', 0, 0, 0, 0, 0, 0, ''),
(54, 'RQ8JB04DG9V', '352403090389628', '352404090389626', 4, 'Disponível', '', 2, 'BOM ESTADO', 0, 0, 0, 0, 0, 0, ''),
(55, 'RQ8JA01D09Y', '352403090246430', '', 4, 'Disponível', 'PARCIALMENTE QUEBRADO', 2, 'QUEBRADO', 0, 0, 0, 0, 0, 0, ''),
(56, 'RQ8JA01CR3V', '352403090243734', '352404090243732', 4, 'Disponível', 'PARCIALMENTE QUEBRADO\n', 2, 'QUEBRADO', 0, 0, 0, 0, 0, 0, ''),
(57, 'RQ8JA01CZ0K', '352403090246018', '', 4, 'EMPRESTADO', NULL, 1, 'BOM ESTADO', 1, 1, 0, 0, 0, 1, ''),
(58, 'RQ8JA01BVKN', '352403090233990', '', 4, 'Disponível', 'BOM ESTADO. \n. \n OK - Todos acessórios devolvidos.\n', 1, 'BOM ESTADO', 1, 1, 1, 0, 0, 0, ''),
(59, 'RQ8JA01BZQD', '352403090235367', '', 4, 'EMPRESTADO', NULL, 1, 'BOM ESTADO', 0, 0, 0, 0, 0, 0, ''),
(60, 'RQ8JA01C2FH', '352403090236266', '', 4, 'EMPRESTADO', NULL, 1, 'BOM ESTADO', 0, 0, 0, 0, 0, 0, ''),
(61, 'RQ8JA01CYTW', '352403090245952', '', 4, 'EMPRESTADO', NULL, 1, 'BOM ESTADO', 1, 1, 0, 0, 0, 0, ''),
(62, 'RQ8JA01BXWK', '352403090234758', '', 4, 'Disponível', 'tela quebrada', 1, 'QUEBRADO', 1, 1, 0, 0, 0, 0, ''),
(63, 'RQ8JA01D04X', '352403090246380', '', 4, 'EMPRESTADO', NULL, 1, 'BOM ESTADO', 1, 1, 0, 0, 0, 0, ''),
(64, 'RQ8JA01C19Y', '352403090235870', '', 4, 'EMPRESTADO', NULL, 1, 'BOM ESTADO', 0, 0, 0, 0, 0, 0, ''),
(65, '352403090205543', '352403090205543', '', 4, 'Disponível', '', 1, 'BOM ESTADO', 0, 0, 0, 0, 0, 0, ''),
(66, 'RQ8JA01BX7R', '352403090234535', '', 4, 'Disponível', '', 1, 'BOM ESTADO', 0, 0, 0, 0, 0, 0, ''),
(67, 'RQ8JA01ZBAZ', '352403090235227', '', 4, 'Disponível', '', 1, 'BOM ESTADO', 0, 0, 0, 0, 0, 0, ''),
(68, 'RQ8JA01CNKW', '352403090242900', '', 4, 'Disponível', '', 1, 'BOM ESTADO', 0, 0, 0, 0, 0, 0, ''),
(69, 'RQ8JA01C23M', '352403090236142', '', 4, 'Disponível', '', 1, 'BOM ESTADO', 0, 0, 0, 0, 0, 0, ''),
(70, 'RQ8JA01C0LX', '352403090235656', '', 4, 'Disponível', '', 1, 'BOM ESTADO', 0, 0, 0, 0, 0, 0, ''),
(71, 'RQ8JA01BZ3B', '352403090235151', '', 4, 'Disponível', '', 1, 'BOM ESTADO', 0, 0, 0, 0, 0, 0, ''),
(72, 'RQ8JA01D09Y', '352403090246430', '', 4, 'Disponível', '', 1, 'BOM ESTADO', 0, 0, 0, 0, 0, 0, ''),
(73, 'RQ8JA01D0BE', '352403090246455', '', 4, 'Disponível', '', 1, 'BOM ESTADO', 0, 0, 0, 0, 0, 0, ''),
(74, 'RQ8JA01CNVA', '352403090242991', '', 4, 'Disponível', '', 1, 'BOM ESTADO', 0, 0, 0, 0, 0, 0, ''),
(75, 'RQ8JA01C0MF', '352403090235664', '', 4, 'Disponível', '', 1, 'BOM ESTADO', 0, 0, 0, 0, 0, 0, ''),
(76, 'RQ8JA01BWYV', '352403090234444', '', 4, 'Disponível', '', 1, 'BOM ESTADO', 0, 0, 0, 0, 0, 0, ''),
(77, 'RQ8JA01CP1E', '352403090243056', '', 4, 'Disponível', '', 1, 'BOM ESTADO', 0, 0, 0, 0, 0, 0, ''),
(78, '352403090242868', '352403090242868', '', 4, 'Disponível', '', 1, 'BOM ESTADO', 0, 0, 0, 0, 0, 0, ''),
(79, 'RQ8JA01BZPY', '352403090235359', '', 4, 'Disponível', '', 1, 'BOM ESTADO', 0, 0, 0, 0, 0, 0, ''),
(80, 'RQ8JA01BWAF', '352403090234238', '', 4, 'Disponível', '', 1, 'BOM ESTADO', 0, 0, 0, 0, 0, 0, ''),
(82, 'RQ8JA0038DA', '352403090197047', '', 4, 'Disponível', '', 1, 'BOM ESTADO', 0, 0, 0, 0, 0, 0, ''),
(83, 'RQ8JA01BXAK', '352403090234568', '', 4, 'Disponível', '', 1, 'BOM ESTADO', 0, 0, 0, 0, 0, 0, ''),
(84, '352403090239716', '352403090239716', '', 4, 'Disponível', '', 1, 'BOM ESTADO', 0, 0, 0, 0, 0, 0, ''),
(85, '352403090245804', '352403090245804', '', 4, 'Disponível', '', 1, 'BOM ESTADO', 0, 0, 0, 0, 0, 0, ''),
(86, 'RQ8JA01CZ2X', '352403090246034', '', 4, 'Disponível', '', 1, 'BOM ESTADO', 0, 0, 0, 0, 0, 0, ''),
(87, 'RQ8JA01D0NA', '352403090246562', '', 4, 'Disponível', '', 1, 'BOM ESTADO', 0, 0, 0, 0, 0, 0, ''),
(88, 'RQ8JA01C02F', '352403090235474', '', 4, 'Disponível', '', 1, 'BOM ESTADO', 0, 0, 0, 0, 0, 0, ''),
(89, 'RQ8JA01BXHY', '352403090234634', '', 4, 'Disponível', '', 1, 'BOM ESTADO', 0, 0, 0, 0, 0, 0, ''),
(90, 'RQ8JA01CR3V', '352403090243734', '', 4, 'Disponível', '', 1, 'BOM ESTADO', 0, 0, 0, 0, 0, 0, ''),
(91, '352403090233693', '352403090233693', '', 4, 'Disponível', '', 1, 'BOM ESTADO', 0, 0, 0, 0, 0, 0, ''),
(92, '352403090234477', '352403090234477', '', 4, 'Disponível', '', 1, 'BOM ESTADO', 0, 0, 0, 0, 0, 0, ''),
(93, '352403090234022', '352403090234022', '', 4, 'Disponível', '', 1, 'BOM ESTADO', 0, 0, 0, 0, 0, 0, ''),
(94, 'RQ8JB04DY4Y', '352403090394529', '', 4, 'Disponível', '', 1, 'BOM ESTADO', 0, 0, 0, 0, 0, 0, ''),
(95, '352403090235318', '352403090235318', '', 4, 'Disponível', '', 1, 'BOM ESTADO', 0, 0, 0, 0, 0, 0, ''),
(96, 'RQ8JA01BZTW', '352403090235391', '', 4, 'Disponível', '', 1, 'BOM ESTADO', 0, 0, 0, 0, 0, 0, ''),
(97, '352403090235441', '352403090235441', '', 4, 'Disponível', '', 1, 'BOM ESTADO', 0, 0, 0, 0, 0, 0, ''),
(98, 'RQ8JA01BZ5D', '352403090235177', '', 4, 'Disponível', '', 1, 'BOM ESTADO', 0, 0, 0, 0, 0, 0, ''),
(99, '352403090246240', '352403090246240', '', 4, 'Disponível', '', 1, 'BOM ESTADO', 0, 0, 0, 0, 0, 0, ''),
(100, 'RQ8JA01C9YV', '352403090238734', '', 4, 'Disponível', '', 1, 'BOM ESTADO', 0, 0, 0, 0, 0, 0, ''),
(101, '352403090245234', '352403090245234', '', 4, 'Disponível', '', 1, 'BOM ESTADO', 0, 0, 0, 0, 0, 0, ''),
(102, '352403090236605', '352403090236605', '', 4, 'Disponível', '', 1, 'BOM ESTADO', 0, 0, 0, 0, 0, 0, ''),
(103, 'RQ8JA003BKM', '352403090198094', '', 4, 'Disponível', '', 1, 'BOM ESTADO', 0, 0, 0, 0, 0, 0, ''),
(104, 'RQ8JA01CZLA', '352403090246216', '', 4, 'Disponível', '', 1, 'BOM ESTADO', 0, 0, 0, 0, 0, 0, ''),
(105, 'RQ8JA01D08B', '352403090246422', '', 4, 'Disponível', '', 1, 'BOM ESTADO', 0, 0, 0, 0, 0, 0, ''),
(106, 'RQ8JA01CPVM', '352403090243320', '', 4, 'Disponível', '', 1, 'BOM ESTADO', 0, 0, 0, 0, 0, 0, ''),
(107, 'RQ8JA0051TW', '352403090216631', '', 4, 'Disponível', '', 1, 'BOM ESTADO', 0, 0, 0, 0, 0, 0, ''),
(108, '352403090235375', '352403090235375', '', 4, 'Disponível', '', 1, 'BOM ESTADO', 0, 0, 0, 0, 0, 0, ''),
(109, 'RQ8JA01BYMD', '352403090235003', '', 4, 'Disponível', '', 1, 'BOM ESTADO', 0, 0, 0, 0, 0, 0, ''),
(110, 'RQ8JA01BY4H', '352403090234832', '', 4, 'Disponível', '', 1, 'BOM ESTADO', 0, 0, 0, 0, 0, 0, ''),
(111, '352403090240540', '352403090240540', '', 4, 'Disponível', '', 1, 'BOM ESTADO', 0, 0, 0, 0, 0, 0, ''),
(112, 'RQ8JA01CYZR', '352403090246000', '', 4, 'EMPRESTADO', NULL, 1, 'BOM ESTADO', 1, 1, 1, 0, 0, 1, ''),
(113, '352403090235466', '352403090235466', '', 4, 'Disponível', 'TELA DANIFICADA', 1, 'QUEBRADO', 0, 0, 0, 0, 0, 0, ''),
(114, 'RQ8JA01CQVP', '352403090243650', '', 4, 'Disponível', 'TELA DANIFICADA', 1, 'BOM ESTADO', 0, 0, 0, 0, 0, 0, ''),
(115, 'RQ8JA01BY9N', '352403090234881', '', 4, 'Disponível', 'TELA DANIFICADA', 1, 'BOM ESTADO', 0, 0, 0, 0, 0, 0, ''),
(116, 'RQ8JA018RLN', '352403090224965', '', 4, 'Disponível', 'TELA DANIFICADA', 1, 'BOM ESTADO', 0, 0, 0, 0, 0, 0, ''),
(117, 'RQ8JA01OZ1A', '352403090246026', '', 4, 'Disponível', 'TELA DANIFICADA', 1, 'BOM ESTADO', 0, 0, 0, 0, 0, 0, ''),
(118, 'RQ8JA01CC5D', '352403090239468', '', 4, 'Disponível', 'TELA DANIFICADA', 1, 'BOM ESTADO', 0, 0, 0, 0, 0, 0, ''),
(119, 'RQ8JA01CS6V', '352403090244096', '', 4, 'Disponível', 'TELA DANIFICADA', 1, 'BOM ESTADO', 0, 0, 0, 0, 0, 0, ''),
(120, 'RQ8JA01CGVK', '352403090241019', '', 4, 'Disponível', 'TELA DANIFICADA', 1, 'BOM ESTADO', 0, 0, 0, 0, 0, 0, ''),
(121, 'RQ8JA01BZ9T', '352403090235219', '', 4, 'Disponível', 'TELA DANIFICADA', 1, 'BOM ESTADO', 0, 0, 0, 0, 0, 0, ''),
(122, 'RQ8JA01BYSZ', '352403090235052', '', 4, 'Disponível', '', 1, 'BOM ESTADO', 0, 0, 0, 0, 0, 0, ''),
(123, 'RQ8JA01CELM', '352403090240276', '', 4, 'Disponível', '', 1, 'BOM ESTADO', 0, 0, 0, 0, 0, 0, ''),
(124, '352403090234345', '352403090234345', '', 4, 'Disponível', '', 1, 'BOM ESTADO', 0, 0, 0, 0, 0, 0, ''),
(125, 'RQ8JA01C9KT', '352403090238619', '', 4, 'Disponível', '', 1, 'BOM ESTADO', 0, 0, 0, 0, 0, 0, ''),
(126, 'RQ8JA01BXCX', '352403090234584', '', 4, 'Disponível', '', 1, 'BOM ESTADO', 0, 0, 0, 0, 0, 0, ''),
(127, 'RQ8JA01BXRN', '352403090234717', '', 4, 'Disponível', '', 1, 'BOM ESTADO', 0, 0, 0, 0, 0, 0, ''),
(128, 'RQ8JA01CKGM', '352403090241886', '', 4, 'Disponível', '', 1, 'BOM ESTADO', 0, 0, 0, 0, 0, 0, ''),
(129, '352403090234899', '352403090234899', '', 4, 'Disponível', '', 1, 'BOM ESTADO', 0, 0, 0, 0, 0, 0, ''),
(130, '352403090241290', '352403090241290', '', 4, 'Disponível', '', 1, 'BOM ESTADO', 0, 0, 0, 0, 0, 0, ''),
(131, 'RQ8JA01BZFL', '352403090235276', '', 4, 'Disponível', '', 1, 'BOM ESTADO', 0, 0, 0, 0, 0, 0, ''),
(132, '352403090233925', '352403090233925', '', 4, 'Disponível', '', 1, 'BOM ESTADO', 0, 0, 0, 0, 0, 0, ''),
(133, 'RQ8JA003KSK', '352403090200809', '', 4, 'Disponível', '', 1, 'BOM ESTADO', 0, 0, 0, 0, 0, 0, ''),
(134, 'RQ8JA01BVBY', '352403090233917', '', 4, 'Disponível', '', 1, 'BOM ESTADO', 0, 0, 0, 0, 0, 0, ''),
(135, '352403090210923', '352403090210923', '', 4, 'Disponível', '', 1, 'BOM ESTADO', 0, 0, 0, 0, 0, 0, ''),
(136, '352403090246588', '352403090246588', '', 4, 'Disponível', '', 1, 'BOM ESTADO', 0, 0, 0, 0, 0, 0, ''),
(137, 'RQ8JA01BX6N', '352403090234527', '', 4, 'Disponível', '', 1, 'BOM ESTADO', 0, 0, 0, 0, 0, 0, ''),
(138, 'RQ8JA01CHZA', '352403090241381', '', 4, 'Disponível', '', 1, 'BOM ESTADO', 0, 0, 0, 0, 0, 0, ''),
(139, 'RQ8JA018RAV', '352403090224866', '', 4, 'Indisponível', 'TELA QUEBRADA', 1, 'QUEBRADO', 0, 0, 0, 0, 0, 0, ''),
(140, 'RQ8JA01D0LL', '352403090246547', '', 4, 'Disponível', '', 1, 'BOM ESTADO', 0, 0, 0, 0, 0, 0, ''),
(141, 'RQ8JA01CP0D', '352403090243049', '', 4, 'Disponível', '', 1, 'BOM ESTADO', 0, 0, 0, 0, 0, 0, ''),
(142, '352403090246059', '352403090246059', '', 4, 'Disponível', '', 1, 'BOM ESTADO', 0, 0, 0, 0, 0, 0, ''),
(143, 'RQ8JA01CEZH', '352403090240391', '', 4, 'Disponível', '', 1, 'BOM ESTADO', 0, 0, 0, 0, 0, 0, ''),
(144, 'RQ8JA01BVGT', '352403090233966', '', 4, 'Disponível', '', 1, 'BOM ESTADO', 0, 0, 0, 0, 0, 0, ''),
(145, 'RQ8JA01C4ZX', '352403090237090', '', 4, 'Disponível', '', 1, 'BOM ESTADO', 0, 0, 0, 0, 0, 0, ''),
(146, 'RQ8JA01CT5Z', '352403090243098', '', 4, 'Disponível', '', 1, 'BOM ESTADO', 0, 0, 0, 0, 0, 0, ''),
(147, 'RQ8JA01CCCN', '352403090239534', '', 4, 'Disponível', '', 1, 'BOM ESTADO', 0, 0, 0, 0, 0, 0, ''),
(148, 'RQ8JA01CH3H', '352403090241092', '', 4, 'Disponível', '', 1, 'BOM ESTADO', 0, 0, 0, 0, 0, 0, ''),
(149, 'RQ8JA01BWGE', '352403090234295', '', 4, 'Disponível', '', 1, 'BOM ESTADO', 0, 0, 0, 0, 0, 0, ''),
(150, '352403090234352', '352403090234352', '', 4, 'Disponível', '', 1, 'BOM ESTADO', 0, 0, 0, 0, 0, 0, ''),
(151, 'RQ8JA01D0AD', '352403090246448', '', 4, 'Disponível', '', 1, 'BOM ESTADO', 0, 0, 0, 0, 0, 0, ''),
(152, '352403090234618', '352403090234618', '352404090234616', 4, 'Disponível', '', 1, 'BOM ESTADO', 0, 0, 0, 0, 0, 0, ''),
(153, 'RQ8JA004JDB', '352403090211210', '', 4, 'Disponível', '', 1, 'BOM ESTADO', 0, 0, 0, 0, 0, 0, ''),
(154, 'RQ8JA00527Y', '352403090216763', '', 4, 'Disponível', '', 1, 'BOM ESTADO', 0, 0, 0, 0, 0, 0, ''),
(155, '352403090233834', '352403090233834', '', 4, 'Disponível', '', 1, 'BOM ESTADO', 0, 0, 0, 0, 0, 0, ''),
(156, 'RQ8JA0057RH', '352403090218595', '', 4, 'Disponível', '', 1, 'BOM ESTADO', 0, 0, 0, 0, 0, 0, ''),
(157, '352403090240375', '352403090240375', '', 4, 'Disponível', '', 1, 'BOM ESTADO', 0, 0, 0, 0, 0, 0, ''),
(158, 'RQ84A01CYWZ', '352403090245978', '', 4, 'Disponível', '', 1, 'BOM ESTADO', 0, 0, 0, 0, 0, 0, ''),
(159, 'RQ8JA01CMSX', '352403090242645', '', 4, 'Disponível', '', 1, 'BOM ESTADO', 0, 0, 0, 0, 0, 0, ''),
(160, 'RQ8JA01BYBM', '352403090234907', '', 4, 'Disponível', '', 1, 'BOM ESTADO', 0, 0, 0, 0, 0, 0, ''),
(161, 'RQ8JA01D19J', '352403090246760', '', 4, 'Disponível', '', 1, 'BOM ESTADO', 0, 0, 0, 0, 0, 0, ''),
(162, '352403090235169', '352403090235169', '', 4, 'Disponível', '', 1, 'BOM ESTADO', 0, 0, 0, 0, 0, 0, ''),
(163, 'RQ8JA01CNMX', '352403090243007', '', 4, 'Disponível', '', 1, 'BOM ESTADO', 0, 0, 0, 0, 0, 0, ''),
(164, '352403090234733', '352403090234733', '', 4, 'Disponível', '', 1, 'BOM ESTADO', 0, 0, 0, 0, 0, 0, ''),
(165, '352403090234733', '352403090234733', '', 4, 'Disponível', '', 1, 'BOM ESTADO', 0, 0, 0, 0, 0, 0, ''),
(166, 'RQ8JA01C0RY', '352403090235706', '', 4, 'Disponível', '', 1, 'BOM ESTADO', 0, 0, 0, 0, 0, 0, ''),
(168, 'RQ8JA01CFJT', '352403090240581', '', 4, 'Disponível', '', 1, 'BOM ESTADO', 0, 0, 0, 0, 0, 0, ''),
(169, 'RQ8JA01CHQT', '352403090241308', '', 4, 'Disponível', '', 1, 'BOM ESTADO', 0, 0, 0, 0, 0, 0, ''),
(170, '352403090236159', '352403090236159', '', 4, 'Disponível', '', 1, 'BOM ESTADO', 0, 0, 0, 0, 0, 0, ''),
(171, 'RQ8JA018RMR', '352403090224973', '', 4, 'EMPRESTADO', NULL, 1, 'BOM ESTADO', 1, 1, 1, 0, 0, 1, ''),
(172, 'RQ8JA01CP6P', '352403090243106', '', 4, 'Disponível', '', 1, 'BOM ESTADO', 0, 0, 0, 0, 0, 0, ''),
(173, 'RQ8JA01BW7K', '352403090234204', '', 4, 'Disponível', '', 1, 'BOM ESTADO', 0, 0, 0, 0, 0, 0, ''),
(174, '352403090235573', '352403090235573', '', 4, 'Disponível', '', 1, 'BOM ESTADO', 0, 0, 0, 0, 0, 0, ''),
(175, '352403090236043', '352403090236043', '', 4, 'Disponível', '', 1, 'BOM ESTADO', 0, 0, 0, 0, 0, 0, ''),
(176, '352403090216821', '352403090216821', '', 4, 'Disponível', '', 1, 'BOM ESTADO', 0, 0, 0, 0, 0, 0, ''),
(177, 'RQ8JB04E5VK', '352403090397076', '', 4, 'Disponível', '', 1, 'BOM ESTADO', 0, 0, 0, 0, 0, 0, ''),
(178, 'RQ8JA01CFBV', '352403090240516', '', 4, 'Disponível', '', 1, 'BOM ESTADO', 0, 0, 0, 0, 0, 0, ''),
(179, 'RQ8JA01CZMX', '352403090246224', '', 4, 'Disponível', '', 1, 'BOM ESTADO', 0, 0, 0, 0, 0, 0, ''),
(180, 'RQ8JA01D0DW', '352403090246471', '', 4, 'Disponível', '', 1, 'BOM ESTADO', 0, 0, 0, 0, 0, 0, ''),
(181, '352403090246331', '352403090246331', '', 4, 'Indisponível', 'aparelho devolvido pela ciretran Quebrado.', 1, 'QUEBRADO', 1, 1, 1, 1, 1, 1, ''),
(182, 'RQ8JA01BWPR', '352403090234360', '', 4, 'Disponível', '', 1, 'BOM ESTADO', 0, 0, 0, 0, 0, 0, ''),
(183, 'RQ8JA01C0EN', '352403090235599', '', 4, 'Disponível', '', 1, 'BOM ESTADO', 0, 0, 0, 0, 0, 0, ''),
(184, 'RQ8JA00392B', '352403090197260', '', 4, 'Disponível', '', 1, 'BOM ESTADO', 0, 0, 0, 0, 0, 0, ''),
(185, 'RQ8JA01CQXR', '352403090243676', '', 4, 'Disponível', '', 1, 'BOM ESTADO', 0, 0, 0, 0, 0, 0, ''),
(186, 'RQ8JA01CYQD', '352403090245929', '', 4, 'Disponível', '', 1, 'BOM ESTADO', 0, 0, 0, 0, 0, 0, ''),
(187, '352403090237306', '352403090237306', '', 4, 'Disponível', '', 1, 'BOM ESTADO', 0, 0, 0, 0, 0, 0, ''),
(188, 'RQ8JA01BJX', '352403090235300', '', 4, 'Disponível', '', 1, 'BOM ESTADO', 0, 0, 0, 0, 0, 0, ''),
(189, 'RQ8JA01CQZL', '352403090243692', '', 4, 'Disponível', '', 1, 'BOM ESTADO', 0, 0, 0, 0, 0, 0, ''),
(190, 'RQ8JA01BTSB', '352403090233735', '', 4, 'Disponível', '', 1, 'BOM ESTADO', 0, 0, 0, 0, 0, 0, ''),
(191, 'RQ8JA0058DP', '352403090218801', '', 4, 'Disponível', '', 1, 'BOM ESTADO', 0, 0, 0, 0, 0, 0, ''),
(192, '352403090238254', '352404090238252', '', 4, 'Disponível', '', 1, 'BOM ESTADO', 0, 0, 0, 0, 0, 0, ''),
(193, 'RQ8JA01BWSK', '352403090234394', '', 4, 'Disponível', '', 1, 'BOM ESTADO', 0, 0, 0, 0, 0, 0, ''),
(194, 'RQ8JA01CNTK', '352403090242983', '', 4, 'Disponível', '', 1, 'BOM ESTADO', 0, 0, 0, 0, 0, 0, ''),
(195, 'RQ8JA01CZYT', '352403090246323', '', 4, 'Disponível', '', 1, 'BOM ESTADO', 0, 0, 0, 0, 0, 0, ''),
(196, 'RQ8JA01C1WD', '352403090236076', '', 4, 'Disponível', '', 1, 'BOM ESTADO', 0, 0, 0, 0, 0, 0, ''),
(197, '352403090197104', '352403090197104', '', 4, 'Disponível', '', 1, 'BOM ESTADO', 0, 0, 0, 0, 0, 0, ''),
(198, 'RQ8JA01BZ2V', '352403090235144', '', 4, 'Disponível', 'TELA QUEBRADA', 1, 'QUEBRADO', 0, 0, 0, 0, 0, 0, ''),
(199, 'RQ8JA01C0HL', '352403090235623', '', 4, 'Disponível', '', 1, 'BOM ESTADO', 0, 0, 0, 0, 0, 0, ''),
(200, 'RQ8JA01CKNJ', '352403090241944', '', 4, 'Disponível', '', 1, 'BOM ESTADO', 0, 0, 0, 0, 0, 0, ''),
(201, 'RQ8JA01C1VY', '352403090236068', '', 4, 'Disponível', '', 1, 'BOM ESTADO', 0, 0, 0, 0, 0, 0, ''),
(202, 'RQ8JA018RBB', '352403090224874', '', 4, 'Disponível', '', 1, 'BOM ESTADO', 0, 0, 0, 0, 0, 0, ''),
(203, 'RQ8JA01C0GM', '352403090235615', '', 4, 'EMPRESTADO', NULL, 1, 'BOM ESTADO', 1, 1, 1, 1, 1, 1, ''),
(204, 'RQ8JA01BWFD', '352403090234287', '', 4, 'Disponível', '', 1, 'BOM ESTADO', 0, 0, 0, 0, 0, 0, ''),
(205, 'RQ8JA01CGKH', '352403090240920', '', 4, 'Disponível', '', 1, 'BOM ESTADO', 0, 0, 0, 0, 0, 0, ''),
(206, 'RQ8JB04DE7M', '352403090388943', '', 4, 'Disponível', '', 1, 'BOM ESTADO', 0, 0, 0, 0, 0, 0, ''),
(207, '352403090387564', '352403090387564', '', 4, 'Disponível', 'BOM ESTADO. \n OK - TODOS ACESSÓRIOS DEVOLVIDOS.\n', 1, 'BOM ESTADO', 1, 1, 1, 0, 0, 1, ''),
(208, 'RQ8JB04DTBY', '352403090393273', '', 4, 'Disponível', 'telefone devolvido estava na ciretran de Foz do Iguaçu PR.', 1, 'BOM ESTADO', 1, 1, 1, 1, 0, 1, ''),
(209, '352403090392093', '352403090392093', '', 4, 'Disponível', '', 1, 'BOM ESTADO', 0, 0, 0, 0, 0, 0, ''),
(210, 'RQ8JB04DTDZ', '352403090393299', '', 4, 'Disponível', '', 1, 'BOM ESTADO', 0, 0, 0, 0, 0, 0, ''),
(211, '352403090393240', '352403090393240', '', 4, 'Disponível', '', 1, 'BOM ESTADO', 0, 0, 0, 0, 0, 0, ''),
(212, '352403090392416', '352403090392416', '', 4, 'Disponível', '', 1, 'BOM ESTADO', 0, 0, 0, 0, 0, 0, ''),
(213, 'RQ8JB04DPLZ', '352403090392044', '', 4, 'Disponível', '', 1, 'BOM ESTADO', 0, 0, 0, 0, 0, 0, ''),
(214, 'RQ8JB04D9SV', '352403090387481', '', 4, 'Disponível', '', 1, 'BOM ESTADO', 0, 0, 0, 0, 0, 0, ''),
(215, 'RQ8JB04DA8L', '352403090387630', '', 4, 'Disponível', '', 1, 'BOM ESTADO', 0, 0, 0, 0, 0, 0, ''),
(216, 'RQ8JB04DHEW', '352403090390006', '', 4, 'Disponível', '', 1, 'BOM ESTADO', 0, 0, 0, 0, 0, 0, ''),
(217, 'RQ8JB04D9VH', '352403090387374', '', 4, 'Disponível', '', 1, 'BOM ESTADO', 0, 0, 0, 0, 0, 0, ''),
(218, 'RQ8JB04E5EN', '352403090396938', '', 4, 'Disponível', '', 1, 'BOM ESTADO', 0, 0, 0, 0, 0, 0, ''),
(219, 'RQ8JB04E57Z', '352403090396862', '', 4, 'Disponível', '', 1, 'BOM ESTADO', 0, 0, 0, 0, 0, 0, ''),
(220, 'RQ8JB04DH5F', '352403090389917', '', 4, 'Disponível', '', 1, 'BOM ESTADO', 0, 0, 0, 0, 0, 0, ''),
(221, 'RQ8JB04DCFX', '352403090388364', '', 4, 'Disponível', '', 1, 'BOM ESTADO', 0, 0, 0, 0, 0, 0, ''),
(222, '352403090387119', '352403090387119', '', 4, 'Disponível', '', 1, 'BOM ESTADO', 0, 0, 0, 0, 0, 0, ''),
(223, 'RQ8JB04DG1K', '352403090389545', '', 4, 'Disponível', '', 1, 'BOM ESTADO', 0, 0, 0, 0, 0, 0, ''),
(224, 'RQ8JB04E61V', '352403090397134', '', 4, 'Disponível', '', 1, 'BOM ESTADO', 0, 0, 0, 0, 0, 0, ''),
(225, '352403090396656', '352403090396656', '', 4, 'Disponível', '', 1, 'BOM ESTADO', 0, 0, 0, 0, 0, 0, ''),
(226, 'RQ8JB04E95E', '352403090398165', '', 4, 'Disponível', '', 1, 'BOM ESTADO', 0, 0, 0, 0, 0, 0, ''),
(227, 'RQ8JB04DGMF', '352403090389743', '', 4, 'Disponível', '', 1, 'BOM ESTADO', 0, 0, 0, 0, 0, 0, ''),
(228, 'RQ8JB04E92K', '352403090398132', '', 4, 'Disponível', '', 1, 'BOM ESTADO', 0, 0, 0, 0, 0, 0, ''),
(229, 'RQ8JB04DG7L', '352403090389602', '', 4, 'Disponível', '', 1, 'BOM ESTADO', 0, 0, 0, 0, 0, 0, ''),
(230, '352403090394735', '352403090394735', '', 4, 'Disponível', '', 1, 'BOM ESTADO', 0, 0, 0, 0, 0, 0, ''),
(231, 'RQ8JB04DAGJ', '352403090387713', '', 4, 'Disponível', '', 1, 'BOM ESTADO', 0, 0, 0, 0, 0, 0, ''),
(232, 'RQ8JB04DXMH', '352403090394362', '', 4, 'Disponível', '', 1, 'BOM ESTADO', 0, 0, 0, 0, 0, 0, ''),
(233, '352403090387234', '352403090387234', '', 4, 'Disponível', '', 1, 'BOM ESTADO', 0, 0, 0, 0, 0, 0, ''),
(234, '352403090389735', '352403090389735', '', 4, 'Disponível', '', 1, 'BOM ESTADO', 0, 0, 0, 0, 0, 0, ''),
(235, 'RQ8JB04DGVV', '352403090389818', '', 4, 'Disponível', '', 1, 'BOM ESTADO', 0, 0, 0, 0, 0, 0, ''),
(236, 'RQ8JB04DB5K', '352403090387937', '', 4, 'Disponível', '', 1, 'BOM ESTADO', 0, 0, 0, 0, 0, 0, ''),
(237, 'RQ8JB04D8ZZ', '352403090387218', '', 4, 'Disponível', '', 1, 'BOM ESTADO', 0, 0, 0, 0, 0, 0, ''),
(238, 'RQ8JB04DYVF', '352403090394768', '', 4, 'Disponível', '', 1, 'BOM ESTADO', 0, 0, 0, 0, 0, 0, ''),
(239, 'RQ8JB04DYZN', '352403090394800', '', 4, 'Disponível', '', 1, 'BOM ESTADO', 0, 0, 0, 0, 0, 0, ''),
(240, 'RQ8JB04DPDW', '352403090391970', '', 4, 'Disponível', '', 1, 'BOM ESTADO', 0, 0, 0, 0, 0, 0, ''),
(241, 'RQ8JB04DDBK', '352403090388653', '', 4, 'Disponível', '', 1, 'BOM ESTADO', 0, 0, 0, 0, 0, 0, ''),
(242, 'RQ8JB04DD3P', '352403090388570', '', 4, 'Disponível', '', 1, 'BOM ESTADO', 0, 0, 0, 0, 0, 0, ''),
(243, '352403090391848', '352403090391848', '', 4, 'Disponível', '', 1, 'BOM ESTADO', 0, 0, 0, 0, 0, 0, ''),
(244, '352403090387192', '352403090387192', '', 4, 'Disponível', '', 1, 'BOM ESTADO', 0, 0, 0, 0, 0, 0, ''),
(245, 'RQ8JB04DSSJ', '352403090393091', '', 4, 'Disponível', '', 1, 'BOM ESTADO', 0, 0, 0, 0, 0, 0, ''),
(246, 'RQ8JB04DD2W', '352403090388562', '', 4, 'Disponível', '', 1, 'BOM ESTADO', 0, 0, 0, 0, 0, 0, ''),
(247, 'RQ8JB04DA6T', '352403090387614', '', 4, 'Disponível', '', 1, 'BOM ESTADO', 0, 0, 0, 0, 0, 0, ''),
(248, '352403090387168', '352403090387168', '', 4, 'Disponível', '', 1, 'BOM ESTADO', 0, 0, 0, 0, 0, 0, ''),
(249, 'RQ8JB04DY4Y', '352403090394529', '', 4, 'Disponível', '', 1, 'BOM ESTADO', 0, 0, 0, 0, 0, 0, ''),
(250, '352403090392358', '352403090392358', '', 4, 'Disponível', '', 1, 'BOM ESTADO', 0, 0, 0, 0, 0, 0, ''),
(251, 'RQ8JB04DV9W', '352403090393588', '', 4, 'Disponível', '', 1, 'BOM ESTADO', 0, 0, 0, 0, 0, 0, ''),
(252, 'RQ8JB04DTHB', '352403090393331', '', 4, 'Disponível', '', 1, 'BOM ESTADO', 0, 0, 0, 0, 0, 0, ''),
(253, 'RQ8JB04DYTK', '352403090394750', '', 4, 'Disponível', '', 1, 'BOM ESTADO', 0, 0, 0, 0, 0, 0, ''),
(254, 'RQ8JB04DD1D', '352403090388554', '', 4, 'Disponível', '', 1, 'BOM ESTADO', 0, 0, 0, 0, 0, 0, ''),
(255, '352403090389263', '352403090389263', '', 4, 'Disponível', '', 1, 'BOM ESTADO', 0, 0, 0, 0, 0, 0, ''),
(256, 'RQ8JB04D9GZ', '352403090387382', '', 4, 'Disponível', '', 1, 'BOM ESTADO', 0, 0, 0, 0, 0, 0, ''),
(257, '352403090387598', '352403090387598', '', 4, 'Disponível', '', 1, 'BOM ESTADO', 0, 0, 0, 0, 0, 0, ''),
(258, '352403090387697', '352403090387697', '', 4, 'Disponível', '', 1, 'BOM ESTADO', 0, 0, 0, 0, 0, 0, ''),
(259, 'RQ8JB04DDGN', '352403090388703', '', 4, 'Disponível', '', 1, 'BOM ESTADO', 0, 0, 0, 0, 0, 0, ''),
(260, '352403090387697', '352403090387697', '', 4, 'Disponível', '', 1, 'BOM ESTADO', 0, 0, 0, 0, 0, 0, ''),
(261, '352403090391988', '352403090391988', '', 4, 'Disponível', '', 1, 'BOM ESTADO', 0, 0, 0, 0, 0, 0, ''),
(262, 'RQ8JB04DD5A', '352403090388596', '', 4, 'Disponível', '', 1, 'BOM ESTADO', 0, 0, 0, 0, 0, 0, ''),
(263, '352403090387309', '352403090387309', '', 4, 'Disponível', '', 1, 'BOM ESTADO', 0, 0, 0, 0, 0, 0, ''),
(264, 'RQ8JB04DP5B', '352403090391897', '', 4, 'Disponível', '', 1, 'BOM ESTADO', 0, 0, 0, 0, 0, 0, ''),
(265, 'RQ8JB04DP2R', '352403090391863', '', 4, 'Disponível', '', 1, 'BOM ESTADO', 0, 0, 0, 0, 0, 0, ''),
(266, 'RQ8JB04DD0V', '352403090388547', '', 4, 'Disponível', '', 1, 'BOM ESTADO', 0, 0, 0, 0, 0, 0, ''),
(267, 'RQ8JB04DA9X', '352403090387648', '', 4, 'Disponível', '', 1, 'BOM ESTADO', 0, 0, 0, 0, 0, 0, ''),
(268, 'RQ8JB04DA9X', '352403090387648', '', 4, 'Disponível', '', 1, 'BOM ESTADO', 0, 0, 0, 0, 0, 0, ''),
(269, '352403090394586', '352403090394586', '', 4, 'EMPRESTADO', NULL, 1, 'BOM ESTADO', 0, 0, 0, 0, 0, 0, ''),
(270, 'RQ8JA0R305L', '352403090358110', '', 4, 'Disponível', 'devolvido ', 1, 'BOM ESTADO', 1, 1, 1, 0, 0, 0, ''),
(271, '352095090910765', '352095090910765', '', 4, 'Disponível', '', 1, 'BOM ESTADO', 0, 0, 0, 0, 0, 0, ''),
(272, 'RQ8K20BNNCA', '352095090909015', '', 4, 'Disponível', '', 1, 'BOM ESTADO', 0, 0, 0, 0, 0, 0, ''),
(273, '355041091133293', '355041091133293', '', 4, 'Disponível', '', 1, 'BOM ESTADO', 0, 0, 0, 0, 0, 0, ''),
(274, 'RQ8JB04DYDN', '352403090394610', '', 4, 'EMPRESTADO', NULL, 1, 'BOM ESTADO', 1, 1, 1, 0, 0, 1, ''),
(275, 'RQ8JB04DTER', '352403090393307', '', 4, 'Disponível', '', 1, 'BOM ESTADO', 0, 0, 0, 0, 0, 0, ''),
(276, '358668081264147', '358668081264147', '', 7, 'Disponível', '', 1, 'BOM ESTADO', 0, 0, 0, 0, 0, 0, ''),
(278, '358668081084446', '358668081084446', '', 7, 'Disponível', '', 1, 'BOM ESTADO', 0, 0, 0, 0, 0, 0, ''),
(279, '358668081267199', '358668081267199', '', 7, 'Disponível', '', 1, 'BOM ESTADO', 0, 0, 0, 0, 0, 0, ''),
(280, '358668081264006', '358668081264006', '', 7, 'Disponível', '', 1, 'BOM ESTADO', 0, 0, 0, 0, 0, 0, ''),
(281, '358668081273734', '358668081273734', '', 7, 'Disponível', '', 1, 'BOM ESTADO', 0, 0, 0, 0, 0, 0, ''),
(282, '358668081264238', '358668081264238', '', 7, 'Disponível', '', 1, 'BOM ESTADO', 0, 0, 0, 0, 0, 0, ''),
(283, 'RQ8J90D515R', '358668081262893', '', 7, 'Disponível', '', 1, 'BOM ESTADO', 0, 0, 0, 0, 0, 0, ''),
(284, '358668081268981', '358668081268981', '', 7, 'Disponível', '', 1, 'BOM ESTADO', 0, 0, 0, 0, 0, 0, ''),
(285, '358668081266738', '358668081266738', '', 7, 'Disponível', '', 1, 'BOM ESTADO', 0, 0, 0, 0, 0, 0, ''),
(286, '358668082980337', '358668082980337', '', 7, 'Disponível', '', 1, 'BOM ESTADO', 0, 0, 0, 0, 0, 0, ''),
(287, '358668081084446', '358668081084446', '', 7, 'Disponível', '', 1, 'BOM ESTADO', 0, 0, 0, 0, 0, 0, ''),
(288, '358668081263677', '358668081263677', '', 7, 'Disponível', '', 1, 'BOM ESTADO', 0, 0, 0, 0, 0, 0, ''),
(289, '358668081263677', '358668081263677', '', 7, 'Disponível', '', 1, 'BOM ESTADO', 0, 0, 0, 0, 0, 0, ''),
(290, '358668081266969', '358668081266969', '', 7, 'Disponível', '', 1, 'BOM ESTADO', 0, 0, 0, 0, 0, 0, ''),
(291, '358668081270540', '358668081270540', '', 7, 'EMPRESTADO', NULL, 1, 'BOM ESTADO', 1, 1, 1, 1, 1, 0, ''),
(292, '358151072170284', '358151072170284', '', 6, 'Disponível', '', 1, 'BOM ESTADO', 0, 0, 0, 0, 0, 0, ''),
(293, 'RQ8JB04DPAX', '352403090391947', '', 4, 'Disponível', '', 1, 'BOM ESTADO', 0, 0, 0, 0, 0, 0, ''),
(294, 'RQ8JA01BWWF', '352403090234428', '', 4, 'Disponível', '', 1, 'BOM ESTADO', 0, 0, 0, 0, 0, 0, ''),
(295, '356559086953176', '356559086953176', '', 2, 'Disponível', '', 1, 'BOM ESTADO', 0, 0, 0, 0, 0, 0, ''),
(296, '356563087070865', '356563087070865', '', 2, 'Disponível', '', 1, 'BOM ESTADO', 0, 0, 0, 0, 0, 0, ''),
(297, '356563087167075', '356563087167075', '', 2, 'Disponível', '', 1, 'BOM ESTADO', 0, 0, 0, 0, 0, 0, ''),
(298, '356559086892358', '356559086892358', '', 2, 'Disponível', '', 1, 'BOM ESTADO', 0, 0, 0, 0, 0, 0, ''),
(299, '356563086732945', '356563086732945', '', 2, 'Disponível', '', 1, 'BOM ESTADO', 0, 0, 0, 0, 0, 0, ''),
(300, '356563087135395', '356563087135395', '', 2, 'Disponível', '', 1, 'BOM ESTADO', 0, 0, 0, 0, 0, 0, ''),
(301, '352403090389339', '352403090389339', '352404090389337', 4, 'Disponível', '', 1, 'BOM ESTADO', 0, 0, 0, 0, 0, 0, ''),
(302, 'RQ8JA01C5TZ', '352403090237371', '', 4, 'Disponível', '', 1, 'BOM ESTADO', 0, 0, 0, 0, 0, 0, ''),
(303, 'RQ8JB04DG9V', '352403090389628', '', 4, 'Disponível', '', 1, 'BOM ESTADO', 0, 0, 0, 0, 0, 0, ''),
(304, 'RQ8JA01CNMX', '352403090243007', '', 4, 'Disponível', '', 1, 'BOM ESTADO', 0, 0, 0, 0, 0, 0, ''),
(305, '352403090216755', '352403090216755', '', 4, 'Disponível', '', 1, 'BOM ESTADO', 0, 0, 0, 0, 0, 0, ''),
(306, '352403090235136', '352403090235136', '', 4, 'Disponível', '', 1, 'BOM ESTADO', 0, 0, 0, 0, 0, 0, ''),
(307, '356453109575028', '356453109575028', '', 1, 'Disponível', '', 1, 'BOM ESTADO', 1, 1, 1, 0, 1, 1, ''),
(308, '356453108043648', '356453108043648', '', 1, 'Disponível', '', 1, 'BOM ESTADO', 0, 0, 0, 0, 0, 0, ''),
(309, 'RQ8JA01C5TZ', '352403090237371', '', 4, 'Disponível', '', 1, 'BOM ESTADO', 0, 0, 0, 0, 0, 0, ''),
(310, '358668081083554', '358668081083554', '', 7, 'Disponível', '', 1, 'BOM ESTADO', 0, 0, 0, 0, 0, 0, ''),
(311, 'RQ8JA01BX2W', '352403090234485', '', 4, 'Disponível', '', 1, 'BOM ESTADO', 0, 0, 0, 0, 0, 0, ''),
(312, '354149110188429', '354149110188429', '', 11, 'Disponível', '', 1, 'BOM ESTADO', 0, 0, 0, 0, 0, 0, ''),
(313, 'RQ8JB04DP8N', '352403090391921', '', 4, 'Disponível', '', 1, 'BOM ESTADO', 0, 0, 0, 0, 0, 0, ''),
(314, 'RQ8JB04DP2R', '352403090391863', '', 4, 'Disponível', '', 1, 'BOM ESTADO', 0, 0, 0, 0, 0, 0, ''),
(315, 'RQ8JB04DD5A', '352403090388596', '', 4, 'Disponível', '', 1, 'BOM ESTADO', 0, 0, 0, 0, 0, 0, ''),
(316, 'RQ8JA01BWQM', '352403090234378', '', 4, 'Disponível', '', 1, 'BOM ESTADO', 0, 0, 0, 0, 0, 0, ''),
(317, '352095090910708', '352095090910708', '', 3, 'Disponível', 'BOM ESTADO. \n. \n OK - Todos acessórios devolvidos.\n', 1, 'BOM ESTADO', 1, 1, 1, 1, 1, 0, ''),
(318, 'RQ8JA01BZTW', '352403090235391', '', 4, 'Disponível', '', 1, 'BOM ESTADO', 0, 0, 0, 0, 0, 0, ''),
(320, 'RQ8JA01BZ5D', '352403090235177', '', 4, 'Disponível', '', 1, 'BOM ESTADO', 0, 0, 0, 0, 0, 0, ''),
(321, 'RQ8JB04DV8D', '352403090393570', '', 4, 'Disponível', '', 1, 'BOM ESTADO', 0, 0, 0, 0, 0, 0, ''),
(322, '354693113927945', '354693113927945', '', 9, 'Disponível', '', 1, 'BOM ESTADO', 0, 0, 0, 0, 0, 0, ''),
(323, '354693113929958', '354693113929958', '', 9, 'Disponível', '', 1, 'BOM ESTADO', 0, 0, 0, 0, 0, 0, ''),
(324, '354693113930097', '354693113930097', '', 9, 'Disponível', '', 1, 'BOM ESTADO', 0, 0, 0, 0, 0, 0, ''),
(325, 'R9QN602MKLA', '354693113930741', '', 9, 'Disponível', '', 1, 'BOM ESTADO', 0, 0, 0, 0, 0, 0, ''),
(326, '354693113930063', '354693113930063', '', 9, 'Disponível', '', 1, 'BOM ESTADO', 0, 0, 0, 0, 0, 0, ''),
(327, '354693113928935', '354693113928935', '', 9, 'Disponível', '', 1, 'BOM ESTADO', 0, 0, 0, 0, 0, 0, ''),
(328, 'R9QN602MMKT', '354693113931392', '', 9, 'Disponível', '', 1, 'BOM ESTADO', 0, 0, 0, 0, 0, 0, ''),
(329, 'RQ8JB04DCRZ', '352403090388463', '', 4, 'Disponível', '', 1, 'BOM ESTADO', 0, 0, 0, 0, 0, 0, ''),
(330, '29599R1NX05493', '867549059882520', '867549059882538', 12, 'EMPRESTADO', NULL, 2, 'BOM ESTADO', 1, 1, 1, 0, 0, 0, '200200200680'),
(331, '29599R1NX05522', '867549059905008', '867549059905016', 12, 'EMPRESTADO', NULL, 2, 'BOM ESTADO', 1, 1, 1, 0, 0, 1, '200200200681'),
(332, '29599R1NX05324', '864012053155420', '864012053155438', 12, 'Disponível', '', 2, 'BOM ESTADO', 1, 1, 1, 0, 0, 1, '200200200682'),
(333, '29596R1NX10004', '869819050505349', '869819050505356', 12, 'EMPRESTADO', NULL, 2, 'BOM ESTADO', 1, 1, 1, 1, 0, 1, '200200200683'),
(334, '29596R1NX14285', '864012054199187', '864012054199195', 12, 'EMPRESTADO', '', 2, 'BOM ESTADO', 1, 1, 1, 0, 0, 1, '200200200684'),
(335, '2960860Z303855', '864012054203989', '864012054203997', 12, 'EMPRESTADO', NULL, 2, 'BOM ESTADO', 1, 1, 1, 0, 0, 0, '200200200685'),
(336, '2960861NX00299', '863667057180723', '863667057180731', 12, 'EMPRESTADO', NULL, 2, 'BOM ESTADO', 1, 1, 1, 1, 0, 0, '200200200686'),
(337, '29599R1NX05509', '864012053141685', '864012053141693', 12, 'EMPRESTADO', '', 2, 'BOM ESTADO', 1, 1, 1, 0, 0, 1, '200200200687'),
(338, '29599R1NX05428', '867549059941243', '867549059941250', 12, 'EMPRESTADO', '', 2, 'BOM ESTADO', 1, 1, 1, 0, 1, 1, '200200200688'),
(339, '3053360Z701853', '861359052079629', '861359052079637', 12, 'EMPRESTADO', '', 2, 'BOM ESTADO', 1, 1, 1, 1, 0, 1, '200200200689'),
(340, '2960860Z301546', '863667056753801', '863667056753819', 12, 'EMPRESTADO', NULL, 2, 'BOM ESTADO', 1, 1, 1, 1, 0, 1, '200200200690'),
(341, '29599R1NX04409', '867549059915122', '867549059915130', 12, 'EMPRESTADO', NULL, 2, 'BOM ESTADO', 0, 0, 0, 0, 0, 0, '200200200691'),
(342, '2960860Z303894', '863667056735964', '863667056735972', 12, 'EMPRESTADO', NULL, 2, 'BOM ESTADO', 1, 1, 1, 0, 0, 1, '200200200692'),
(343, '3053360Z701636', '861359052070669', '861359052070677', 12, 'EMPRESTADO', NULL, 2, 'BOM ESTADO', 1, 1, 1, 0, 0, 1, '200200200693'),
(344, '3053360Z701937', '861359052082946', '861359052082953', 12, 'EMPRESTADO', '', 2, 'BOM ESTADO', 1, 1, 1, 0, 0, 1, '200200200694'),
(345, '2960860Z302759', '863667057058440', '863667057058457', 12, 'EMPRESTADO', NULL, 2, 'BOM ESTADO', 1, 1, 1, 0, 0, 1, '200200200695'),
(346, '2960860Z301460', '863667057201941', '863667057201958', 12, 'EMPRESTADO', NULL, 2, 'BOM ESTADO', 1, 1, 1, 0, 0, 1, '200200200696'),
(347, '29599R1NX05430', '864012053141347', '864012053141354', 12, 'EMPRESTADO', NULL, 2, 'BOM ESTADO', 1, 1, 1, 0, 0, 1, '200200200697'),
(348, '2960860Z301338', '863667057260442', '863667057260459', 12, 'EMPRESTADO', NULL, 2, 'BOM ESTADO', 1, 1, 1, 0, 0, 1, '200200200698'),
(349, '29599R1NX05215', '867549059891489', '867549059891497', 12, 'EMPRESTADO', NULL, 2, 'BOM ESTADO', 1, 1, 1, 0, 0, 1, '200200200699'),
(350, '29599R1NX05607', '867549059883627', '867549059883635', 12, 'EMPRESTADO', NULL, 2, 'BOM ESTADO', 1, 1, 1, 0, 0, 1, '200200200700'),
(351, '2959860ZJ03237', '866996057433544', '866996057433551', 12, 'EMPRESTADO', '', 2, 'BOM ESTADO', 1, 1, 1, 0, 0, 1, '200200200701'),
(352, '29596R1NX12047', '864012054195169', '864012054195177', 12, 'EMPRESTADO', NULL, 2, 'BOM ESTADO', 1, 1, 1, 0, 0, 1, '200200200702'),
(353, '2960960ZQ04321', '861440053968281', '861440053968299', 12, 'EMPRESTADO', '', 2, 'BOM ESTADO', 1, 1, 1, 0, 0, 1, '200200200703'),
(354, '2960960ZQ03700', '861440054010646', '861440054010653', 12, 'EMPRESTADO', NULL, 2, 'BOM ESTADO', 1, 1, 1, 0, 0, 1, '200200200704'),
(355, '29596R1NX10054', '864012054229182', '864012054229190', 12, 'EMPRESTADO', NULL, 2, 'BOM ESTADO', 1, 1, 1, 0, 0, 1, '200200200705'),
(356, '3053360Z700646', '861359050193729', '861359050193737', 12, 'EMPRESTADO', NULL, 2, 'BOM ESTADO', 1, 1, 1, 0, 0, 1, '200200200706'),
(357, '29599R1NX05219', '867549059905628', '867549059905636', 12, 'EMPRESTADO', NULL, 2, 'BOM ESTADO', 1, 1, 1, 0, 0, 1, '200200200707'),
(358, '3053360Z700706', '861359050143567', '861359050143575', 12, 'EMPRESTADO', NULL, 2, 'BOM ESTADO', 1, 1, 1, 0, 0, 1, '200200200708'),
(359, '29596R1NX12658', '864012054215728', '864012054215736', 12, 'EMPRESTADO', NULL, 2, 'BOM ESTADO', 1, 1, 1, 0, 0, 0, '200200200709'),
(360, '3053360Z700527', '861359050187127', '861359050187135', 12, 'EMPRESTADO', NULL, 2, 'BOM ESTADO', 1, 1, 1, 0, 0, 1, '200200200710'),
(361, '29597R0Z960656', '868140052269227', '868140052269235', 12, 'EMPRESTADO', NULL, 2, 'BOM ESTADO', 1, 1, 1, 0, 0, 1, '200200200711'),
(362, '2960861NX00023', '869236056289069', '869236056289077', 12, 'EMPRESTADO', NULL, 2, 'BOM ESTADO', 1, 1, 1, 0, 0, 1, '200200200712'),
(363, '29599R1NX04611', '867549059888527', '867549059888535', 12, 'EMPRESTADO', NULL, 2, 'BOM ESTADO', 1, 1, 1, 0, 0, 1, '200200200713'),
(364, '2960860Z402258', '863667057569800', '863667057569818', 12, 'EMPRESTADO', NULL, 2, 'BOM ESTADO', 1, 1, 1, 0, 0, 1, '200200200714'),
(365, '29599R1NX05390', '864012053140505', '864012053140513', 12, 'Disponível', '', 2, 'BOM ESTADO', 1, 1, 1, 0, 0, 1, '200200200715'),
(366, '2960861NX00090', '869236056289440', '869236056289457', 12, 'EMPRESTADO', NULL, 2, 'BOM ESTADO', 1, 1, 1, 0, 0, 1, '200200200716'),
(367, '2960860X703458', '869236057924409', '869236057924417', 12, 'EMPRESTADO', '', 2, 'BOM ESTADO', 1, 1, 1, 0, 0, 1, '200200200717'),
(368, '29599R1NX05404', '864012053139325', '864012053139333', 12, 'EMPRESTADO', NULL, 2, 'BOM ESTADO', 1, 1, 1, 0, 0, 1, '200200200718'),
(369, '29599R1NX05517', '864012053145686', '864012053145694', 12, 'EMPRESTADO', NULL, 2, 'BOM ESTADO', 1, 1, 1, 0, 0, 1, '200200200719'),
(370, '29599R1NX05439', '867549059906485', '867549059906493', 12, 'EMPRESTADO', NULL, 2, 'BOM ESTADO', 1, 1, 1, 0, 0, 1, '200200200720'),
(371, '2960860Z302405', '863667057256903', '863667057256911', 12, 'EMPRESTADO', NULL, 2, 'BOM ESTADO', 1, 1, 1, 0, 0, 1, '200200200721'),
(372, '3053360Z701690', '861359052084108', '861359052084116', 12, 'EMPRESTADO', '', 2, 'BOM ESTADO', 1, 1, 1, 0, 0, 1, '200200200722'),
(373, '3053360Z701730', '861359052083365', '861359052083373', 12, 'EMPRESTADO', NULL, 2, 'BOM ESTADO', 1, 1, 1, 0, 0, 1, '200200200723'),
(374, 'RQ8JB04DGDM', '352403090389669', '352404090389667', 4, 'EMPRESTADO', NULL, 1, 'BOM ESTADO', 1, 1, 1, 1, 0, 1, ''),
(375, 'rq8k20bntqd', '352095090910781', '352096090910789', 3, 'Disponível', '', 1, 'BOM ESTADO', 1, 1, 1, 0, 1, 0, ''),
(376, 'C011175863', '350784342242489', '350784342242489', 13, 'Disponível', 'PARA TESTE NA CELEPAR.', 2, 'BOM ESTADO', 1, 1, 0, 1, 0, 0, ''),
(377, '356453109571111', '356453109571111', '356453107141111', 12, 'EMPRESTADO', NULL, 2, 'BOM ESTADO', 1, 1, 1, 0, 0, 0, '200200200200'),
(378, '2791260ZT03912', '866333052194923', '866333052194931', 14, 'EMPRESTADO', NULL, 2, 'BOM ESTADO', 1, 1, 1, 0, 0, 0, '200200200761'),
(379, '2599169XQ10743', '866638047095724', '866638048105720', 15, 'EMPRESTADO', NULL, 2, 'BOM ESTADO', 1, 1, 1, 1, 0, 1, '200200200762'),
(380, '2599169XQ08999', '866638047116033', '866638048126031', 15, 'EMPRESTADO', NULL, 2, 'BOM ESTADO', 1, 1, 1, 1, 0, 1, '200200200763'),
(381, '2599169XQ08972', '866638047120597', '866638048130595', 15, 'EMPRESTADO', NULL, 2, 'BOM ESTADO', 1, 1, 1, 1, 0, 1, '200200200764'),
(382, '2599169XM04233', '866638046940250', '866638047950258', 15, 'EMPRESTADO', NULL, 2, 'BOM ESTADO', 1, 1, 1, 1, 0, 0, '200200200765'),
(383, '3083061NF01178', '869217050767789', '869217050767797', 16, 'EMPRESTADO', NULL, 2, 'BOM ESTADO', 1, 1, 1, 1, 0, 1, '200200200766'),
(384, '3083260ZK00651', '866044056192629', '866044056192637', 16, 'EMPRESTADO', NULL, 2, 'BOM ESTADO', 1, 1, 1, 1, 0, 0, '200200200767'),
(385, '2522629WH09352', '863466046591417', '863466046591425', 17, 'EMPRESTADO', NULL, 2, 'BOM ESTADO', 1, 1, 1, 1, 0, 0, '200200200768'),
(386, '2521629WJ01559', '863466044594694', '863466044594702', 17, 'EMPRESTADO', '', 2, 'BOM ESTADO', 1, 1, 1, 1, 0, 0, '200200200769'),
(387, '2522629WH08815', '863466046528112', '863466046528120', 17, 'EMPRESTADO', NULL, 2, 'BOM ESTADO', 1, 1, 1, 1, 0, 0, '200200200770'),
(388, '2522629WH09304', '863466043095917', '863466043095925', 17, 'EMPRESTADO', NULL, 2, 'BOM ESTADO', 1, 1, 1, 1, 0, 0, '200200200771'),
(389, '2522729W908755', '863466042121037', '863466042121045', 18, 'EMPRESTADO', NULL, 2, 'BOM ESTADO', 1, 1, 1, 1, 0, 0, '200200200772'),
(390, '2522729W908854', '863466041492231', '863466041492249', 18, 'EMPRESTADO', NULL, 2, 'BOM ESTADO', 1, 1, 1, 1, 0, 0, '200200200773'),
(391, '2522729W908744', '863466042048537', '863466042048545', 18, 'EMPRESTADO', NULL, 2, 'BOM ESTADO', 1, 1, 1, 1, 0, 0, '200200200774'),
(392, '2522729W908674', '863466041680116', '863466041680124', 18, 'EMPRESTADO', NULL, 2, 'BOM ESTADO', 1, 1, 1, 1, 0, 1, '200200200775'),
(393, '2443609UM00472', '868489043993050', '868489043993068', 19, 'EMPRESTADO', NULL, 2, 'BOM ESTADO', 1, 1, 1, 1, 0, 0, '200200200776'),
(394, '2443409VP00839', '867117049479078', '867117049479086', 19, 'EMPRESTADO', NULL, 2, 'BOM ESTADO', 1, 1, 1, 1, 0, 0, '200200200777'),
(395, '2443409VP01050', '867117046899138', '867117046899146', 19, 'EMPRESTADO', NULL, 2, 'BOM ESTADO', 1, 1, 1, 1, 0, 0, '200200200778'),
(396, '2443609UM00496', '868489044288930', '868489044288948', 19, 'EMPRESTADO', NULL, 2, 'BOM ESTADO', 1, 1, 1, 1, 0, 0, '200200200779'),
(397, '2443409VP00910', '867117049650330', '867117049650348', 19, 'EMPRESTADO', NULL, 2, 'BOM ESTADO', 1, 1, 1, 1, 0, 0, '200200200780'),
(398, '2443609UM00477', '868489043799853', '868489043799861', 19, 'EMPRESTADO', NULL, 2, 'BOM ESTADO', 1, 1, 1, 1, 0, 0, '200200200781'),
(399, '2443609UM00487', '868489043081997', '868489043082003', 19, 'EMPRESTADO', NULL, 2, 'BOM ESTADO', 1, 1, 1, 1, 0, 0, '200200200782'),
(400, '2443609UM00272', '868489043963731', '868489043963749', 19, 'EMPRESTADO', NULL, 2, 'BOM ESTADO', 1, 1, 1, 1, 0, 0, '200200200783'),
(401, '2443409VP00947', '868489047096454', '868489047096462', 19, 'EMPRESTADO', NULL, 2, 'BOM ESTADO', 1, 1, 1, 1, 0, 0, '200200200784'),
(402, '2443409VP01065', '867117049545290', '867117049545308', 19, 'EMPRESTADO', NULL, 2, 'BOM ESTADO', 1, 1, 1, 1, 0, 0, '200200200785'),
(403, '2443609UM00495', '868489044280499', '868489044280507', 19, 'EMPRESTADO', NULL, 2, 'BOM ESTADO', 1, 1, 1, 1, 0, 1, '200200200786'),
(404, '2443609UM00479', '868489043804638', '868489043804646', 19, 'EMPRESTADO', NULL, 2, 'BOM ESTADO', 1, 1, 1, 1, 0, 0, '200200200787'),
(405, '2603909WW03665', '861697040715311', '861697040715329', 20, 'EMPRESTADO', NULL, 2, 'BOM ESTADO', 1, 1, 1, 1, 0, 1, '200200200788'),
(406, '2603909WW03671', '861697040752470', '861697040752488', 20, 'EMPRESTADO', NULL, 2, 'BOM ESTADO', 1, 1, 1, 1, 0, 0, '200200200789'),
(407, '2603909WW03656', '861697040773674', '861697040773682', 20, 'EMPRESTADO', NULL, 2, 'BOM ESTADO', 1, 1, 1, 1, 0, 0, '200200200790'),
(408, '2603909WW03681', '861697040472178', '861697040472186', 20, 'EMPRESTADO', NULL, 2, 'BOM ESTADO', 1, 1, 1, 1, 0, 0, '200200200791'),
(409, '2614409WU00636', '866498046667670', '866498046667688', 20, 'EMPRESTADO', NULL, 2, 'BOM ESTADO', 1, 1, 1, 1, 0, 0, '200200200792'),
(410, '2603909WW01296', '866498040119173', '866498040119181', 20, 'EMPRESTADO', NULL, 2, 'BOM ESTADO', 1, 1, 1, 1, 0, 0, '200200200793'),
(411, '2603909WW03666', '866498046874375', '866498046874383', 20, 'EMPRESTADO', NULL, 2, 'BOM ESTADO', 1, 1, 1, 1, 0, 0, '200200200794'),
(412, '2603909WW03649', '861697040747090', '861697040747108', 20, 'EMPRESTADO', NULL, 2, 'BOM ESTADO', 1, 1, 1, 1, 0, 0, '200200200795'),
(413, '2614209WQ00154', '866498044965233', '866498044965241', 20, 'EMPRESTADO', NULL, 2, 'BOM ESTADO', 1, 1, 1, 1, 0, 1, '200200200796'),
(414, '2603909WW03618', '861697040434970', '861697040434988', 20, 'EMPRESTADO', NULL, 2, 'BOM ESTADO', 1, 1, 1, 1, 0, 0, '200200200797'),
(415, '2614209WE01908', '866498040588732', '866498040588740', 20, 'EMPRESTADO', NULL, 2, 'BOM ESTADO', 1, 1, 1, 1, 0, 1, '200200200798'),
(416, '2603909WW02500', '861697040474190', '861697040474208', 20, 'EMPRESTADO', NULL, 2, 'BOM ESTADO', 1, 1, 1, 1, 0, 1, '200200200799'),
(417, '2603909WW02338', '861697040769896', '861697040769904', 20, 'EMPRESTADO', NULL, 2, 'BOM ESTADO', 1, 1, 1, 1, 0, 0, '200200200800'),
(418, '2603909WW03668', '861697040145097', '861697040145105', 20, 'EMPRESTADO', NULL, 2, 'BOM ESTADO', 1, 1, 1, 1, 0, 0, '200200200801'),
(419, '2614209WP01874', '866498044505872', '866498044505880', 20, 'Disponível', 'Aparelho está com defeito de bateria. Foi revisado pela assistência técnica e constatado problemas com a placa de carregamento.', 2, 'DEFEITO', 1, 1, 1, 1, 0, 1, '200200200802'),
(420, '2603909WW03411', '861697040458193', '861697040458201', 20, 'EMPRESTADO', NULL, 2, 'BOM ESTADO', 1, 1, 1, 1, 0, 1, '200200200803'),
(421, '2603909WW03593', '866498046687991', '866498046688007', 20, 'EMPRESTADO', NULL, 2, 'BOM ESTADO', 1, 1, 1, 1, 0, 0, '200200200804'),
(422, '2614309WK00239', '866498042516798', '866498042516806', 20, 'EMPRESTADO', NULL, 2, 'BOM ESTADO', 1, 1, 1, 1, 0, 0, '200200200805'),
(423, '2603909WW03451', '866498047488498', '866498047488506', 20, 'EMPRESTADO', NULL, 2, 'BOM ESTADO', 1, 1, 1, 1, 0, 0, '200200200806'),
(424, '2603909WW03631', '861697040729031', '861697040729049', 20, 'EMPRESTADO', NULL, 2, 'BOM ESTADO', 1, 1, 1, 1, 0, 0, '200200200807'),
(425, '2603909WW03285', '866498047415954', '866498047415962', 20, 'EMPRESTADO', NULL, 2, 'BOM ESTADO', 1, 1, 1, 1, 0, 0, '200200200808'),
(426, '2603909WW03635', '861697040255839', '861697040255847', 20, 'EMPRESTADO', NULL, 2, 'BOM ESTADO', 1, 1, 1, 1, 0, 0, '200200200809'),
(427, '2553509XA00247', '861697044937192', '861697044937200', 21, 'EMPRESTADO', NULL, 2, 'BOM ESTADO', 1, 1, 1, 1, 0, 0, '200200200810'),
(428, '2553609XQ04328', '861915047414534', '861915047414542', 21, 'EMPRESTADO', NULL, 2, 'BOM ESTADO', 1, 1, 1, 1, 0, 0, '200200200811'),
(429, '2553609XQ04324', '861915046266836', '861915046266844', 21, 'EMPRESTADO', NULL, 2, 'BOM ESTADO', 1, 1, 1, 1, 0, 0, '200200200812'),
(430, '2553509XA00300', '861697044925353', '861697044925361', 21, 'EMPRESTADO', NULL, 2, 'BOM ESTADO', 1, 1, 1, 1, 0, 0, '200200200813'),
(431, '2553509XA01311', '861697044848118', '861697044848126', 21, 'EMPRESTADO', NULL, 2, 'BOM ESTADO', 1, 1, 1, 1, 0, 0, '200200200814'),
(432, '2553509XA00669', '861697044848993', '861697044849009', 21, 'EMPRESTADO', '', 2, 'BOM ESTADO', 1, 1, 1, 1, 0, 0, '200200200815');
INSERT INTO `celular` (`idCelular`, `serie`, `imei1`, `imei2`, `marca_id`, `status`, `observacao`, `empresa_id`, `estadoBem`, `caixa`, `carregador`, `manual`, `adaptador`, `foneOuvido`, `capinha`, `patrimonio`) VALUES
(433, '2553609XQ04323', '861915045699714', '861915045699722', 21, 'EMPRESTADO', NULL, 2, 'BOM ESTADO', 1, 1, 1, 1, 0, 0, '200200200816'),
(434, '2553509XA00123', '866498046285614', '866498046285622', 21, 'EMPRESTADO', NULL, 2, 'BOM ESTADO', 1, 1, 1, 1, 0, 0, '200200200817'),
(435, '2553509XA00387', '861697044964477', '861697044964485', 21, 'EMPRESTADO', '', 2, 'BOM ESTADO', 1, 1, 1, 1, 0, 0, '200200200818'),
(436, '2553609XQ04347', '861915047557936', '861915047557944', 21, 'EMPRESTADO', NULL, 2, 'BOM ESTADO', 1, 1, 1, 1, 0, 0, '200200200819'),
(437, '2553609XQ04314', '861915046994296', '861915046994304', 21, 'EMPRESTADO', NULL, 2, 'BOM ESTADO', 1, 1, 1, 1, 0, 0, '200200200820'),
(438, '2553509XA00338', '861697044922079', '861697044922087', 21, 'EMPRESTADO', '', 2, 'BOM ESTADO', 1, 1, 1, 1, 0, 0, '200200200821'),
(439, '2553509XA00668', '861697044858059', '861697044858067', 21, 'EMPRESTADO', '', 2, 'BOM ESTADO', 1, 1, 1, 1, 0, 0, '200200200822'),
(440, '2553509XA01231', '861697044880251', '861697044880269', 21, 'EMPRESTADO', '', 2, 'BOM ESTADO', 1, 1, 1, 1, 0, 0, '200200200823'),
(441, '2553609XQ04333', '861915047429052', '861915047429060', 21, 'EMPRESTADO', NULL, 2, 'BOM ESTADO', 1, 1, 1, 1, 0, 0, '200200200824'),
(442, '2553509XA00657', '861697044839919', '861697044839927', 21, 'EMPRESTADO', NULL, 2, 'BOM ESTADO', 1, 1, 1, 1, 0, 0, '200200200825'),
(443, '2553509XA00275', '861697044939578', '861697044939586', 21, 'EMPRESTADO', '', 2, 'BOM ESTADO', 1, 1, 1, 1, 0, 0, '200200200826'),
(444, '2553509XA00674', '861697044804731', '861697044804749', 21, 'EMPRESTADO', NULL, 2, 'BOM ESTADO', 1, 1, 1, 1, 0, 0, '200200200827'),
(445, '2553509XA01159', '861915040345511', '861915040345529', 21, 'EMPRESTADO', NULL, 2, 'BOM ESTADO', 1, 1, 1, 1, 0, 0, '200200200828'),
(446, '2553509XA01312', '861697044800317', '861697044800325', 21, 'EMPRESTADO', NULL, 2, 'BOM ESTADO', 1, 1, 1, 1, 0, 0, '200200200829'),
(447, '2553509XA00175', '861697044886597', '861697044886605', 21, 'EMPRESTADO', NULL, 2, 'BOM ESTADO', 1, 1, 1, 1, 0, 0, '200200200830'),
(448, '2553509XA00281', '861697044780576', '861697044780584', 21, 'EMPRESTADO', NULL, 2, 'BOM ESTADO', 1, 1, 1, 1, 0, 0, '200200200831'),
(449, '2553609XQ04329', '861915046940612', '861915046940620', 21, 'EMPRESTADO', NULL, 2, 'BOM ESTADO', 1, 1, 1, 1, 0, 0, '200200200832'),
(450, '2553509XA00664', '861697044884410', '861697044884428', 21, 'EMPRESTADO', NULL, 2, 'BOM ESTADO', 1, 1, 1, 1, 0, 0, '200200200833'),
(451, '2553509XA01315', '861697044936954', '861697044936962', 21, 'EMPRESTADO', NULL, 2, 'BOM ESTADO', 1, 1, 1, 1, 0, 0, '200200200834'),
(452, '2553509XA00319', '861697042356270', '861697042356288', 21, 'EMPRESTADO', NULL, 2, 'BOM ESTADO', 1, 1, 1, 1, 0, 0, '200200200835'),
(453, '2553509XA00243', '861697044924596', '861697044924604', 21, 'EMPRESTADO', NULL, 2, 'BOM ESTADO', 1, 1, 1, 1, 0, 0, '200200200836'),
(454, '2553509XA00140', '861697044970052', '861697044970060', 21, 'EMPRESTADO', NULL, 2, 'BOM ESTADO', 1, 1, 1, 1, 0, 1, '200200200837'),
(455, '2553509XA01330', '861697044961333', '861697044961341', 21, 'EMPRESTADO', NULL, 2, 'BOM ESTADO', 1, 1, 1, 1, 0, 0, '200200200838'),
(456, '25536;09XQ04307', '861915045226153', '861915045226161', 21, 'EMPRESTADO', NULL, 2, 'BOM ESTADO', 1, 1, 1, 0, 0, 1, '200200200839'),
(457, '2553509XA00318', '861697044803394', '861697044803402', 21, 'EMPRESTADO', NULL, 2, 'BOM ESTADO', 1, 1, 1, 1, 0, 0, '200200200840'),
(458, '25535K1NF01880', '867758056425601', '867758056425619', 21, 'EMPRESTADO', NULL, 2, 'BOM ESTADO', 1, 1, 1, 1, 0, 0, '200200200841'),
(459, '2553509XA00182', '861697044898998', '861697044899004', 21, 'EMPRESTADO', NULL, 2, 'BOM ESTADO', 1, 1, 1, 1, 0, 0, '200200200842'),
(460, '2553509XA00328', '866498044630316', '866498044630324', 21, 'EMPRESTADO', '', 2, 'BOM ESTADO', 1, 1, 1, 1, 0, 0, '200200200843'),
(461, '2553509XA01244', '861697044839075', '861697044839083', 21, 'EMPRESTADO', NULL, 2, 'BOM ESTADO', 1, 1, 1, 1, 0, 0, '200200200844'),
(462, '2553609XQ04157', '861915047564312', '861915047564320', 21, 'EMPRESTADO', NULL, 2, 'BOM ESTADO', 1, 1, 1, 1, 0, 0, '200200200845'),
(463, '2553509XA01237', '861697044789411', '861697044789429', 21, 'EMPRESTADO', NULL, 2, 'BOM ESTADO', 1, 1, 1, 1, 0, 0, '200200200846'),
(464, '2553509XA01294', '861697044889690', '861697044889708', 21, 'EMPRESTADO', NULL, 2, 'BOM ESTADO', 1, 1, 1, 1, 0, 0, '200200200847'),
(465, '2553509XA01221', '861697044913995', '861697044914001', 21, 'EMPRESTADO', NULL, 2, 'BOM ESTADO', 1, 1, 1, 1, 0, 0, '200200200848'),
(466, '2553509XA01314', '861697044848076', '861697044848084', 21, 'EMPRESTADO', NULL, 2, 'BOM ESTADO', 1, 1, 1, 1, 0, 0, '200200200849'),
(467, '2553509XA00658', '861697044839414', '861697044839422', 21, 'EMPRESTADO', NULL, 2, 'BOM ESTADO', 1, 1, 1, 1, 0, 0, '200200200850'),
(468, '2553609XQ04258', '861915047320731', '861915047320749', 21, 'EMPRESTADO', NULL, 2, 'BOM ESTADO', 1, 1, 1, 1, 0, 0, '200200200851'),
(469, '2553509XA00694', '861697044913938', '861697044913946', 21, 'EMPRESTADO', NULL, 2, 'BOM ESTADO', 1, 1, 1, 1, 0, 0, '200200200852'),
(470, '2553509XA00252', '861697044918614', '861697044918622', 21, 'EMPRESTADO', NULL, 2, 'BOM ESTADO', 1, 1, 1, 1, 0, 0, '200200200853'),
(471, '2553509XA00331', '861697044927078', '861697044927086', 21, 'EMPRESTADO', NULL, 2, 'BOM ESTADO', 1, 1, 1, 1, 0, 0, '200200200854'),
(472, '2553509XA00310', '861697044978519', '861697044978527', 21, 'EMPRESTADO', NULL, 2, 'BOM ESTADO', 1, 1, 1, 1, 0, 0, '200200200855'),
(473, '2553509XA00254', '861697044800036', '861697044800044', 21, 'EMPRESTADO', NULL, 2, 'BOM ESTADO', 1, 1, 1, 1, 0, 0, '200200200856'),
(474, '2553509XA00707', '861697044910256', '861697044910264', 21, 'EMPRESTADO', NULL, 2, 'BOM ESTADO', 1, 1, 1, 1, 0, 0, '200200200857'),
(475, '2553609XQ04325', '861915047484016', '861915047484024', 21, 'EMPRESTADO', NULL, 2, 'BOM ESTADO', 1, 1, 1, 1, 0, 0, '200200200858'),
(476, '2553509XA01192', '861915040218072', '861915040218080', 21, 'EMPRESTADO', NULL, 2, 'BOM ESTADO', 1, 1, 1, 1, 0, 0, '200200200859'),
(477, '2553509XA00591', '861697044940790', '861697044940808', 21, 'EMPRESTADO', NULL, 2, 'BOM ESTADO', 1, 1, 1, 1, 0, 0, '200200200860'),
(478, '2553509XA00651', '861697044818939', '861697044818947', 21, 'EMPRESTADO', NULL, 2, 'BOM ESTADO', 1, 1, 1, 1, 0, 0, '200200200861'),
(479, '2553509XA01166', '861915040073790', '861915040073808', 21, 'EMPRESTADO', NULL, 2, 'BOM ESTADO', 1, 1, 1, 1, 0, 0, '200200200862'),
(480, '2553509XA00555', '861697044911973', '861697044911981', 21, 'EMPRESTADO', NULL, 2, 'BOM ESTADO', 1, 1, 1, 1, 0, 0, '200200200863'),
(481, '2553509XA00311', '861697044847417', '861697044847425', 21, 'EMPRESTADO', NULL, 2, 'BOM ESTADO', 1, 1, 1, 1, 0, 0, '200200200864'),
(482, '29929K1NK00006', '861569052657162', '861569052657170', 22, 'EMPRESTADO', NULL, 2, 'BOM ESTADO', 1, 1, 1, 1, 0, 0, '200200200865'),
(483, '29934K1PT00913', '868697054245109', '868697054245117', 22, 'EMPRESTADO', NULL, 2, 'BOM ESTADO', 1, 1, 1, 1, 0, 0, '200200200866'),
(484, '29934K1PT00912', '868697054202761', '868697054202779', 22, 'EMPRESTADO', NULL, 2, 'BOM ESTADO', 1, 1, 1, 1, 0, 0, '200200200867'),
(485, '28366K1P600401', '862122051687407', '862122051687415', 22, 'EMPRESTADO', NULL, 2, 'BOM ESTADO', 1, 1, 1, 1, 0, 0, '200200200868'),
(486, '29934K1PT00901', '868697054189109', '868697054189117', 22, 'EMPRESTADO', NULL, 2, 'BOM ESTADO', 1, 1, 1, 1, 0, 0, '200200200869'),
(487, '27922K0ZX10303', '865858057318789', '865858057318797', 22, 'Disponível', 'DOAÇÃO DA RECEITA FEDERAL', 2, 'NOVO', 1, 1, 1, 1, 0, 1, '200200200870'),
(488, '29929K1PV02172', '862122058007385', '862122058007393', 22, 'EMPRESTADO', NULL, 2, 'BOM ESTADO', 1, 1, 1, 1, 0, 0, '200200200871'),
(489, '27922K0ZW04183', '865858055823566', '865858055823574', 22, 'Disponível', 'DOAÇÃO DA RECEITA FEDERAL', 2, 'NOVO', 1, 1, 1, 1, 0, 1, '200200200872'),
(490, '28101K1N800817', '867678054168088', '867678054168096', 22, 'EMPRESTADO', NULL, 2, 'BOM ESTADO', 1, 1, 1, 1, 0, 0, '200200200873'),
(491, '27922K1NU03530', '862122055861263', '862122055861271', 22, 'EMPRESTADO', NULL, 2, 'BOM ESTADO', 1, 1, 1, 1, 0, 0, '200200200874'),
(492, '29934K1PT01095', '868697054222942', '868697054222959', 22, 'EMPRESTADO', NULL, 2, 'BOM ESTADO', 1, 1, 1, 1, 0, 0, '200200200875'),
(493, '29929K1PV02056', '862122058182220', '862122058182238', 22, 'EMPRESTADO', NULL, 2, 'BOM ESTADO', 1, 1, 1, 1, 0, 1, '200200200876'),
(494, '29929K1NK00570', '861569052629989', '861569052629997', 22, 'EMPRESTADO', NULL, 2, 'BOM ESTADO', 1, 1, 1, 1, 0, 0, '200200200877'),
(495, '29929K1PV02144', '862122058112169', '862122058112177', 22, 'EMPRESTADO', NULL, 2, 'BOM ESTADO', 1, 1, 1, 1, 0, 0, '200200200878'),
(496, '29929K1NK00648', '861569052643006', '861569052643014', 22, 'EMPRESTADO', NULL, 2, 'BOM ESTADO', 1, 1, 1, 1, 0, 0, '200200200879'),
(497, '29934K1PT01036', '868697054275528', '868697054275536', 22, 'EMPRESTADO', NULL, 2, 'BOM ESTADO', 1, 1, 1, 1, 0, 0, '200200200880'),
(498, '29934K1PT01123', '868697054241025', '868697054241033', 22, 'EMPRESTADO', NULL, 2, 'BOM ESTADO', 1, 1, 1, 1, 0, 0, '200200200881'),
(499, '29934K1PT00897', '868697054210624', '868697054210632', 22, 'EMPRESTADO', NULL, 2, 'BOM ESTADO', 1, 1, 1, 1, 0, 0, '200200200882'),
(500, '28101K1N800882', '867678054189563', '867678054189571', 22, 'EMPRESTADO', NULL, 2, 'BOM ESTADO', 1, 1, 1, 1, 0, 0, '200200200883'),
(501, '29929K1PV01812', '862122058561845', '862122058561852', 22, 'EMPRESTADO', NULL, 2, 'BOM ESTADO', 1, 1, 1, 1, 0, 0, '200200200884'),
(504, '7897978979', '454.6465', '', 2, 'Disponível', '', 2, 'BOM ESTADO', 0, 0, 0, 0, 0, 0, '12346459'),
(506, 'RQ8JB04DYCT', '352403090394602', '', 4, 'Indisponível', 'TELA TRINCADA ', 1, 'QUEBRADO', 0, 0, 0, 0, 0, 0, ''),
(507, 'R9QN603628J', '354693113964351', '', 9, 'Disponível', 'substituiçao de aparelho 3546931139664096', 1, 'NOVO', 1, 1, 1, 1, 1, 0, ''),
(508, 'R9QN602LY3E', '354693113923647', '354694113923645', 9, 'EMPRESTADO', NULL, 1, 'BOM ESTADO', 1, 1, 1, 0, 1, 0, ''),
(509, 'TGSA36464007', '35493113949766', '', 9, 'EMPRESTADO', NULL, 1, 'BOM ESTADO', 1, 1, 1, 1, 1, 0, '');

-- --------------------------------------------------------

--
-- Estrutura da tabela `chip`
--

CREATE TABLE `chip` (
  `idChip` int(11) NOT NULL,
  `codigoChip` varchar(30) DEFAULT NULL,
  `numeroLinha` varchar(20) DEFAULT NULL,
  `telefonia` tinyint(4) DEFAULT NULL,
  `dados` tinyint(4) DEFAULT NULL,
  `status` varchar(15) DEFAULT NULL,
  `observacao` text,
  `empresa_id` int(11) NOT NULL,
  `estadoBem` varchar(20) DEFAULT NULL
) ENGINE=InnoDB DEFAULT CHARSET=utf8mb4;

--
-- Extraindo dados da tabela `chip`
--

INSERT INTO `chip` (`idChip`, `codigoChip`, `numeroLinha`, `telefonia`, `dados`, `status`, `observacao`, `empresa_id`, `estadoBem`) VALUES
(10, '89550644139000020517', '(41)99101-7857', 0, 1, 'EMPRESTADO', '', 1, ''),
(11, '89550644139000020533', '(41)99101-8074', 0, 1, 'Disponível', '', 1, ''),
(12, '89550644139000020566', '(41)99103-4597', 0, 1, 'EMPRESTADO', '', 1, ''),
(13, '89550644139000020574', '(41)99103-5736', 0, 1, 'EMPRESTADO', '', 1, ''),
(14, '89550644139000020475', '(41)99121-5060', 0, 1, 'EMPRESTADO', '', 1, ''),
(15, '89550644139000020913', '(41)99121-5584', 0, 1, 'Disponível', '', 1, ''),
(16, '89550644139000020921', '(41)99123-1035', 0, 1, 'EMPRESTADO', '', 1, ''),
(17, '89550644139000020483', '(41)99128-4991', 0, 1, 'EMPRESTADO', '', 1, ''),
(18, '89550644139000020491', '(41)99131-3278', 0, 1, 'Disponível', '', 1, ''),
(19, '89550644139000020939', '(41)99134-7461', 0, 1, 'Disponível', '', 1, ''),
(20, '89550644139000020822', '(41)99137-8212', 0, 1, 'Disponível', '', 1, ''),
(21, '89550644139000020285', '(41)99138-4879', 0, 1, 'Disponível', '', 1, ''),
(22, '89550644139000020707', '(41)99138-5149', 0, 1, 'EMPRESTADO', '', 1, ''),
(23, '89550644139000020863', '(41)99138-5244', 0, 1, 'Disponível', '', 1, ''),
(24, '89550644139000020525', '(41)98517-2532', 0, 1, 'EMPRESTADO', '', 1, ''),
(25, '89550644139000020467', '(41)99118-2085', 0, 1, 'Disponível', '', 1, ''),
(26, '89550644139000020830', '(41)99132-1381', 0, 1, 'Disponível', '', 1, ''),
(27, '89550644139000020582', '(41)99104-6723', 0, 1, 'EMPRESTADO', '', 1, ''),
(28, '89550644139000020277', '(41)99141-1590', 0, 1, 'Disponível', '', 1, ''),
(29, '89550640439003728106', '(41)99143-6819', 0, 1, 'Disponível', '', 1, ''),
(30, '89550641239000146172', '(41)99145-4645', 0, 1, 'Disponível', '', 1, ''),
(31, '89550641239000196995', '(41)99192-0748', 0, 1, 'Disponível', '', 1, ''),
(32, '89550640439003728114', '(41)99143-3053', 0, 1, 'Disponível', '', 1, ''),
(33, '89550641239000085016', '(41)98495-7340', 0, 1, 'EMPRESTADO', '', 1, ''),
(34, '89550641359000346166', '(41)99108-1698', 0, 1, 'EMPRESTADO', '', 1, ''),
(35, '89550644139000020251', '(41)99108-7487', 0, 1, 'Disponível', '', 1, ''),
(36, '89550644139000020400', '(41)99108-9378', 0, 1, 'Disponível', '', 1, ''),
(37, '89550644139000020434', '(41)99114-2750', 0, 1, 'Disponível', '', 1, ''),
(38, '89550644139000020426', '(41)99115-2714', 0, 1, 'Disponível', '', 1, ''),
(39, '89550644139000020905', '(41)99115-7918', 0, 1, 'Disponível', '', 1, ''),
(40, '89550644139000020459', '(41)99116-8386', 0, 1, 'EMPRESTADO', '', 1, ''),
(41, '89550644139000020442', '(41)99118-2009', 0, 1, 'EMPRESTADO', '', 1, ''),
(42, '89550641239000196664', '(41)99143-6521', 0, 1, 'Disponível', '', 1, ''),
(43, '89550641239000045655', '(41)99214-4994', 0, 1, 'Disponível', '', 1, ''),
(44, '89550641239000045689', '(41)99229-3388', 0, 1, 'Disponível', '', 1, ''),
(45, '89550641239000045622', '(41)99290-6327', 1, 1, 'EMPRESTADO', '', 1, ''),
(47, '89550641239000045697', '(41)99112-3665', 0, 1, 'Disponível', '', 1, ''),
(48, '89550641239000085628', '(41)99125-4009', 0, 1, 'Disponível', '', 1, ''),
(49, '89550641239000196656', '(41)99178-5734', 0, 1, 'Disponível', '', 1, ''),
(50, '89550641239000085669', '(41)99102-5947', 0, 1, 'Disponível', '', 1, ''),
(51, '89550641139000041870', '(41)99178-5734', 0, 1, 'Disponível', '', 1, ''),
(52, '89550644139000020293', '(41)99188-6414', 0, 1, 'Disponível', '', 1, ''),
(53, '89550641239000085651', '(41)98411-6709', 0, 1, 'Disponível', '', 1, ''),
(54, '89550644139000020038', '(41)99115-6960', 0, 1, 'Disponível', '', 1, ''),
(55, '89550644139000020418', '(41)99109-7514', 0, 1, 'Disponível', '', 1, ''),
(56, '89550644139000020152', '(41)99184-0427', 0, 1, 'Disponível', '', 1, ''),
(57, '89550644139000020111', '(41)99232-6422', 0, 1, 'Disponível', '', 1, ''),
(58, '89550641139000041136', '(41)99172-2201', 0, 1, 'Disponível', '', 1, ''),
(59, '89550644139000020228', '(41)99188-7069', 0, 1, 'Disponível', '', 1, ''),
(60, '89550644139000020236', '(41)99189-3392', 0, 1, 'Disponível', '', 1, ''),
(61, '89550641239000146040', '(41)99151-8830', 0, 1, 'Disponível', '', 1, ''),
(62, '89550641239000128980', '(41)99176-0661', 0, 1, 'Disponível', '', 1, ''),
(63, '89550641239000128766', '(41)99161-8328', 0, 1, 'Disponível', '', 1, ''),
(64, '89550644139000020764', '(41)99185-9220', 0, 1, 'EMPRESTADO', '', 1, ''),
(66, '89550641239000128949', '(41)99173-5275', 0, 1, 'Disponível', '', 1, ''),
(67, '89550641239000128956', '(41)99174-7416', 0, 1, 'Disponível', '', 1, ''),
(68, '89550641239000128972', '(41)99175-6104', 0, 1, 'Disponível', '', 1, ''),
(69, '89550644139000020970', '(41)99184-6634', 0, 1, 'Disponível', '', 1, ''),
(70, '89550644139000020954', '(41)99184-6851', 0, 1, 'Disponível', '', 1, ''),
(71, '89550644139000020962', '(41)99184-9550', 0, 1, 'Disponível', '', 1, ''),
(72, '89550644139000020947', '(41)99185-0471', 0, 1, 'Disponível', '', 1, ''),
(73, '89550644139000020715', '(41)99185-2507', 0, 1, 'Disponível', '', 1, ''),
(74, '89550644139000020855', '(41)99186-0927', 0, 1, 'EMPRESTADO', '', 1, ''),
(75, '89550644139000020772', '(41)99186-2551', 0, 1, 'Disponível', '', 1, ''),
(76, '89550644139000020129', '(41)99186-2777', 0, 1, 'Disponível', '', 1, ''),
(77, '89550644139000020145', '(41)99186-4667', 0, 1, 'Disponível', '', 1, ''),
(78, '89550644139000020137', '(41)99186-4780', 0, 1, 'Disponível', '', 1, ''),
(79, '89550641239000128774', '(41)99163-8838', 0, 1, 'EMPRESTADO', '', 1, ''),
(80, '89550641239000128782', '(41)99165-8162', 0, 1, 'Disponível', '', 1, ''),
(81, '89550641239000128790', '(41)99165-9639', 0, 1, 'Disponível', '', 1, ''),
(82, '89550641239000128907', '(41)99171-5452', 0, 1, 'Disponível', '', 1, ''),
(83, '89550641239000128915', '(41)99172-1288', 0, 1, 'Disponível', '', 1, ''),
(84, '89550644139000020103', '(41)99178-7063', 0, 1, 'EMPRESTADO', '', 1, ''),
(85, '89550644139000020798', '(41)99178-9230', 0, 1, 'Disponível', '', 1, ''),
(86, '89550644139000020731', '(41)99179-0759', 0, 1, 'Disponível', '', 1, ''),
(87, '89550644139000020723', '(41)99179-8751', 0, 1, 'Disponível', '', 1, ''),
(88, '89550644139000020095', '(41)99183-3623', 0, 1, 'Disponível', '', 1, ''),
(89, '89550644139000020756', '(41)99178-0046', 0, 1, 'Disponível', '', 1, ''),
(90, '89550641239000128626', '(41)99177-5356', 0, 1, 'Disponível', '', 1, ''),
(91, '89550641239000128618', '(41)99177-4874', 0, 1, 'Disponível', '', 1, ''),
(92, '89550641239000128600', '(41)99176-7942', 0, 1, 'Disponível', '', 1, ''),
(93, '89550641239000128998', '(41)99176-6544', 0, 1, 'Disponível', '', 1, ''),
(94, '89550641239000146057', '(41)99152-3682', 0, 1, 'Disponível', '', 1, ''),
(95, '89550641239000128725', '(41)99157-4554', 0, 1, 'Disponível', '', 1, ''),
(96, '89550641239000128733', '(41)99159-1127', 0, 1, 'EMPRESTADO', '', 1, ''),
(97, '89550641239000128741', '(41)99159-4184', 0, 1, 'EMPRESTADO', '', 1, ''),
(98, '89550641239000146198', '(41)99148-2034', 0, 1, 'Disponível', '', 1, ''),
(99, '89550641239000146016', '(41)99148-3781', 0, 1, 'Disponível', '', 1, ''),
(100, '89550641239000146024', '(41)99148-4494', 0, 1, 'Disponível', '', 1, ''),
(101, '89550641239000146032', '(41)99151-4592', 0, 1, 'Disponível', '', 1, ''),
(102, '89550641239000128808', '(41)99236-4214', 0, 1, 'Disponível', '', 1, ''),
(103, '89550641239000128691', '(41)99236-5870', 0, 1, 'Disponível', '', 1, ''),
(104, '89550641239000146081', '(41)99264-6821', 0, 1, 'EMPRESTADO', '', 1, ''),
(105, '89550641239000146099', '(41)99264-7797', 0, 1, 'EMPRESTADO', '', 1, ''),
(106, '89550641239000128535', '(41)99266-8869', 0, 1, 'EMPRESTADO', '', 1, ''),
(107, '89550641239000128543', '(41)99267-9289', 0, 1, 'Disponível', '', 1, ''),
(108, '89550641139000041235', '(41)99266-4670', 0, 1, 'Disponível', '', 1, ''),
(109, '89550644139000020673', '(41)99288-0639', 0, 1, 'Disponível', '', 1, ''),
(110, '89550641239000128170', '(41)99248-1621', 0, 1, 'Disponível', '', 1, ''),
(111, '89550641239000128139', '(41)99243-9828', 0, 1, 'EMPRESTADO', '', 1, ''),
(112, '89550641239000128105', '(41)99243-2349', 0, 1, 'Disponível', '', 1, ''),
(113, '89550641239000128071', '(41)99241-7646', 0, 1, 'Disponível', '', 1, ''),
(114, '89550641239000085438', '(41)99241-3941', 0, 1, 'Disponível', '', 1, ''),
(115, '89550641239000128089', '(41)99242-3049', 0, 1, 'Disponível', '', 1, ''),
(116, '89550641239000128113', '(41)99243-3813', 0, 1, 'Disponível', '', 1, ''),
(117, '89550641239000128147', '(41)99244-1036', 0, 1, 'Disponível', '', 1, ''),
(118, '89550641239000128204', '(41)99207-7125', 0, 1, 'Disponível', '', 1, ''),
(119, '89550641239000128709', '(41)99266-4670', 0, 1, 'EMPRESTADO', '', 1, ''),
(120, '89550641239000128857', '(41)99233-2404', 0, 1, 'Disponível', '', 1, ''),
(121, '89550641239000128881', '(41)99232-3185', 0, 1, 'Disponível', '', 1, ''),
(122, '89550641239000128121', '(41)99243-8718', 0, 1, 'EMPRESTADO', '', 1, ''),
(123, '89550641239000128642', '(41)99213-7236', 0, 1, 'Disponível', '', 1, ''),
(124, '89550641239000128428', '(41)99214-5654', 0, 1, 'EMPRESTADO', '', 1, ''),
(125, '89550641239000128469', '(41)99219-4573', 0, 1, 'Disponível', '', 1, ''),
(126, '89550641239000128360', '(41)99228-3429', 0, 1, 'Disponível', '', 1, ''),
(127, '89550641239000085867', '(41)99228-9788', 0, 1, 'Disponível', '', 1, ''),
(128, '89550641239000085024', '(41)99138-0106', 0, 1, 'Disponível', '', 1, ''),
(129, '89550641239000128451', '(41)99218-7515', 0, 1, 'Disponível', '', 1, ''),
(130, '89550641239000128444', '(41)99217-9515', 0, 1, 'Disponível', '', 1, ''),
(131, '89550641239000128436', '(41)99214-8245', 0, 1, 'EMPRESTADO', '', 1, ''),
(132, '89550641239000128295', '(41)99201-2314', 0, 1, 'Disponível', '', 1, ''),
(133, '89550641239000128394', '(41)99229-3961', 0, 1, 'Disponível', '', 1, ''),
(134, '89550641239000196748', '(41)99241-6301', 0, 1, 'EMPRESTADO', '', 1, ''),
(135, '89550641239000128899', '(41)99231-9284', 0, 1, 'EMPRESTADO', '', 1, ''),
(136, '89550641239000128865', '(41)99178-4326', 0, 1, 'Disponível', '', 1, ''),
(137, '89550641239000128287', '(41)99201-6932', 0, 1, 'Disponível', '', 1, ''),
(138, '89550644139000020632', '(41)99197-0683', 0, 1, 'Disponível', '', 1, ''),
(139, '89550641239000085925', '(41)99195-1534', 0, 1, 'Disponível', '', 1, ''),
(140, '89550641239000128519', '(41)99199-2624', 0, 1, 'Disponível', '', 1, ''),
(141, '89550641239000128279', '(41)99202-0619', 0, 1, 'Disponível', '', 1, ''),
(142, '89550641239000085933', '(41)99195-0470', 0, 1, 'Disponível', '', 1, ''),
(143, '89550644139000020780', '(41)99189-3406', 0, 1, 'Disponível', '', 1, ''),
(144, '89550644139000020665', '(41)99189-5342', 0, 1, 'Disponível', '', 1, ''),
(145, '89550644139000020640', '(41)99189-6147', 0, 1, 'Disponível', '', 1, ''),
(146, '89550641239000128717', '(41)99198-5120', 0, 1, 'Disponível', '', 1, ''),
(148, '89550641239000048741', '(41)99196-2142', 0, 1, 'Disponível', '', 1, ''),
(149, '89550641239000085909', '(41)99196-3153', 0, 1, 'Disponível', '', 1, ''),
(150, '89550644139000020608', '(41)99191-6916', 0, 1, 'Disponível', '', 1, ''),
(151, '89550644139000020624', '(41)99191-0277', 0, 1, 'EMPRESTADO', '', 1, ''),
(152, '89550644139000020814', '(41)99187-9622', 0, 1, 'Disponível', '', 1, ''),
(153, '89550644139000020897', '(41)99187-3823', 0, 1, 'Disponível', '', 1, ''),
(154, '89550644139000020210', '(41)99186-5954', 0, 1, 'Disponível', '', 1, ''),
(155, '89550644139000020657', '(41)99186-5611', 0, 1, 'Disponível', '', 1, ''),
(156, '89550641239000085263', '(41)99234-5484', 0, 1, 'Disponível', '', 1, ''),
(157, '89550641239000146156', '(41)99257-5283', 1, 1, 'Disponível', '', 1, ''),
(158, '89550641239000128816', '(41)99234-6116', 0, 1, 'Disponível', '', 1, ''),
(159, '89550641239000128832', '(41)99234-3307', 0, 1, 'Disponível', '', 1, ''),
(160, '89550641239000146123', '(41)99254-9274', 0, 1, 'Disponível', '', 1, ''),
(161, '89550641239000146073', '(41)99263-5556', 0, 1, 'Disponível', '', 1, ''),
(162, '89550641239000128840', '(41)99233-3048', 0, 1, 'Disponível', '', 1, ''),
(163, '89550641239000146131', '(41)99255-0469', 0, 1, 'Disponível', '', 1, ''),
(164, '89550641239000128485', '(41)99222-3047', 0, 1, 'EMPRESTADO', '', 1, ''),
(165, '89550641239000128493', '(41)99222-5825', 0, 1, 'EMPRESTADO', '', 1, ''),
(166, '89550641239000128402', '(41)99211-3181', 0, 1, 'Disponível', '', 1, ''),
(167, '89550641239000146164', '(41)99257-8922', 0, 1, 'EMPRESTADO', '', 1, ''),
(168, '89550641239000128659', '(41)99211-7108', 0, 1, 'Disponível', '', 1, ''),
(169, '89550641239000146065', '(41)99262-9525', 0, 1, 'EMPRESTADO', '', 1, ''),
(170, '89550641239000128311', '(41)99226-1715', 0, 1, 'Disponível', '', 1, ''),
(171, '89550641239000128667', '(41)99212-2476', 0, 1, 'Disponível', '', 1, ''),
(172, '89550641239000128675', '(41)99213-7191', 0, 1, 'Disponível', '', 1, ''),
(173, '89550641239000128527', '(41)99261-9075', 0, 1, 'Disponível', '', 1, ''),
(174, '89550641239000128253', '(41)99202-7836', 0, 1, 'Disponível', '', 1, ''),
(175, '89550641239000196987', '(41)99192-6647', 0, 1, 'EMPRESTADO', '', 1, ''),
(176, '89550641239000128246', '(41)99204-3629', 0, 1, 'Disponível', '', 1, ''),
(177, '89550641239000085941', '(41)99194-9349', 0, 1, 'Disponível', '', 1, ''),
(178, '89550641239000196961', '(41)99194-4270', 0, 1, 'Disponível', '', 1, ''),
(179, '89550641239000128261', '(41)99202-7455', 0, 1, 'Disponível', '', 1, ''),
(180, '89550641239000196979', '(41)99193-6214', 0, 1, 'Disponível', '', 1, ''),
(181, '89550641239000085958', '(41)99194-7971', 0, 1, 'Disponível', '', 1, ''),
(182, '89550641239000128212', '(41)99206-3961', 0, 1, 'Disponível', '', 1, ''),
(183, '89550641139000041391', '(41)99252-7568', 0, 1, 'Disponível', '', 1, ''),
(184, '89550641239000128477', '(41)99222-2201', 0, 1, 'Disponível', '', 1, ''),
(185, '89550641239000128329', '(41)99226-6571', 0, 1, 'Disponível', '', 1, ''),
(186, '89550641239000128410', '(41)99211-6332', 0, 1, 'Disponível', '', 1, ''),
(187, '89550641239000146149', '(41)99256-3307', 0, 1, 'Disponível', '', 1, ''),
(188, '89550641239000128238', '(41)99204-5628', 0, 1, 'Disponível', '', 1, ''),
(189, '89550641239000128220', '(41)99205-3435', 0, 1, 'Disponível', '', 1, ''),
(190, '89550641239000128188', '(41)99248-8869', 0, 1, 'Disponível', '', 1, ''),
(191, '89550641239000128592', '(41)99270-4029', 0, 1, 'EMPRESTADO', '', 1, ''),
(192, '89550641239000128006', '(41)99271-2365', 0, 1, 'EMPRESTADO', '', 1, ''),
(193, '89550641239000128055', '(41)99273-4265', 0, 1, 'Disponível', '', 1, ''),
(194, '89550641239000128550', '(41)99268-6764', 0, 1, 'EMPRESTADO', '', 1, ''),
(195, '89550641239000196946', '(41)99279-8397', 0, 1, 'EMPRESTADO', '', 1, ''),
(197, '89550641239000085065', '(41)99273-2713', 0, 1, 'Disponível', '', 1, ''),
(198, '89550641139000041524', '(41)99289-6894', 0, 1, 'Disponível', '', 1, ''),
(199, '89550641239000085982', '(41)99290-5162', 0, 1, 'Disponível', '', 1, ''),
(200, '89550641239000128576', '(41)99269-8175', 0, 1, 'Disponível', '', 1, ''),
(202, '89550641239000196672', '(41)99277-4959', 0, 1, 'EMPRESTADO', '', 1, ''),
(204, '89550641239000048733', '(41)99276-0396', 0, 1, 'Disponível', '', 1, ''),
(205, '89550641239000128568', '(41)99269-5875', 0, 1, 'EMPRESTADO', '', 1, ''),
(206, '89550641239000048758', '(41)99274-0053', 0, 1, 'Disponível', '', 1, ''),
(207, '89550641139000041797', '(41)99278-8067', 0, 1, 'Disponível', '', 1, ''),
(208, '89550641239000085990', '(41)99289-7221', 0, 1, 'Disponível', '', 1, ''),
(210, '89550641239000085842', '(41)99115-8306', 0, 1, 'Disponível', '', 1, ''),
(211, '89550641139000041839', '(41)99277-6286', 0, 1, 'Disponível', '', 1, ''),
(212, '89550641239000196896', '(41)99248-2067', 0, 1, 'Disponível', '', 1, ''),
(213, '89550641139000041508', '(41)99238-6728', 0, 1, 'Disponível', '', 1, ''),
(216, '89550641139000041953', '(41)99125-1043', 0, 1, 'Disponível', '', 1, ''),
(218, '89550641139000041599', '(41)99175-2401', 0, 1, 'Disponível', '', 1, ''),
(219, '89550641139000041482', '(41)98411-6754', 0, 1, 'EMPRESTADO', '', 1, ''),
(220, '89550641239000085180', '(41)99127-1757', 0, 1, 'Disponível', '', 1, ''),
(222, '89550641139000041193', '(41)99283-4715', 0, 1, 'Disponível', '', 1, ''),
(223, '89550641139000041102', '(41)99163-9757', 0, 1, 'Disponível', '', 1, ''),
(224, '89550641139000041862', '(41)98501-9293', 0, 1, 'Disponível', '', 1, ''),
(225, '89550641139000041854', '(41)99145-9353', 0, 1, 'Disponível', '', 1, ''),
(226, '89550641239000196953', '(41)99282-9490', 0, 1, 'Disponível', '', 1, ''),
(227, '89550641139000041847', '(41)99278-6612', 0, 1, 'Disponível', '', 1, ''),
(228, '89550641239000085966', '(41)99284-7765', 0, 1, 'Disponível', '', 1, ''),
(229, '89550641239000085602', '(41)99105-8406', 0, 1, 'Disponível', '', 1, ''),
(230, '89550641139000041425', '(41)99253-6089', 0, 1, 'Disponível', '', 1, ''),
(231, '89550641139000041458', '(41)99181-3599', 0, 1, 'Disponível', '', 1, ''),
(232, '89550641139000041573', '(41)99196-8278', 0, 1, 'Disponível', '', 1, ''),
(233, '89550641239000196821', '(41)99137-3289', 0, 1, 'Disponível', '', 1, ''),
(234, '89550641239000196631', '(41)99135-0077', 0, 1, 'Disponível', '', 1, ''),
(235, '89550641139000041201', '(41)99115-6154', 0, 1, 'Disponível', '', 1, ''),
(236, '89550641139000041565', '(41)99128-4286', 0, 1, 'Disponível', '', 1, ''),
(237, '89550641139000041417', '(41)99235-3605', 0, 1, 'Disponível', '', 1, ''),
(238, '89550641239000196847', '(41)98419-7126', 0, 1, 'Disponível', '', 1, ''),
(240, '89550641139000041516', '(41)99281-6863', 0, 1, 'Disponível', '', 1, ''),
(241, '89550641239000196862', '(41)99142-6398', 0, 1, 'Disponível', '', 1, ''),
(242, '89550641239000196607', '(41)98501-9315', 0, 1, 'Disponível', '', 1, ''),
(243, '89550641139000041128', '(41)98495-7343', 0, 1, 'Disponível', '', 1, ''),
(244, '89550644139000196912', '(41)99138-5236', 0, 1, 'Disponível', '', 1, ''),
(246, '89550641139000041581', '(41)99102-8620', 0, 1, 'Disponível', '', 1, ''),
(247, '89550641239000085610', '(41)99176-1017', 0, 1, 'EMPRESTADO', '', 1, ''),
(248, '89550641139000041870', '(41)99178-5734', 0, 1, 'Disponível', '', 1, ''),
(249, '89550641139000041938', '(41)99241-1666', 0, 1, 'EMPRESTADO', '', 1, ''),
(250, '89550640139002295061', '(41)98501-9313', 0, 1, 'Disponível', '', 1, ''),
(251, '89550640139006889752', '(41)99285-5433', 0, 1, 'Disponível', '', 1, ''),
(252, '89550641139000041573', '(41)99196-8278', 0, 1, 'Disponível', '', 1, ''),
(253, '89550641139000041441', '(41)99281-8230', 0, 1, 'Disponível', '', 1, ''),
(254, '89550641139000041086', '(41)99281-8230', 0, 1, 'Disponível', '', 1, ''),
(255, '89550641139000041441', '(41)99281-8230', 0, 1, 'Disponível', '', 1, ''),
(256, '89550641139000041052', '(41)99196-8278', 0, 1, 'Disponível', '', 1, ''),
(257, '89550641139000041227', '(41)99239-9423', 0, 1, 'Disponível', '', 1, ''),
(258, '89550641139000041904', '(41)99227-9246', 0, 1, 'Disponível', '', 1, ''),
(260, '89550641239000128089', '(41)99242-3049', 0, 1, 'Disponível', '', 1, ''),
(261, '89550642639000906807', '(41)99279-7663', 0, 1, 'Disponível', '', 1, ''),
(262, '89550641239000085917', '(41)99195-7021', 0, 1, 'Disponível', '', 1, ''),
(263, '89550641239000085040', '(41)99252-7395', 0, 1, 'Disponível', '', 1, ''),
(264, '89550641139000041573', '(41)99196-8278', 0, 1, 'Disponível', '', 1, ''),
(265, '89550641139000041425', '(41)99253-6089', 0, 1, 'Disponível', '', 1, ''),
(266, '89550641139000921386', '(41)99115-5631', 0, 1, 'Disponível', '', 1, ''),
(269, '89550641239000128931', '(41)99172-4389', 0, 1, 'Disponível', '', 1, ''),
(270, '89550641239000128097', '(41)99242-6773', 0, 1, 'Disponível', '', 1, ''),
(271, '89550641139000041185', '(41)99232-3185', 0, 1, 'Disponível', '', 1, ''),
(272, '89550641239000085628', '(41)99125-4009', 0, 1, 'Disponível', '', 1, ''),
(273, '89550640439003724055', '(41)99277-0381', 0, 1, 'EMPRESTADO', '', 1, ''),
(274, '89550641239000128501', '(41)99201-2016', 0, 1, 'Disponível', '', 1, ''),
(275, '89550641239000128881', '(41)99274-1271', 0, 1, 'EMPRESTADO', '', 1, ''),
(276, '89550641239000085669', '(41)99102-5947', 0, 1, 'Disponível', '', 1, ''),
(277, '89550641139000041839', '(41)99277-6286', 0, 1, 'Disponível', '', 1, ''),
(278, '89550641139000041102', '(41)99191-7517', 0, 1, 'EMPRESTADO', '', 1, ''),
(279, '89550644139000020368', '(41)99272-3498', 0, 1, 'Disponível', '', 1, ''),
(281, '89550641239000085115', '(41)99165-9604', 0, 1, 'Disponível', '', 1, ''),
(282, '89550641239000085081', '(41)99154-3781', 0, 1, 'Disponível', '', 1, ''),
(283, '89550641239000045671', '(41)99238-6728', 0, 1, 'Disponível', '', 1, ''),
(284, '89550641239000085164', '(41)99115-8306', 0, 1, 'Disponível', '', 1, ''),
(285, '89550641139000041698', '(41)99270-0142', 0, 1, 'EMPRESTADO', 'Chip sem pacote de voz.', 1, ''),
(286, '89550641139000041631', '(41)99128-4286', 0, 1, 'Disponível', '', 1, ''),
(287, '89550641139000041821', '(41)99166-2154', 0, 1, 'EMPRESTADO', '	', 1, ''),
(288, '89550641139000041474', '(41)99188-6414', 0, 1, 'EMPRESTADO', '', 1, ''),
(289, '89550641239000045663', '(41)99274-1271', 0, 1, 'Disponível', '', 2, NULL),
(290, '89550641139000041128', '(41)99175-9460', 0, 1, 'Disponível', '', 2, NULL),
(291, '89550641139000041029', '(41)99175-9460', 0, 1, 'EMPRESTADO', '', 2, NULL),
(293, '89550641239000081111', '(41)98411-1111', 0, 1, 'EMPRESTADO', '', 1, NULL),
(294, '89550641139000041607', '(41)99208-5403', 0, 0, 'Disponível', '', 2, NULL),
(295, '9000020046', '(41)99107-3823', 0, 1, 'EMPRESTADO', '', 2, NULL),
(296, '9000020301', '(41)99211-5658', 0, 1, 'EMPRESTADO', '', 2, NULL),
(297, '89550641359000346190', '(41)99107-0428', 0, 1, 'Disponível', '', 1, NULL),
(299, '89550641359000345960', '(41)99104-8922', 1, 1, 'Disponível', '', 2, NULL),
(300, '352403090246018', '(41)99101-7857', 0, 1, 'Disponível', '', 1, NULL),
(301, '89550641359000346141', '(41)99102-8620', 1, 1, 'EMPRESTADO', '', 2, NULL),
(302, '89550641139000041615', '(41)99178-5734', 0, 1, 'Disponível', '', 2, NULL),
(303, '7898602911205', '(41)99178-5734', 0, 1, 'EMPRESTADO', '', 2, NULL),
(304, '89550641139000041144', '(41)99238-4639', 1, 0, 'EMPRESTADO', '', 2, NULL),
(305, '352403090233966', '(41)99159-1127', 0, 0, 'Disponível', '', 2, NULL),
(306, '89550641359000346182', '(41)99285-5433', 0, 1, 'EMPRESTADO', '', 2, NULL),
(307, '89550641139000041151', '(41)99263-5556', 0, 1, 'EMPRESTADO', '', 2, NULL),
(308, '8955064113900004730', '(41)99279-7663', 0, 0, 'Disponível', '', 2, NULL),
(309, '89550641359000345945', '(41)99227-8383', 1, 1, 'EMPRESTADO', '', 2, NULL),
(310, '8955064145900001966259', '(41)99253-4981', 1, 1, 'EMPRESTADO', '', 2, NULL),
(311, '89550641139000041730', '(41)99279-7663', 1, 1, 'EMPRESTADO', '', 2, NULL),
(312, '8955064113900001649', '(41)99219-4573', 0, 1, 'Disponível', '', 2, NULL),
(313, '7898575225712', '(41)99277-6269', 0, 1, 'EMPRESTADO', '', 2, NULL),
(314, '89550641359000346018', '(41)99273-4265', 1, 1, 'EMPRESTADO', '', 2, NULL),
(315, '89550641139000041961', '(41)99234-3307', 1, 1, 'EMPRESTADO', '', 2, NULL),
(316, '89550641359000346059', '(41)99219-4573', 1, 1, 'EMPRESTADO', '', 1, NULL),
(317, '89550641359000345812', '(41)99115-5631', 1, 1, 'EMPRESTADO', '', 1, NULL),
(318, '89550641359000345861', '(41)99227-9246', 1, 1, 'EMPRESTADO', '', 1, NULL),
(319, '89550641359000345879', '(41)99239-9423', 1, 1, 'EMPRESTADO', '', 2, NULL),
(320, '89550641359000345838', '(41)99242-3049', 1, 1, 'EMPRESTADO', '', 1, NULL),
(321, '89550641139000041276', '(41)99288-5133', 1, 1, 'EMPRESTADO', '', 1, NULL),
(322, '89550641359000345978', '(41)99188-7069', 0, 1, 'EMPRESTADO', '', 2, NULL);

-- --------------------------------------------------------

--
-- Estrutura da tabela `empresa`
--

CREATE TABLE `empresa` (
  `idEmpresa` int(11) NOT NULL,
  `nomeEmpresa` varchar(150) DEFAULT NULL
) ENGINE=InnoDB DEFAULT CHARSET=utf8mb4;

--
-- Extraindo dados da tabela `empresa`
--

INSERT INTO `empresa` (`idEmpresa`, `nomeEmpresa`) VALUES
(1, 'TELEFÔNICA - VIVO S/A'),
(2, 'DETRAN - PR'),
(3, 'EMBRATEL - CLARO S/A');

-- --------------------------------------------------------

--
-- Estrutura da tabela `emprestimo`
--

CREATE TABLE `emprestimo` (
  `idEmprestimo` int(11) NOT NULL,
  `situacao` varchar(15) DEFAULT NULL,
  `dataEmprestimo` varchar(15) DEFAULT NULL,
  `dataDevolucao` varchar(15) DEFAULT NULL,
  `funcionario_id` int(11) NOT NULL,
  `usuario_id` int(11) NOT NULL,
  `observacao` text,
  `celular_id` int(11) DEFAULT NULL,
  `chip_id` int(11) DEFAULT NULL,
  `observacaoDevolucao` text,
  `protocolo` varchar(20) DEFAULT NULL,
  `motivoEmprestimo_id` int(11) NOT NULL,
  `chamado` varchar(10) NOT NULL
) ENGINE=InnoDB DEFAULT CHARSET=utf8mb4;

--
-- Extraindo dados da tabela `emprestimo`
--

INSERT INTO `emprestimo` (`idEmprestimo`, `situacao`, `dataEmprestimo`, `dataDevolucao`, `funcionario_id`, `usuario_id`, `observacao`, `celular_id`, `chip_id`, `observacaoDevolucao`, `protocolo`, `motivoEmprestimo_id`, `chamado`) VALUES
(62, 'EMPRESTADO', '26/11/2021', '26/11/2024', 6, 1, '', 57, 10, '', '  .   .   - ', 1, ''),
(63, 'DEVOLVIDO', '26/11/2021', '26/04/2022', 7, 1, '', 58, 11, 'BOM ESTADO. \nBOM ESTADO. \n. \n OK - TODOS ACESSÓRIOS DEVOLVIDOS.\n. \n OK - Todos acessórios devolvidos.\n', '  .   .   - ', 1, ''),
(64, 'EMPRESTADO', '26/11/2021', '29/11/2023', 8, 1, '', 59, 12, '', '  .   .   - ', 1, ''),
(66, 'EMPRESTADO', '29/11/2021', '29/11/2023', 43, 1, '', 60, 13, '', '  .   .   - ', 1, ''),
(67, 'EMPRESTADO', '29/11/2021', '29/11/2023', 56, 1, '', 61, 14, '', '  .   .   - ', 1, ''),
(68, 'DEVOLVIDO', '29/11/2021', '04/04/2022', 73, 1, '', 62, 15, 'QUEBRADO. \nTELA QUEBRADA. \n OK - Todos acessórios devolvidos.\n', '  .   .   - ', 1, ''),
(69, 'EMPRESTADO', '29/11/2021', '29/11/2023', 119, 1, '', 63, 16, '', '  .   .   - ', 1, ''),
(70, 'EMPRESTADO', '29/11/2021', '29/11/2023', 101, 1, '', 64, 17, '', '  .   .   - ', 1, ''),
(72, 'EMPRESTADO', '11/01/2022', '11/01/2025', 169, 5, '', NULL, 45, NULL, '18.507.558-3', 1, ''),
(73, 'DEVOLVIDO', '11/01/2022', '02/02/2022', 183, 5, '', 374, 285, '\n\nBOM ESTADO. \nNULLOK - Todos acessórios devolvidos.\n', '18.513.650-7', 1, ''),
(74, 'EMPRESTADO', '12/01/2022', '12/01/2023', 53, 5, '', 331, 192, '', '18.515.273-1', 1, ''),
(75, 'EMPRESTADO', '12/01/2022', '12/01/2023', 184, 5, '', 337, 249, '', '18.517.533-2', 1, ''),
(76, 'DEVOLVIDO', '12/01/2022', '22/08/2022', 185, 5, '', 332, 286, 'BOM ESTADO. \n\n\n', '18.517.673-8', 1, ''),
(77, 'DEVOLVIDO', '13/01/2022', '11/05/2022', 186, 5, '', 335, 104, 'BOM ESTADO. \nBOM ESTADO. \n. \n OK - TODOS ACESSÓRIOS DEVOLVIDOS.\n. \n OK - Todos acessórios devolvidos.\n', '18.523.441-0', 1, ''),
(78, 'DEVOLVIDO', '13/01/2022', '01/06/2022', 187, 5, '', 330, 64, 'BOM ESTADO. \n OK - TODOS ACESSÓRIOS DEVOLVIDOS.\n', '18.523.523-8', 1, ''),
(79, 'EMPRESTADO', '13/01/2022', '13/01/2023', 32, 5, '', 334, 287, '', '18.523.554-8', 1, ''),
(80, 'EMPRESTADO', '14/01/2022', '14/01/2023', 188, 5, '', 339, 202, '', '89.550.641-2', 1, ''),
(81, 'EMPRESTADO', '14/01/2022', '14/01/2023', 189, 5, '', 333, 290, NULL, '18.525.947-1', 1, ''),
(82, 'DEVOLVIDO', '14/01/2022', '17/05/2022', 190, 5, '', 336, 288, 'BOM ESTADO. \nBOM ESTADO. \n. \n OK - TODOS ACESSÓRIOS DEVOLVIDOS.\n. \n OK - Todos acessórios devolvidos.\n', '18.526.409-2', 1, ''),
(83, 'EMPRESTADO', '17/01/2022', '17/01/2023', 191, 5, '', 338, 191, '', '18.529.768-3', 1, ''),
(84, 'EMPRESTADO', '17/01/2022', '17/02/2023', 193, 5, '', 353, 58, '', '18.531.677-7', 1, ''),
(85, 'DEVOLVIDO', '17/01/2022', '18/08/2022', 194, 8, '', 375, 157, 'BOM ESTADO. \n OK - TODOS ACESSÓRIOS DEVOLVIDOS.\n', '18.533.039-7', 1, ''),
(86, 'DEVOLVIDO', '18/01/2022', '08/02/2022', 46, 5, '', 340, 199, '\n\nBOM ESTADO. \nCLL COM DEFEITO.OK - Todos acessórios devolvidos.\n', '18.536.839-4', 1, ''),
(87, 'EMPRESTADO', '19/01/2022', '19/01/2023', 197, 8, '', 344, 119, '', '18.542.918-0', 1, ''),
(88, 'EMPRESTADO', '19/01/2022', '19/01/2023', 196, 8, '', 351, 169, '', '18.543.002-2', 1, ''),
(89, 'EMPRESTADO', '20/01/2022', '20/01/2023', 198, 8, '', 372, 122, '', '18.548.024-0', 1, ''),
(90, 'EMPRESTADO', '21/01/2022', '21/01/2023', 199, 8, '', 367, 111, '', '18.549.175-7', 1, ''),
(91, 'EMPRESTADO', '21/01/2022', '01/12/2022', 29, 5, '200.200.200.723 COM TESTE NA CELEPAR POR FARID.', 373, NULL, NULL, '18.748.794-3', 1, ''),
(92, 'DEVOLVIDO', '21/01/2022', '31/05/2022', 29, 5, 'PARA TESTE NA CELEPAR.', 376, NULL, 'BOM ESTADO. \n OK - TODOS ACESSÓRIOS DEVOLVIDOS.\n', '18.748.794-3', 1, ''),
(93, 'EMPRESTADO', '21/01/2022', '21/01/2023', 201, 8, '', 358, 106, NULL, '18.550.191-4', 1, ''),
(94, 'EMPRESTADO', '21/01/2022', '21/01/2023', 200, 8, '', 362, 105, NULL, '18.550.327-5', 1, ''),
(104, 'EMPRESTADO', '27/01/2022', '18/01/2023', 202, 8, '', 349, 275, NULL, '18.572.645-2', 1, ''),
(105, 'EMPRESTADO', '28/01/2022', '28/01/2023', 203, 8, '', 347, 291, NULL, '18.577.343-4', 1, ''),
(106, 'EMPRESTADO', '31/01/2022', '31/01/2023', 206, 8, '', 112, 96, NULL, '18.580.966-8', 1, ''),
(107, 'DEVOLVIDO', '31/01/2022', '19/05/2022', 209, 8, '', 207, 130, 'BOM ESTADO. \n OK - TODOS ACESSÓRIOS DEVOLVIDOS.\n', '18.583.670-3', 1, ''),
(108, 'EMPRESTADO', '02/02/2022', '02/02/2002', 154, 8, '', 369, 97, NULL, '18.591.455-0', 1, ''),
(109, 'DEVOLVIDO', '02/02/2022', '21/02/2022', 210, 8, '', 364, 70, '\n\nBOM ESTADO. \nSERVIDORA INFORMOU QUE POR NÃO RECEBER ADICIONAL DE INSALUBRIDADE, NÃO FICARÁ RESPONSÁVEL PELO EQUIPAMENTO.OK - Todos acessórios devolvidos.\n', '18.591.745-2', 1, ''),
(110, 'EMPRESTADO', '02/02/2022', '02/02/2023', 212, 8, '', 345, 84, NULL, '18.592.194-8', 1, ''),
(111, 'EMPRESTADO', '02/02/2022', '02/02/2023', 213, 5, '', 374, 285, NULL, '18.513.650-7', 1, ''),
(112, 'EMPRESTADO', '02/02/2022', '02/02/2023', 211, 8, '', 357, 273, NULL, '18.592.489-0', 1, ''),
(113, 'EMPRESTADO', '02/02/2022', '02/02/2022', 214, 8, '', 368, 294, NULL, '18.594.797-3', 1, ''),
(114, 'EMPRESTADO', '04/02/2022', '04/02/2023', 46, 8, '', 342, 199, NULL, '18.601.267-4', 1, ''),
(115, 'EMPRESTADO', '04/02/2022', '04/02/2023', 47, 8, '', NULL, 295, NULL, '  .   .   - ', 1, ''),
(116, 'EMPRESTADO', '04/02/2022', '04/02/2023', 47, 8, '', NULL, 296, NULL, '  .   .   - ', 1, ''),
(117, 'EMPRESTADO', '08/02/2022', '08/02/2002', 216, 8, '', 356, 175, NULL, '18.613.035-9', 1, ''),
(118, 'EMPRESTADO', '08/02/2022', '08/02/2023', 215, 8, '', 366, 124, NULL, '18.613.180-0', 1, ''),
(119, 'EMPRESTADO', '08/02/2022', '08/02/2023', 217, 8, '', 355, 134, NULL, '18.613.334-0', 1, ''),
(120, 'EMPRESTADO', '08/02/2022', '08/02/2023', 57, 8, '', 363, 167, NULL, '18.613.423-0', 1, ''),
(121, 'EMPRESTADO', '09/02/2022', '09/02/2023', 219, 8, '', 274, NULL, NULL, '18.618.726-1', 1, ''),
(122, 'DEVOLVIDO', '10/02/2022', '05/09/2022', 220, 8, '', 365, 297, 'BOM ESTADO. \n OK - TODOS ACESSÓRIOS DEVOLVIDOS.\n', '18.623.076-0', 1, ''),
(123, 'DEVOLVIDO', '11/02/2022', '11/02/2022', 97, 8, '', 348, 41, '\n\nBOM ESTADO. \nOK - Todos acessórios devolvidos.\n', '18.627.675-2', 1, ''),
(124, 'EMPRESTADO', '11/02/2022', '11/02/2022', 221, 8, '', 348, 41, NULL, '18.627.806-2', 1, ''),
(125, 'EMPRESTADO', '11/02/2022', '11/02/2022', 222, 8, '', 354, 205, NULL, '18.627.892-5', 1, ''),
(126, 'EMPRESTADO', '11/02/2022', '11/02/2022', 223, 8, '', 360, 194, NULL, '18.628.085-7', 1, ''),
(127, 'EMPRESTADO', '11/02/2022', '11/02/2022', 152, 8, '', 370, 24, NULL, '18.628.149-7', 1, ''),
(128, 'EMPRESTADO', '11/02/2022', '11/02/2022', 224, 8, '', 352, 40, NULL, '18.628.238-8', 1, ''),
(129, 'DEVOLVIDO', '31/01/2022', '15/02/2022', 208, 9, '', 377, 293, '\n\nBOM ESTADO. \nOK - Todos acessórios devolvidos.\n', '18.583.238-4', 1, ''),
(130, 'EMPRESTADO', '11/02/2022', '11/02/2022', 226, 8, '', 371, 27, NULL, '18.630.170-6', 1, ''),
(131, 'EMPRESTADO', '11/02/2022', '11/02/2022', 227, 8, '', 171, 74, NULL, '18.630.708-9', 1, ''),
(133, 'DEVOLVIDO', '15/02/2022', '15/02/2022', 208, 9, '', 377, 293, '\n\nBOM ESTADO. \nOK - Todos acessórios devolvidos.\n', '18.641.872-7', 1, ''),
(134, 'DEVOLVIDO', '15/02/2022', '15/02/2022', 208, 9, '', 377, 293, '\n\nBOM ESTADO. \nOK - Todos acessórios devolvidos.\n', '18.641.872-7', 1, ''),
(135, 'DEVOLVIDO', '15/02/2022', '15/02/2022', 208, 9, '', 377, 293, '\n\nBOM ESTADO. \nOK - Todos acessórios devolvidos.\n', '18.641.872-7', 1, ''),
(136, 'EMPRESTADO', '15/02/2022', '15/02/2023', 208, 9, '', 377, 293, NULL, '18.641.872-7', 1, ''),
(137, 'DEVOLVIDO', '16/02/2022', '03/06/2022', 228, 8, '', 307, 299, 'BOM ESTADO. \n OK - TODOS ACESSÓRIOS DEVOLVIDOS.\n', '89.550.641-3', 1, ''),
(138, 'EMPRESTADO', '18/02/2022', '18/02/2023', 229, 8, '', 341, 22, NULL, '18.658.357-4', 1, ''),
(139, 'EMPRESTADO', '18/02/2022', '18/02/2023', 230, 8, '', 343, 33, NULL, '18.658.647-6', 1, ''),
(140, 'EMPRESTADO', '18/02/2022', '18/02/2023', 231, 8, '', 361, 278, NULL, '18.658.903-3', 1, ''),
(141, 'DEVOLVIDO', '18/02/2022', '10/03/2022', 232, 8, '', 359, 103, '\n\nBOM ESTADO. \nAPARELHO FEITO ATUALIZAÇÃO E PAROU DE FUNCIONAR  A VISTORIA.OK - Todos acessórios devolvidos.\n', '18.659.102-0', 1, ''),
(142, 'EMPRESTADO', '21/02/2022', '21/02/2023', 39, 8, '', 350, 195, NULL, '18.662.841-1', 1, ''),
(143, 'EMPRESTADO', '21/02/2022', '21/02/2023', 233, 8, '', 346, 135, NULL, '18.662.979-5', 1, ''),
(144, 'DEVOLVIDO', '24/02/2022', '23/03/2022', 177, 8, '', 317, 87, 'BOM ESTADO. \n. \n OK - Todos acessórios devolvidos.\n', '18.682.470-9', 1, ''),
(145, 'DEVOLVIDO', '08/03/2022', '11/03/2022', 140, 8, '', NULL, 301, 'BOM ESTADO. \nRECEBIDO EM MAOS.. \n\n\n', '  .   .   - ', 1, ''),
(146, 'EMPRESTADO', '08/03/2022', '08/03/2024', 38, 8, 'CONTRATO ANTIGO, INFORMAÇÃO  ATUALIZADA NO NOVO SISTEMA.', 269, 219, NULL, '  .   .   - ', 1, ''),
(147, 'DEVOLVIDO', '10/03/2022', '11/03/2022', 29, 8, 'PARA TESTE NA CELEPAR', 384, NULL, 'BOM ESTADO. \nBOM ESTADO. \nPARA TESTE NA CELEPAR. \n OK - TODOS ACESSÓRIOS DEVOLVIDOS.\n. \n OK - Todos acessórios devolvidos.\n', '  .   .   - ', 1, ''),
(148, 'DEVOLVIDO', '10/03/2022', '11/03/2022', 122, 8, 'APARELHO EMPRESTADO PRA TESTES.', 383, NULL, 'BOM ESTADO. \nBOM ESTADO. \nAPARELHO EMPRESTADO PRA TESTES.. \n OK - TODOS ACESSÓRIOS DEVOLVIDOS.\n. \n OK - Todos acessórios devolvidos.\n', '  .   .   - ', 1, ''),
(149, 'EMPRESTADO', '10/03/2022', '10/03/2023', 29, 8, 'PARA TESTE NA CELEPAR', 392, NULL, NULL, '18.732.732-6', 1, ''),
(150, 'EMPRESTADO', '10/03/2022', '10/03/2023', 29, 8, 'PARA TESTE NA CELEPAR', 403, NULL, NULL, '18.732.732-6', 1, ''),
(151, 'DEVOLVIDO', '10/03/2022', '05/05/2022', 122, 8, 'APARELHO EMPRESTADO A CELEPAR PRA TESTES', 391, NULL, 'BOM ESTADO. \nAPARELHO EMPRESTADO A CELEPAR PRA TESTES. \n OK - Todos acessórios devolvidos.\n', '  .   .   - ', 1, ''),
(152, 'DEVOLVIDO', '10/03/2022', '24/05/2022', 122, 8, 'APARELHO EMPRESTADO PRA CELEPAR, PRA TESTES', 402, NULL, 'BOM ESTADO. \n OK - TODOS ACESSÓRIOS DEVOLVIDOS.\n', '  .   .   - ', 1, ''),
(153, 'EMPRESTADO', '11/03/2022', '11/03/2023', 29, 8, 'EMPRESTIMO DE SMARTPHONE PRA TESTE.', 383, NULL, NULL, '18.732.732-6', 1, ''),
(154, 'EMPRESTADO', '16/03/2022', '16/03/2023', 29, 8, '', 458, NULL, NULL, '18.748.794-3', 1, ''),
(155, 'EMPRESTADO', '16/03/2022', '16/03/2022', 29, 8, '', 491, NULL, NULL, '18.748.794-3', 1, ''),
(156, 'EMPRESTADO', '16/03/2022', '16/03/2023', 48, 10, '', 378, NULL, NULL, '18.752.592-6', 1, ''),
(157, 'EMPRESTADO', '17/03/2022', '17/03/2023', 236, 10, '', 203, 151, NULL, '  .   .   - ', 1, ''),
(158, 'DEVOLVIDO', '21/03/2022', '25/03/2022', 237, 5, '', 340, 131, 'BOM ESTADO. \nBOM ESTADO. \nDEVOLUÇÃO FALTANDO A CAPA DE PROTEÇÃO EM TPU.. \n\n\n- CAPA TPU NÃO DEVOLVIDA.\n. \n\n\n- Capa TPU NÃO devolvida.\n', '  .   .   - ', 1, ''),
(159, 'EMPRESTADO', '21/03/2022', '21/03/2023', 238, 8, ' 89550644139000020913 CHIP', 418, NULL, NULL, '18.767.678-9', 1, ''),
(160, 'DEVOLVIDO', '21/03/2022', '29/07/2022', 239, 8, '', 419, NULL, 'DEFEITO. \n OK - TODOS ACESSÓRIOS DEVOLVIDOS.\n', '18.768.699-7', 1, ''),
(161, 'EMPRESTADO', '21/03/2022', '21/03/2023', 240, 10, 'CHIP - 89550644139000020533\n\n', 410, NULL, NULL, '18.768.767-5', 1, ''),
(162, 'EMPRESTADO', '21/03/2022', '21/03/2023', 231, 8, '', 420, NULL, NULL, '18.770.157-0', 1, ''),
(163, 'EMPRESTADO', '21/03/2022', '21/03/2023', 232, 8, '', 416, NULL, NULL, '18.768.956-2', 1, ''),
(164, 'DEVOLVIDO', '22/03/2022', '04/04/2022', 241, 8, '', 452, NULL, 'BOM ESTADO. \nFALHA NO SISTEMA OPERACIONAL. \n OK - Todos acessórios devolvidos.\n', '18.770.962-8', 1, ''),
(165, 'DEVOLVIDO', '22/03/2022', '04/04/2022', 242, 8, '', 454, NULL, 'BOM ESTADO. \nBOM ESTADO. \nFALHA NO SISTEMA OPERACIONAL. \n OK - TODOS ACESSÓRIOS DEVOLVIDOS.\n. \n OK - Todos acessórios devolvidos.\n', '18.771.081-2', 1, ''),
(166, 'EMPRESTADO', '22/03/2022', '22/03/2023', 151, 8, '', 384, NULL, NULL, '18.772.342-6', 1, ''),
(167, 'DEVOLVIDO', '23/03/2022', '06/05/2022', 177, 8, '', 317, 247, 'BOM ESTADO. \nBOM ESTADO. \n. \n OK - TODOS ACESSÓRIOS DEVOLVIDOS.\n. \n OK - Todos acessórios devolvidos.\n', '  .   .   - ', 1, ''),
(168, 'EMPRESTADO', '23/03/2022', '23/03/2023', 243, 10, '', 414, 305, NULL, '18.777.687-2', 1, ''),
(169, 'EMPRESTADO', '23/03/2022', '23/03/2023', 244, 10, 'CHIP 89550641239000128238\n 	 	', 475, 146, NULL, '18.777.759-3', 1, ''),
(170, 'EMPRESTADO', '23/03/2022', '23/03/2023', 245, 10, 'CHIP 89550641239000128717\n\n', 476, 188, NULL, '18.778.221-0', 1, ''),
(171, 'EMPRESTADO', '23/03/2022', '23/03/2023', 246, 10, '', 412, NULL, NULL, '18.778.324-0', 1, ''),
(172, 'DEVOLVIDO', '23/03/2022', '23/03/2022', 247, 10, '', 411, NULL, 'BOM ESTADO. \n. \n OK - Todos acessórios devolvidos.\n', '18.778.381-0', 1, ''),
(173, 'DEVOLVIDO', '23/03/2022', '28/03/2022', 249, 10, '', 411, NULL, 'BOM ESTADO. \n. \n OK - Todos acessórios devolvidos.\n', '18.778.673-8', 1, ''),
(174, 'EMPRESTADO', '23/03/2022', '23/03/2023', 248, 8, '', 413, 303, NULL, '18.778.904-4', 1, ''),
(175, 'EMPRESTADO', '23/03/2022', '23/03/2023', 250, 10, '', 463, NULL, NULL, '18.778.961-3', 1, ''),
(176, 'EMPRESTADO', '23/03/2022', '23/03/2023', 251, 10, '', 468, NULL, NULL, '18.779.111-1', 1, ''),
(177, 'EMPRESTADO', '23/03/2022', '23/03/2023', 252, 8, '', 405, 95, NULL, '18.779.292-4', 1, ''),
(178, 'EMPRESTADO', '23/03/2022', '23/03/2023', 116, 8, '', 415, 61, NULL, '18.779.397-1', 1, ''),
(179, 'EMPRESTADO', '24/03/2022', '24/03/2024', 253, 8, '', 381, NULL, NULL, '18.783.495-3', 1, ''),
(180, 'EMPRESTADO', '24/03/2022', '24/03/2023', 255, 8, '', 379, NULL, NULL, '18.783.714-6', 1, ''),
(181, 'DEVOLVIDO', '24/03/2022', '29/03/2022', 254, 8, '', 380, NULL, 'BOM ESTADO. \nBOM ESTADO. \n. \n OK - TODOS ACESSÓRIOS DEVOLVIDOS.\n. \n OK - Todos acessórios devolvidos.\n', '18.783.779-0', 1, ''),
(182, 'EMPRESTADO', '25/03/2022', '25/03/2023', 256, 8, '', 51, 304, NULL, '18.788.388-1', 1, ''),
(183, 'EMPRESTADO', '25/03/2022', '25/03/2023', 236, 10, '', 423, NULL, NULL, '18.788.774-7', 1, ''),
(184, 'EMPRESTADO', '25/03/2022', '25/03/2023', 257, 10, '', 422, NULL, NULL, '18.788.848-4', 1, ''),
(185, 'EMPRESTADO', '25/03/2022', '25/03/2023', 258, 10, '', 424, NULL, NULL, '18.788.926-0', 1, ''),
(186, 'EMPRESTADO', '25/03/2022', '25/03/2023', 259, 10, '', 457, NULL, NULL, '18.789.008-0', 1, ''),
(187, 'EMPRESTADO', '25/03/2022', '25/03/2023', 260, 10, '', 453, NULL, NULL, '18.789.106-0', 1, ''),
(188, 'EMPRESTADO', '25/03/2022', '25/03/2023', 261, 10, '', 464, NULL, NULL, '18.789.163-9', 1, ''),
(189, 'EMPRESTADO', '25/03/2022', '25/03/2023', 262, 10, '', 425, NULL, NULL, '18.789.378-0', 1, ''),
(190, 'EMPRESTADO', '28/03/2022', '28/03/2023', 264, 10, '', 461, NULL, NULL, '18.791.784-0', 1, ''),
(191, 'EMPRESTADO', '28/03/2022', '28/03/2023', 265, 10, '', 470, NULL, NULL, '18.791.819-7', 1, ''),
(192, 'EMPRESTADO', '28/03/2022', '28/03/2023', 88, 10, '', 389, NULL, NULL, '18.792.106-6', 1, ''),
(193, 'EMPRESTADO', '28/03/2022', '28/03/2023', 247, 10, '', 411, NULL, NULL, '18.778.673-8', 1, ''),
(194, 'DEVOLVIDO', '29/03/2022', '04/05/2022', 267, 10, '', 428, NULL, 'BOM ESTADO. \n. \n OK - Todos acessórios devolvidos.\n', '18.798.241-3', 1, ''),
(195, 'DEVOLVIDO', '29/03/2022', '04/05/2022', 268, 10, '', 434, NULL, 'BOM ESTADO. \n. \n OK - Todos acessórios devolvidos.\n', '18.798.301-0', 1, ''),
(196, 'EMPRESTADO', '29/03/2022', '29/03/2023', 269, 10, '', 407, NULL, NULL, '18.798.615-0', 1, ''),
(197, 'DEVOLVIDO', '29/03/2022', '23/09/2022', 270, 10, '', 408, NULL, 'BOM ESTADO. \n OK - TODOS ACESSÓRIOS DEVOLVIDOS.\n', '18.798.687-7', 1, ''),
(198, 'EMPRESTADO', '29/03/2022', '29/03/2023', 271, 8, '', 380, NULL, NULL, '18.783.779-0', 1, ''),
(199, 'DEVOLVIDO', '29/03/2022', '23/09/2022', 272, 10, '', 409, NULL, 'BOM ESTADO. \n OK - TODOS ACESSÓRIOS DEVOLVIDOS.\n', '18.798.751-2', 1, ''),
(200, 'EMPRESTADO', '29/03/2022', '29/03/2023', 273, 10, '', 421, NULL, NULL, '18.798.793-8', 1, ''),
(201, 'EMPRESTADO', '29/03/2022', '29/03/2023', 274, 10, '', 406, NULL, NULL, '18.798.857-8', 1, ''),
(202, 'DEVOLVIDO', '29/03/2022', '29/03/2022', 275, 10, '', 417, NULL, 'BOM ESTADO. \n. \n OK - Todos acessórios devolvidos.\n', '18.798.898-5', 1, ''),
(203, 'EMPRESTADO', '29/03/2022', '29/03/2023', 276, 8, '', 364, NULL, NULL, '18.591.745-2', 1, ''),
(204, 'EMPRESTADO', '29/03/2022', '29/03/2023', 192, 5, '', 508, NULL, NULL, '  .   .   - ', 1, ''),
(205, 'EMPRESTADO', '29/03/2022', '29/03/2022', 241, 8, '', 340, NULL, NULL, '18.800.561-6', 1, ''),
(206, 'EMPRESTADO', '29/03/2022', '29/03/2023', 275, 10, '', 417, NULL, NULL, '18.800.784-8', 1, ''),
(207, 'EMPRESTADO', '29/03/2022', '29/03/2023', 242, 8, '', 359, NULL, NULL, '18.800.856-9', 1, ''),
(208, 'EMPRESTADO', '30/03/2022', '30/03/2023', 263, 10, '', 459, NULL, NULL, '18.803.151-0', 1, ''),
(209, 'EMPRESTADO', '30/03/2022', '30/03/2023', 277, 10, 'EQUIPAMENTO COM CHIP DE DADOS PARA VISTORIA EXTERNA..', 456, 34, NULL, '18.803.242-7', 1, ''),
(210, 'EMPRESTADO', '30/03/2022', '30/03/2023', 278, 10, '', 455, NULL, NULL, '18.803.329-6', 1, ''),
(211, 'EMPRESTADO', '31/03/2022', '31/03/2023', 279, 10, '', 426, NULL, NULL, '18.809.904-1', 1, ''),
(212, 'EMPRESTADO', '31/03/2022', '31/03/2023', 280, 10, '', 477, NULL, NULL, '18.809.971-8', 1, ''),
(213, 'EMPRESTADO', '31/03/2022', '31/03/2023', 155, 10, '', 471, NULL, NULL, '18.810.206-9', 1, ''),
(214, 'EMPRESTADO', '31/03/2022', '31/03/2023', 281, 10, '', 469, NULL, NULL, '18.810.310-3', 1, ''),
(215, 'EMPRESTADO', '31/03/2022', '31/03/2023', 282, 10, '', 472, NULL, NULL, '18.811.646-9', 1, ''),
(216, 'EMPRESTADO', '31/03/2022', '31/03/2023', 283, 10, '', 467, NULL, NULL, '18.811.749-0', 1, ''),
(217, 'EMPRESTADO', '31/03/2022', '31/03/2023', 284, 10, '', 465, NULL, NULL, '18.811.951-4', 1, ''),
(218, 'EMPRESTADO', '31/03/2022', '31/03/2023', 285, 10, '', 478, NULL, NULL, '18.812.003-2', 1, ''),
(219, 'EMPRESTADO', '05/04/2022', '20/04/2022', 140, 8, '', NULL, 131, NULL, '  .   .   - ', 1, ''),
(220, 'EMPRESTADO', '05/04/2022', '05/04/2023', 287, 8, '', 454, 301, NULL, '18.828.705-0', 1, ''),
(221, 'EMPRESTADO', '05/04/2022', '05/04/2023', 288, 8, 'SISTEMA DE VISTORIA ATUALIZADO 05/04/2022', 452, NULL, NULL, '18.828.923-1', 1, ''),
(222, 'EMPRESTADO', '06/04/2022', '06/04/2023', 289, 10, '', 473, 79, NULL, '18.832.039-2', 1, ''),
(223, 'EMPRESTADO', '12/04/2022', '12/04/2023', 247, 8, 'CHIP SUBSTITUIDO POR DEFEITO. 89550644139000020418', NULL, 306, NULL, '18.856.430-5', 1, ''),
(224, 'DEVOLVIDO', '19/04/2022', '20/04/2022', 290, 8, '', 49, 307, 'BOM ESTADO. \nBOM ESTADO. \n. \n OK - TODOS ACESSÓRIOS DEVOLVIDOS.\n. \n OK - Todos acessórios devolvidos.\n', '18.876.839-3', 1, ''),
(225, 'EMPRESTADO', '26/04/2022', '26/04/2022', 290, 8, '', 49, 307, NULL, '  .   .   - ', 1, ''),
(226, 'EMPRESTADO', '27/04/2022', '27/04/2023', 291, 10, 'LINHA: (41)99103-4597\nCHIP: 89550644139000020566\n', 445, NULL, NULL, '18.898.059-7', 1, ''),
(227, 'EMPRESTADO', '27/04/2022', '27/04/2023', 293, 10, 'CHIP: 89550641239000146198\nLINHA: (41) 99148-2034\n', 433, NULL, NULL, '18.898.217-4', 1, ''),
(228, 'EMPRESTADO', '27/04/2022', '27/04/2023', 294, 10, 'CHIP: 89550641239000128410\nLINHA: (41)99211-6332\n\n\n\n', 437, NULL, NULL, '18.898.059-7', 1, ''),
(229, 'EMPRESTADO', '27/04/2022', '27/04/2023', 295, 10, 'CHIP: 89550641239000128170\nLINHA: (41) 99248-1621\n', 427, NULL, NULL, '18.898.429-0', 1, ''),
(230, 'EMPRESTADO', '27/04/2022', '27/04/2023', 296, 10, 'CHIP: 89550641239000128329\nLINHA: (41)99226-6571\n', 450, NULL, NULL, '18.898.542-4', 1, ''),
(231, 'EMPRESTADO', '27/04/2022', '27/04/2023', 297, 10, 'CHIP: 89550641239000128311\nLINHA: (41)99226-1715\n', 481, NULL, NULL, '18.898.606-4', 1, ''),
(232, 'EMPRESTADO', '27/04/2022', '27/04/2023', 286, 10, 'CHIP: 89550641239000128436\nLINHA: (41)99214-8245\n', 479, NULL, NULL, '18.898.780-0', 1, ''),
(233, 'EMPRESTADO', '27/04/2022', '27/04/2023', 292, 10, 'CHIP: 89550641239000128410\nLINHA: (41)99211-6332\n\n\n', 382, NULL, NULL, '18.899.101-7', 1, ''),
(234, 'DEVOLVIDO', '28/04/2022', '19/05/2022', 298, 8, '', 509, 261, 'BOM ESTADO. \n OK - TODOS ACESSÓRIOS DEVOLVIDOS.\n', '18.906.430-6', 1, ''),
(235, 'EMPRESTADO', '29/04/2022', '29/04/2023', 299, 10, 'CHIP: 89550641239000128931\nLINHA: (41)99172-4389\n\n\n', 451, NULL, NULL, '18.909.227-0', 1, ''),
(236, 'EMPRESTADO', '29/04/2022', '29/04/2023', 300, 10, 'CHIP: 89550641139000041177\n\n\n', 449, NULL, NULL, '18.909.312-8', 1, ''),
(237, 'EMPRESTADO', '29/04/2022', '29/04/2023', 301, 10, 'CHIP: 89550641239000128972\nLINHA: (41)99175-6104\n\n\n', 480, NULL, NULL, '18.909.436-1', 1, ''),
(238, 'EMPRESTADO', '29/04/2022', '29/04/2023', 60, 10, 'CHIP: 89550841459000019670\n\n', 446, NULL, NULL, '18.909.516-3', 1, ''),
(239, 'EMPRESTADO', '29/04/2022', '29/04/2023', 27, 10, 'CHIP: 89550640439003728106\nLINHA: (41)99143-6819\n', 447, NULL, NULL, '18.909.673-9', 1, ''),
(240, 'EMPRESTADO', '04/05/2022', '04/05/2023', 302, 8, '', 434, 165, NULL, '18.930.085-9', 1, ''),
(241, 'EMPRESTADO', '04/05/2022', '04/05/2023', 302, 8, '', 428, 164, NULL, '18.930.253-3', 1, ''),
(242, 'EMPRESTADO', '05/05/2022', '05/05/2023', 303, 10, 'LINHA: (41)99217-9515\nCHIP: 89550641239000128444\n', 391, NULL, NULL, '18.933.477-0', 1, ''),
(243, 'EMPRESTADO', '06/05/2022', '06/05/2022', 177, 8, '', NULL, 247, NULL, '18.937.285-0', 1, ''),
(244, 'EMPRESTADO', '09/05/2022', '09/05/2023', 304, 10, 'CHIP: 89550644139000020830\nLINHA: (41)99132-1381\n\n\n', 440, NULL, NULL, '18.945.100-8', 1, ''),
(245, 'EMPRESTADO', '09/05/2022', '09/05/2023', 209, 10, 'CHIP: 89550641239000128444\nLINHA: (41)99217-9515\n', 439, NULL, NULL, '18.945.167-9', 1, ''),
(246, 'EMPRESTADO', '09/05/2022', '09/05/2023', 128, 10, 'CHIP: 89550641239000085917\nLINHA: (41)99195-7021\n\n\n', 460, NULL, NULL, '18.945.242-0', 1, ''),
(247, 'EMPRESTADO', '09/05/2022', '09/05/2023', 305, 10, 'CHIP: 89550641239000128766\nLINHA: (41)99161-8328\n\n\n', 386, NULL, NULL, '18.945.293-4', 1, ''),
(248, 'EMPRESTADO', '09/05/2022', '09/05/2023', 306, 10, 'CHIP: 89550644139000020970\nLINHA: (41)99184-6634\n', 443, NULL, NULL, '18.945.319-1', 1, ''),
(249, 'EMPRESTADO', '11/05/2022', '11/05/2023', 307, 10, 'CHIP: 89551093344100817556\n', 442, NULL, NULL, '18.954.527-4', 1, ''),
(250, 'EMPRESTADO', '11/05/2022', '11/05/2023', 308, 10, 'CHIP: 89550644139000020947\nLINHA: (41)99185-0471\n', 448, NULL, NULL, '18.954.591-6', 1, ''),
(251, 'EMPRESTADO', '11/05/2022', '11/05/2023', 309, 10, 'CHIP: 89550641239000146032\nLINHA: (41)99151-4592\n\n\n \n\n', 438, NULL, NULL, '18.957.573-4', 1, ''),
(252, 'EMPRESTADO', '11/05/2022', '11/05/2023', 310, 10, 'CHIP: 89550644139000020426\nLINHA: (41)99115-2714\n\n\n', 444, NULL, NULL, '18.957.626-9', 1, ''),
(253, 'EMPRESTADO', '11/05/2022', '11/05/2023', 311, 10, '', 474, NULL, NULL, '18.957.670-6', 1, ''),
(254, 'EMPRESTADO', '11/05/2022', '11/05/2023', 164, 10, 'CHIP: 89550644139000020657\nLINHA: (41)99186-5611\n\n\n', 431, NULL, NULL, '18.957.732-0', 1, ''),
(255, 'EMPRESTADO', '11/05/2022', '11/05/2023', 50, 10, 'CHIP: 89550644139000020236\nLINHA: (41)99189-3392\n', 390, NULL, NULL, '18.957.805-9', 1, ''),
(256, 'EMPRESTADO', '13/05/2022', '13/05/2023', 312, 10, 'CHIP: 89550644139000020863\nLINHA: (41)99138-5244\n\n\n', 432, NULL, NULL, '18.965.318-2', 1, ''),
(257, 'EMPRESTADO', '13/05/2022', '13/05/2023', 313, 10, 'CHIP: 89550641239000128998\nLINHA: (41)99176-6544\n\n\n', 435, NULL, NULL, '18.965.346-8', 1, ''),
(258, 'EMPRESTADO', '13/05/2022', '13/05/2023', 314, 10, 'CHIP:89550644139000020277\nLINHA:(41)99141-1590\n  ', 441, NULL, NULL, '18.965.376-0', 1, ''),
(259, 'EMPRESTADO', '13/05/2022', '13/05/2023', 315, 10, 'CHIP: 89550641239000128402\nLINHA: (41)99211-3181\n', 462, NULL, NULL, '18.965.689-0', 1, ''),
(260, 'EMPRESTADO', '13/05/2022', '13/05/2023', 316, 10, 'CHIP: 89550644139000020731\nLINHA: (41)99179-0759\n', 436, NULL, NULL, '18.965.728-5', 1, ''),
(261, 'EMPRESTADO', '13/01/2022', '13/01/2023', 186, 8, '', 335, 104, NULL, '18.523.441-0', 1, ''),
(262, 'EMPRESTADO', '17/05/2022', '17/05/2023', 318, 10, 'CHIP: 89550644139000020152\nLINHA:(41)99184-0427\n\n\n \n\n', 483, NULL, NULL, '18.978.370-1', 1, ''),
(263, 'EMPRESTADO', '17/05/2022', '17/05/2023', 317, 8, '', NULL, 309, NULL, '18.978.404-0', 1, ''),
(264, 'EMPRESTADO', '17/05/2022', '17/05/2023', 319, 10, 'CHIP: 89550640439003728114\nLINHA: (41)99143-3053\n\n\n', 385, NULL, NULL, '18.978.471-6', 1, ''),
(265, 'EMPRESTADO', '17/05/2022', '17/05/2023', 219, 10, 'CHIP:89550644139000020467\nLINHA: (41)99118-2085\n\n\n\n\n\n\n ', 466, NULL, NULL, '18.978.506-2', 1, ''),
(266, 'EMPRESTADO', '17/05/2022', '17/05/2023', 227, 10, 'CHIP: 89550644139000020855\nLINHA: (41)99186-0927\n\n \n', 429, NULL, NULL, '18.978.557-7', 1, ''),
(267, 'EMPRESTADO', '17/05/2022', '17/05/2023', 320, 10, 'CHIP: 89550641239000128204\nLINHA: (41)99207-7125\n\n\n', 388, NULL, NULL, '18.978.607-7', 1, ''),
(268, 'EMPRESTADO', '17/05/2022', '17/05/2023', 321, 8, '', 336, 288, NULL, '18.980.151-3', 1, ''),
(269, 'EMPRESTADO', '18/05/2022', '18/06/2022', 322, 8, '', 291, 310, NULL, '18.985.094-8', 1, ''),
(270, 'EMPRESTADO', '18/05/2022', '18/05/2023', 323, 10, 'CHIP: 89550640439003724113\n\n', 396, NULL, NULL, '18.985.146-4', 1, ''),
(271, 'EMPRESTADO', '18/05/2022', '18/05/2023', 324, 10, 'CHIP: 89550641239000128840\nLINHA:(41)99233-3048\n\n \n', 387, NULL, NULL, '18.985.213-4', 1, ''),
(272, 'EMPRESTADO', '18/05/2022', '18/05/2023', 325, 10, 'CHIP: 89550644139000020665\nLINHA: (41)99189-5342\n\n\n', 393, NULL, NULL, '18.985.278-9', 1, ''),
(273, 'EMPRESTADO', '18/05/2022', '18/05/2023', 326, 10, 'CHIP:89550644139000020822\nLINHA: (41)99137-8212\n\n\n\n\n ', 430, NULL, NULL, '18.985.327-0', 1, ''),
(274, 'EMPRESTADO', '18/05/2022', '18/05/2023', 327, 10, 'CHIP: 89550641239000128147\nLINHA: (41)99244-1036\n', 401, NULL, NULL, '18.985.371-8', 1, ''),
(275, 'EMPRESTADO', '19/05/2022', '19/05/2023', 328, 8, '', 509, 311, NULL, '18.991.624-8', 1, ''),
(276, 'EMPRESTADO', '23/05/2022', '23/05/2023', 329, 10, 'CHIP:89550641239000128659\nLINHA: (41)99211-7108\n\n\n ', 488, NULL, NULL, '18.998.716-1', 1, ''),
(277, 'EMPRESTADO', '23/05/2022', '23/05/2023', 25, 10, 'CHIP: 89550641239000128915\nLINHA: (41)99172-1288\n', 482, NULL, NULL, '18.998.762-5', 1, ''),
(278, 'DEVOLVIDO', '23/05/2022', '23/05/2022', 87, 10, 'CHIP: 89550641239000085974\nLINHA: (41)99288-5133\n', 501, NULL, 'BOM ESTADO. \n OK - TODOS ACESSÓRIOS DEVOLVIDOS.\n', '18.998.806-0', 1, ''),
(279, 'EMPRESTADO', '23/05/2022', '23/05/2023', 330, 10, '', 501, NULL, NULL, '18.999.023-5', 1, ''),
(280, 'EMPRESTADO', '23/05/2022', '23/05/2023', 331, 10, 'CHIP:89550641239000128857\nLINHA: (41)99233-2404\n ', 394, NULL, NULL, '18.999.360-9', 1, ''),
(281, 'EMPRESTADO', '23/05/2022', '23/05/2023', 87, 10, 'CHIP: 89550641239000085974\nLINHA: (41)99288-5133\n', 395, NULL, NULL, '18.999.488-5', 1, ''),
(282, 'DEVOLVIDO', '30/05/2022', '08/06/2022', 332, 10, '', NULL, 312, 'BOM ESTADO. \n\n\n', '18.999.777-9', 1, ''),
(283, 'EMPRESTADO', '25/05/2022', '25/05/2023', 333, 10, 'CHIP:89550641239000128980\nLINHA: (41)99176-0661\n\n\n ', 398, NULL, NULL, '19.010.155-0', 1, ''),
(284, 'EMPRESTADO', '25/05/2022', '25/05/2023', 334, 10, 'CHIP: 89550641239000128188\nLINHA: (41)99248-8869\n\n\n', 399, NULL, NULL, '19.010.213-0', 1, ''),
(285, 'EMPRESTADO', '25/05/2022', '25/05/2023', 335, 10, 'CHIP:89550641239000128642\nLINHA: (41)99213-7236\n\n\n\n\n ', 400, NULL, NULL, '19.010.440-0', 1, ''),
(286, 'EMPRESTADO', '25/05/2022', '25/05/2023', 336, 10, 'CHIP: 89550641239000146024\nLINHA: (41)99148-4494\n', 402, NULL, NULL, '19.010.524-5', 1, ''),
(287, 'EMPRESTADO', '25/05/2022', '25/05/2023', 337, 8, '', NULL, 313, NULL, '19.011.736-7', 1, ''),
(288, 'DEVOLVIDO', '25/05/2022', '25/05/2022', 338, 8, '', 10, 125, 'BOM ESTADO. \n OK - TODOS ACESSÓRIOS DEVOLVIDOS.\n', '19.012.827-0', 1, ''),
(289, 'EMPRESTADO', '25/05/2022', '25/05/2023', 338, 8, '', 10, 314, NULL, '19.012.827-0', 1, ''),
(290, 'EMPRESTADO', '01/06/2022', '01/06/2023', 340, 10, 'CHIP: 89550641139000041664\n\n', 397, NULL, NULL, '19.037.933-7', 1, ''),
(291, 'EMPRESTADO', '01/06/2022', '01/06/2023', 341, 10, 'CHIP:89550641239000085925\nLINHA: (41)99195-1534\n\n\n\n\n ', 494, NULL, NULL, '19.037.963-9', 1, ''),
(292, 'EMPRESTADO', '01/06/2022', '01/06/2023', 342, 10, 'CHIP: 89550641139000041292\n', 404, NULL, NULL, '19.037.996-5', 1, ''),
(293, 'EMPRESTADO', '01/06/2022', '01/06/2023', 343, 10, 'CHIP: 89550644139000020905\nLINHA: (41)99115-7918\n\n\n', 490, NULL, NULL, '19.038.021-1', 1, ''),
(294, 'EMPRESTADO', '01/06/2022', '01/06/2023', 344, 10, '', 500, NULL, NULL, '19.038.047-5', 1, ''),
(295, 'EMPRESTADO', '01/06/2022', '01/06/2023', 339, 10, '', 330, 64, NULL, '19.040.809-4', 1, ''),
(296, 'EMPRESTADO', '01/06/2022', '01/06/2023', 187, 10, '', 497, NULL, NULL, '19.040.862-0', 1, ''),
(297, 'EMPRESTADO', '02/06/2022', '02/06/2023', 54, 10, 'CHIP: 89550644139000020715\nLINHA: (41)99185-2507\n', 485, NULL, NULL, '19.044.207-1', 1, ''),
(298, 'EMPRESTADO', '02/06/2022', '02/06/2023', 345, 10, 'CHIP: 89550641239000128105\nLINHA: (41)99243-2349\n', 492, NULL, NULL, '19.044.263-2', 1, ''),
(299, 'EMPRESTADO', '02/06/2022', '02/06/2023', 346, 10, 'CHIP: 89550641239000085941\nLINHA: (41)99194-9349\n\n\n', 498, NULL, NULL, '19.044.565-8', 1, ''),
(300, 'EMPRESTADO', '02/06/2022', '02/06/2023', 347, 10, 'CHIP: 89550641239000085933\nLINHA: (41)99195-0470\n\n\n', 496, NULL, NULL, '19.044.678-6', 1, ''),
(301, 'EMPRESTADO', '02/06/2022', '02/06/2023', 348, 10, 'CHIP: 89550641239000146016\nLINHA: (41)99148-3781\n\n\n\n\n', 495, NULL, NULL, '19.044.801-0', 1, ''),
(302, 'EMPRESTADO', '02/06/2022', '02/06/2023', 349, 10, 'CHIP:89550644139000020210\nLINHA:(41)99186-5954\n\n \n ', 499, NULL, NULL, '19.044.859-2', 1, ''),
(303, 'DEVOLVIDO', '03/06/2022', '26/07/2022', 228, 10, '', NULL, 299, 'BOM ESTADO. \n\n\n', '19.052.719-0', 1, ''),
(304, 'EMPRESTADO', '06/06/2022', '06/06/2023', 350, 11, '', 493, NULL, NULL, '19.056.362-6', 1, ''),
(305, 'EMPRESTADO', '22/06/2022', '22/06/2023', 351, 10, '', NULL, 315, NULL, '19.116.639-6', 1, ''),
(306, 'EMPRESTADO', '15/07/2022', '15/07/2023', 352, 10, '', NULL, 316, NULL, '19.236.801-4', 1, ''),
(307, 'EMPRESTADO', '18/07/2022', '18/07/2023', 239, 10, 'Substituído pelo 200.200.200.802\nchamado: 1134026', 486, NULL, NULL, '19.242.313-9', 1, ''),
(308, 'EMPRESTADO', '21/07/2022', '21/07/2022', 338, 10, 'Chamado: 1134670', NULL, 317, NULL, '19.253.873-4', 1, ''),
(309, 'EMPRESTADO', '21/07/2022', '21/07/2023', 338, 10, 'Chamado: 1134670', NULL, 318, NULL, '19.253.932-3', 1, ''),
(310, 'EMPRESTADO', '21/07/2022', '21/07/2023', 338, 10, 'Chamado: 1134670', NULL, 319, NULL, '19.253.993-5', 1, ''),
(311, 'EMPRESTADO', '21/07/2022', '21/07/2023', 145, 10, 'Chamado: 1134646', NULL, 320, NULL, '19.255.520-5', 1, ''),
(312, 'EMPRESTADO', '31/08/2022', '31/08/2022', 353, 10, 'Solicito a disponibilização de chip/telefonia móvel para desenvolvimento atividades 1ª Ciretran, para a Servidora:\nAndia Nara Guiraud, CPF 85753416934.', NULL, 321, NULL, '19.425.866-6', 2, '1151100'),
(313, 'EMPRESTADO', '15/09/2022', '15/09/2023', 354, 10, ' Solicitamos a troca de um dos aparelhos smartphone da vistoria devido a queda e avarias.', 484, NULL, NULL, '19.481.298-1', 1, '1153077'),
(314, 'EMPRESTADO', '23/09/2022', '23/09/2023', 355, 10, 'Solicito alteração no nome do responsável que consta no Termo de Responsabilidade para Comodato de Aparelho Smartphone nº 199.\nMudar para o nome - Claudio de Carvalho\nRG: 4.629.163-8\nCPF: 705.755.689-68', 409, NULL, NULL, '18.798.751-2', 1, '1158613'),
(315, 'EMPRESTADO', '23/09/2022', '23/09/2022', 356, 10, 'Nosso celular da vistoria está muito ruim, tela quebrada, o carregador não conecta direito, por este motivo o celular não carrga 100 por cento, solicitamos a troca do mesmo.', 408, NULL, NULL, '18.798.687-7', 1, '1158408'),
(316, 'EMPRESTADO', '03/10/2022', '03/10/2023', 356, 10, 'Antigo chip vinculado á linha venceu, necessitando de um novo.', NULL, 322, NULL, '19.552.670-2', 1, '');

-- --------------------------------------------------------

--
-- Estrutura da tabela `emprestimo_acessorio`
--

CREATE TABLE `emprestimo_acessorio` (
  `idAcessorio` int(11) NOT NULL,
  `nomeAcessorio` varchar(50) DEFAULT NULL,
  `emprestimo_id` int(11) NOT NULL
) ENGINE=InnoDB DEFAULT CHARSET=utf8mb4;

--
-- Extraindo dados da tabela `emprestimo_acessorio`
--

INSERT INTO `emprestimo_acessorio` (`idAcessorio`, `nomeAcessorio`, `emprestimo_id`) VALUES
(443, 'Caixa', 79),
(444, 'Carregador', 79),
(445, 'Manual', 79),
(446, 'Capa TPU', 79),
(447, 'Caixa', 78),
(448, 'Carregador', 78),
(449, 'Manual', 78),
(450, 'Capa TPU', 78),
(451, 'Caixa', 77),
(452, 'Carregador', 77),
(453, 'Manual', 77),
(454, 'Capa TPU', 77),
(455, 'Caixa', 76),
(456, 'Carregador', 76),
(457, 'Manual', 76),
(458, 'Capa TPU', 76),
(459, 'Caixa', 75),
(460, 'Carregador', 75),
(461, 'Manual', 75),
(462, 'Capa TPU', 75),
(467, 'Caixa', 73),
(468, 'Carregador', 73),
(469, 'Manual', 73),
(470, 'Adaptador', 73),
(471, 'Caixa', 80),
(472, 'Carregador', 80),
(473, 'Manual', 80),
(474, 'Adaptador', 80),
(475, 'Capa TPU', 80),
(481, 'Caixa', 82),
(482, 'Carregador', 82),
(483, 'Manual', 82),
(484, 'Adaptador', 82),
(485, 'Capa TPU', 82),
(486, 'Caixa', 83),
(487, 'Carregador', 83),
(488, 'Manual', 83),
(489, 'Fone de Ouvido', 83),
(490, 'Capa TPU', 83),
(503, 'Caixa', 84),
(504, 'Carregador', 84),
(505, 'Manual', 84),
(506, 'Capa TPU', 84),
(507, 'Caixa', 86),
(508, 'Carregador', 86),
(509, 'Manual', 86),
(510, 'Capa TPU', 86),
(519, 'Caixa', 87),
(520, 'Carregador', 87),
(521, 'Manual', 87),
(522, 'Capa TPU', 87),
(523, 'Caixa', 88),
(524, 'Carregador', 88),
(525, 'Manual', 88),
(526, 'Capa TPU', 88),
(527, 'Caixa', 89),
(528, 'Carregador', 89),
(529, 'Manual', 89),
(530, 'Capa TPU', 89),
(531, 'Caixa', 90),
(532, 'Carregador', 90),
(533, 'Manual', 90),
(534, 'Capa TPU', 90),
(553, 'Caixa', 93),
(554, 'Carregador', 93),
(555, 'Manual', 93),
(556, 'Capa TPU', 93),
(557, 'Caixa', 94),
(558, 'Carregador', 94),
(559, 'Manual', 94),
(560, 'Capa TPU', 94),
(561, 'Caixa', 85),
(562, 'Carregador', 85),
(563, 'Manual', 85),
(564, 'Fone de Ouvido', 85),
(573, 'Caixa', 74),
(574, 'Carregador', 74),
(575, 'Manual', 74),
(576, 'Capa TPU', 74),
(577, 'Caixa', 62),
(578, 'Carregador', 62),
(579, 'Capa TPU', 62),
(580, 'Caixa', 104),
(581, 'Carregador', 104),
(582, 'Manual', 104),
(583, 'Capa TPU', 104),
(584, 'Caixa', 105),
(585, 'Carregador', 105),
(586, 'Manual', 105),
(587, 'Capa TPU', 105),
(588, 'Caixa', 69),
(589, 'Carregador', 69),
(590, 'Caixa', 68),
(591, 'Carregador', 68),
(592, 'Caixa', 67),
(593, 'Carregador', 67),
(594, 'Caixa', 63),
(595, 'Carregador', 63),
(596, 'Manual', 63),
(597, 'Caixa', 106),
(598, 'Carregador', 106),
(599, 'Manual', 106),
(600, 'Capa TPU', 106),
(601, 'Caixa', 107),
(602, 'Carregador', 107),
(603, 'Manual', 107),
(604, 'Capa TPU', 107),
(605, 'Caixa', 108),
(606, 'Carregador', 108),
(607, 'Manual', 108),
(608, 'Capa TPU', 108),
(609, 'Caixa', 109),
(610, 'Carregador', 109),
(611, 'Manual', 109),
(612, 'Capa TPU', 109),
(613, 'Caixa', 110),
(614, 'Carregador', 110),
(615, 'Manual', 110),
(616, 'Capa TPU', 110),
(617, 'Caixa', 111),
(618, 'Carregador', 111),
(619, 'Manual', 111),
(620, 'Adaptador', 111),
(621, 'Capa TPU', 111),
(622, 'Caixa', 112),
(623, 'Carregador', 112),
(624, 'Manual', 112),
(625, 'Capa TPU', 112),
(630, 'Caixa', 113),
(631, 'Carregador', 113),
(632, 'Manual', 113),
(633, 'Capa TPU', 113),
(634, 'Caixa', 81),
(635, 'Carregador', 81),
(636, 'Manual', 81),
(637, 'Adaptador', 81),
(638, 'Capa TPU', 81),
(643, 'Caixa', 117),
(644, 'Carregador', 117),
(645, 'Manual', 117),
(646, 'Capa TPU', 117),
(647, 'Caixa', 118),
(648, 'Carregador', 118),
(649, 'Manual', 118),
(650, 'Capa TPU', 118),
(651, 'Caixa', 119),
(652, 'Carregador', 119),
(653, 'Manual', 119),
(654, 'Capa TPU', 119),
(655, 'Caixa', 120),
(656, 'Carregador', 120),
(657, 'Manual', 120),
(658, 'Capa TPU', 120),
(659, 'Caixa', 114),
(660, 'Carregador', 114),
(661, 'Manual', 114),
(662, 'Capa TPU', 114),
(663, 'Caixa', 121),
(664, 'Carregador', 121),
(665, 'Manual', 121),
(666, 'Capa TPU', 121),
(667, 'Caixa', 122),
(668, 'Carregador', 122),
(669, 'Manual', 122),
(670, 'Capa TPU', 122),
(671, 'Caixa', 124),
(672, 'Carregador', 124),
(673, 'Manual', 124),
(674, 'Capa TPU', 124),
(675, 'Caixa', 125),
(676, 'Carregador', 125),
(677, 'Manual', 125),
(678, 'Capa TPU', 125),
(679, 'Caixa', 126),
(680, 'Carregador', 126),
(681, 'Manual', 126),
(682, 'Capa TPU', 126),
(683, 'Caixa', 127),
(684, 'Carregador', 127),
(685, 'Manual', 127),
(686, 'Capa TPU', 127),
(687, 'Caixa', 128),
(688, 'Carregador', 128),
(689, 'Manual', 128),
(690, 'Capa TPU', 128),
(691, 'Caixa', 129),
(692, 'Carregador', 129),
(693, 'Manual', 129),
(694, 'Caixa', 130),
(695, 'Carregador', 130),
(696, 'Manual', 130),
(697, 'Capa TPU', 130),
(698, 'Caixa', 131),
(699, 'Carregador', 131),
(700, 'Manual', 131),
(701, 'Capa TPU', 131),
(702, 'Caixa', 133),
(703, 'Carregador', 133),
(704, 'Manual', 133),
(705, 'Caixa', 134),
(706, 'Carregador', 134),
(707, 'Manual', 134),
(708, 'Caixa', 135),
(709, 'Carregador', 135),
(710, 'Manual', 135),
(711, 'Caixa', 136),
(712, 'Carregador', 136),
(713, 'Manual', 136),
(714, 'Caixa', 137),
(715, 'Carregador', 137),
(716, 'Manual', 137),
(717, 'Fone de Ouvido', 137),
(718, 'Capa TPU', 137),
(719, 'Caixa', 139),
(720, 'Carregador', 139),
(721, 'Manual', 139),
(722, 'Capa TPU', 139),
(723, 'Caixa', 140),
(724, 'Carregador', 140),
(725, 'Manual', 140),
(726, 'Capa TPU', 140),
(727, 'Caixa', 141),
(728, 'Carregador', 141),
(729, 'Manual', 141),
(730, 'Capa TPU', 141),
(731, 'Caixa', 142),
(732, 'Carregador', 142),
(733, 'Manual', 142),
(734, 'Capa TPU', 142),
(735, 'Caixa', 143),
(736, 'Carregador', 143),
(737, 'Manual', 143),
(738, 'Capa TPU', 143),
(749, 'Caixa', 148),
(750, 'Carregador', 148),
(751, 'Manual', 148),
(752, 'Adaptador', 148),
(753, 'Capa TPU', 148),
(764, 'Caixa', 151),
(765, 'Carregador', 151),
(766, 'Manual', 151),
(767, 'Adaptador', 151),
(768, 'Capa TPU', 151),
(769, 'Caixa', 152),
(770, 'Carregador', 152),
(771, 'Manual', 152),
(772, 'Adaptador', 152),
(773, 'Capa TPU', 152),
(774, 'Caixa', 147),
(775, 'Carregador', 147),
(776, 'Manual', 147),
(777, 'Adaptador', 147),
(778, 'Capa TPU', 147),
(794, 'Caixa', 153),
(795, 'Carregador', 153),
(796, 'Manual', 153),
(797, 'Adaptador', 153),
(798, 'Capa TPU', 153),
(799, 'Caixa', 150),
(800, 'Carregador', 150),
(801, 'Manual', 150),
(802, 'Adaptador', 150),
(803, 'Capa TPU', 150),
(804, 'Caixa', 149),
(805, 'Carregador', 149),
(806, 'Manual', 149),
(807, 'Adaptador', 149),
(808, 'Capa TPU', 149),
(817, 'Caixa', 91),
(818, 'Carregador', 91),
(819, 'Manual', 91),
(820, 'Capa TPU', 91),
(821, 'Caixa', 92),
(822, 'Carregador', 92),
(823, 'Adaptador', 92),
(824, 'Caixa', 154),
(825, 'Carregador', 154),
(826, 'Manual', 154),
(827, 'Adaptador', 154),
(828, 'Caixa', 155),
(829, 'Carregador', 155),
(830, 'Manual', 155),
(831, 'Adaptador', 155),
(835, 'Caixa', 156),
(836, 'Carregador', 156),
(837, 'Manual', 156),
(838, 'Caixa', 157),
(839, 'Carregador', 157),
(840, 'Manual', 157),
(841, 'Adaptador', 157),
(842, 'Fone de Ouvido', 157),
(843, 'Capa TPU', 157),
(844, 'Caixa', 158),
(845, 'Carregador', 158),
(846, 'Manual', 158),
(847, 'Adaptador', 158),
(848, 'Capa TPU', 158),
(857, 'Caixa', 159),
(858, 'Carregador', 159),
(859, 'Manual', 159),
(860, 'Adaptador', 159),
(861, 'Caixa', 160),
(862, 'Carregador', 160),
(863, 'Manual', 160),
(864, 'Adaptador', 160),
(865, 'Capa TPU', 160),
(866, 'Caixa', 161),
(867, 'Carregador', 161),
(868, 'Manual', 161),
(869, 'Adaptador', 161),
(880, 'Caixa', 163),
(881, 'Carregador', 163),
(882, 'Manual', 163),
(883, 'Adaptador', 163),
(884, 'Capa TPU', 163),
(885, 'Caixa', 162),
(886, 'Carregador', 162),
(887, 'Manual', 162),
(888, 'Adaptador', 162),
(889, 'Capa TPU', 162),
(890, 'Caixa', 164),
(891, 'Carregador', 164),
(892, 'Manual', 164),
(893, 'Adaptador', 164),
(894, 'Caixa', 165),
(895, 'Carregador', 165),
(896, 'Manual', 165),
(897, 'Adaptador', 165),
(898, 'Capa TPU', 165),
(903, 'Caixa', 166),
(904, 'Carregador', 166),
(905, 'Manual', 166),
(906, 'Adaptador', 166),
(907, 'Caixa', 144),
(908, 'Carregador', 144),
(909, 'Manual', 144),
(910, 'Adaptador', 144),
(911, 'Fone de Ouvido', 144),
(912, 'Caixa', 167),
(913, 'Carregador', 167),
(914, 'Manual', 167),
(915, 'Adaptador', 167),
(916, 'Fone de Ouvido', 167),
(929, 'Caixa', 171),
(930, 'Carregador', 171),
(931, 'Manual', 171),
(932, 'Adaptador', 171),
(933, 'Caixa', 172),
(934, 'Carregador', 172),
(935, 'Manual', 172),
(936, 'Adaptador', 172),
(937, 'Caixa', 173),
(938, 'Carregador', 173),
(939, 'Manual', 173),
(940, 'Adaptador', 173),
(945, 'Caixa', 174),
(946, 'Carregador', 174),
(947, 'Manual', 174),
(948, 'Adaptador', 174),
(949, 'Capa TPU', 174),
(954, 'Caixa', 176),
(955, 'Carregador', 176),
(956, 'Manual', 176),
(957, 'Adaptador', 176),
(973, 'Caixa', 179),
(974, 'Carregador', 179),
(975, 'Manual', 179),
(976, 'Adaptador', 179),
(977, 'Capa TPU', 179),
(978, 'Caixa', 180),
(979, 'Carregador', 180),
(980, 'Manual', 180),
(981, 'Adaptador', 180),
(982, 'Capa TPU', 180),
(983, 'Caixa', 181),
(984, 'Carregador', 181),
(985, 'Manual', 181),
(986, 'Adaptador', 181),
(987, 'Capa TPU', 181),
(988, 'Caixa', 182),
(989, 'Carregador', 182),
(990, 'Manual', 182),
(991, 'Fone de Ouvido', 182),
(992, 'Caixa', 183),
(993, 'Carregador', 183),
(994, 'Manual', 183),
(995, 'Adaptador', 183),
(996, 'Caixa', 184),
(997, 'Carregador', 184),
(998, 'Manual', 184),
(999, 'Adaptador', 184),
(1000, 'Caixa', 185),
(1001, 'Carregador', 185),
(1002, 'Manual', 185),
(1003, 'Adaptador', 185),
(1004, 'Caixa', 186),
(1005, 'Carregador', 186),
(1006, 'Manual', 186),
(1007, 'Adaptador', 186),
(1008, 'Caixa', 187),
(1009, 'Carregador', 187),
(1010, 'Manual', 187),
(1011, 'Adaptador', 187),
(1012, 'Caixa', 188),
(1013, 'Carregador', 188),
(1014, 'Manual', 188),
(1015, 'Adaptador', 188),
(1016, 'Caixa', 189),
(1017, 'Carregador', 189),
(1018, 'Manual', 189),
(1019, 'Adaptador', 189),
(1024, 'Caixa', 191),
(1025, 'Carregador', 191),
(1026, 'Manual', 191),
(1027, 'Adaptador', 191),
(1028, 'Caixa', 192),
(1029, 'Carregador', 192),
(1030, 'Manual', 192),
(1031, 'Adaptador', 192),
(1032, 'Caixa', 193),
(1033, 'Carregador', 193),
(1034, 'Manual', 193),
(1035, 'Adaptador', 193),
(1036, 'Caixa', 194),
(1037, 'Carregador', 194),
(1038, 'Manual', 194),
(1039, 'Adaptador', 194),
(1044, 'Caixa', 195),
(1045, 'Carregador', 195),
(1046, 'Manual', 195),
(1047, 'Adaptador', 195),
(1048, 'Caixa', 196),
(1049, 'Carregador', 196),
(1050, 'Manual', 196),
(1051, 'Adaptador', 196),
(1052, 'Caixa', 197),
(1053, 'Carregador', 197),
(1054, 'Manual', 197),
(1055, 'Adaptador', 197),
(1056, 'Caixa', 198),
(1057, 'Carregador', 198),
(1058, 'Manual', 198),
(1059, 'Adaptador', 198),
(1060, 'Capa TPU', 198),
(1061, 'Caixa', 199),
(1062, 'Carregador', 199),
(1063, 'Manual', 199),
(1064, 'Adaptador', 199),
(1069, 'Caixa', 201),
(1070, 'Carregador', 201),
(1071, 'Manual', 201),
(1072, 'Adaptador', 201),
(1077, 'Caixa', 203),
(1078, 'Carregador', 203),
(1079, 'Manual', 203),
(1080, 'Capa TPU', 203),
(1081, 'Caixa', 202),
(1082, 'Carregador', 202),
(1083, 'Manual', 202),
(1084, 'Adaptador', 202),
(1085, 'Caixa', 204),
(1086, 'Carregador', 204),
(1087, 'Manual', 204),
(1088, 'Fone de Ouvido', 204),
(1089, 'Caixa', 205),
(1090, 'Carregador', 205),
(1091, 'Manual', 205),
(1092, 'Adaptador', 205),
(1093, 'Capa TPU', 205),
(1094, 'Caixa', 206),
(1095, 'Carregador', 206),
(1096, 'Manual', 206),
(1097, 'Adaptador', 206),
(1101, 'Caixa', 207),
(1102, 'Carregador', 207),
(1103, 'Manual', 207),
(1112, 'Caixa', 210),
(1113, 'Carregador', 210),
(1114, 'Manual', 210),
(1115, 'Adaptador', 210),
(1120, 'Caixa', 178),
(1121, 'Carregador', 178),
(1122, 'Manual', 178),
(1123, 'Adaptador', 178),
(1124, 'Capa TPU', 178),
(1125, 'Caixa', 177),
(1126, 'Carregador', 177),
(1127, 'Manual', 177),
(1128, 'Adaptador', 177),
(1129, 'Capa TPU', 177),
(1130, 'Caixa', 168),
(1131, 'Carregador', 168),
(1132, 'Manual', 168),
(1133, 'Adaptador', 168),
(1134, 'Caixa', 170),
(1135, 'Carregador', 170),
(1136, 'Manual', 170),
(1137, 'Adaptador', 170),
(1138, 'Caixa', 169),
(1139, 'Carregador', 169),
(1140, 'Manual', 169),
(1141, 'Adaptador', 169),
(1142, 'Caixa', 211),
(1143, 'Carregador', 211),
(1144, 'Manual', 211),
(1145, 'Adaptador', 211),
(1146, 'Caixa', 212),
(1147, 'Carregador', 212),
(1148, 'Manual', 212),
(1149, 'Adaptador', 212),
(1150, 'Caixa', 213),
(1151, 'Carregador', 213),
(1152, 'Manual', 213),
(1153, 'Adaptador', 213),
(1154, 'Caixa', 214),
(1155, 'Carregador', 214),
(1156, 'Manual', 214),
(1157, 'Adaptador', 214),
(1158, 'Caixa', 215),
(1159, 'Carregador', 215),
(1160, 'Manual', 215),
(1161, 'Adaptador', 215),
(1162, 'Caixa', 216),
(1163, 'Carregador', 216),
(1164, 'Manual', 216),
(1165, 'Adaptador', 216),
(1166, 'Caixa', 217),
(1167, 'Carregador', 217),
(1168, 'Manual', 217),
(1169, 'Adaptador', 217),
(1170, 'Caixa', 218),
(1171, 'Carregador', 218),
(1172, 'Manual', 218),
(1173, 'Adaptador', 218),
(1174, 'Caixa', 220),
(1175, 'Carregador', 220),
(1176, 'Manual', 220),
(1177, 'Adaptador', 220),
(1178, 'Capa TPU', 220),
(1183, 'Caixa', 222),
(1184, 'Carregador', 222),
(1185, 'Manual', 222),
(1186, 'Adaptador', 222),
(1195, 'Caixa', 224),
(1196, 'Carregador', 224),
(1197, 'Manual', 224),
(1198, 'Capa TPU', 224),
(1199, 'Caixa', 225),
(1200, 'Carregador', 225),
(1201, 'Manual', 225),
(1206, 'Caixa', 227),
(1207, 'Carregador', 227),
(1208, 'Manual', 227),
(1209, 'Adaptador', 227),
(1210, 'Caixa', 228),
(1211, 'Carregador', 228),
(1212, 'Manual', 228),
(1213, 'Adaptador', 228),
(1218, 'Caixa', 229),
(1219, 'Carregador', 229),
(1220, 'Manual', 229),
(1221, 'Adaptador', 229),
(1222, 'Caixa', 230),
(1223, 'Carregador', 230),
(1224, 'Manual', 230),
(1225, 'Adaptador', 230),
(1226, 'Caixa', 231),
(1227, 'Carregador', 231),
(1228, 'Manual', 231),
(1229, 'Adaptador', 231),
(1230, 'Caixa', 232),
(1231, 'Carregador', 232),
(1232, 'Manual', 232),
(1233, 'Adaptador', 232),
(1234, 'Caixa', 226),
(1235, 'Carregador', 226),
(1236, 'Manual', 226),
(1237, 'Adaptador', 226),
(1238, 'Caixa', 233),
(1239, 'Carregador', 233),
(1240, 'Manual', 233),
(1241, 'Adaptador', 233),
(1242, 'Caixa', 234),
(1243, 'Carregador', 234),
(1244, 'Manual', 234),
(1245, 'Adaptador', 234),
(1246, 'Fone de Ouvido', 234),
(1247, 'Caixa', 235),
(1248, 'Carregador', 235),
(1249, 'Manual', 235),
(1250, 'Adaptador', 235),
(1251, 'Caixa', 236),
(1252, 'Carregador', 236),
(1253, 'Manual', 236),
(1254, 'Adaptador', 236),
(1255, 'Caixa', 237),
(1256, 'Carregador', 237),
(1257, 'Manual', 237),
(1258, 'Adaptador', 237),
(1259, 'Caixa', 238),
(1260, 'Carregador', 238),
(1261, 'Manual', 238),
(1262, 'Adaptador', 238),
(1263, 'Caixa', 239),
(1264, 'Carregador', 239),
(1265, 'Manual', 239),
(1266, 'Adaptador', 239),
(1267, 'Caixa', 240),
(1268, 'Carregador', 240),
(1269, 'Manual', 240),
(1270, 'Adaptador', 240),
(1271, 'Caixa', 241),
(1272, 'Carregador', 241),
(1273, 'Manual', 241),
(1274, 'Adaptador', 241),
(1275, 'Caixa', 242),
(1276, 'Carregador', 242),
(1277, 'Manual', 242),
(1278, 'Adaptador', 242),
(1279, 'Caixa', 244),
(1280, 'Carregador', 244),
(1281, 'Manual', 244),
(1282, 'Adaptador', 244),
(1283, 'Caixa', 245),
(1284, 'Carregador', 245),
(1285, 'Manual', 245),
(1286, 'Adaptador', 245),
(1287, 'Caixa', 246),
(1288, 'Carregador', 246),
(1289, 'Manual', 246),
(1290, 'Adaptador', 246),
(1291, 'Caixa', 247),
(1292, 'Carregador', 247),
(1293, 'Manual', 247),
(1294, 'Adaptador', 247),
(1295, 'Caixa', 248),
(1296, 'Carregador', 248),
(1297, 'Manual', 248),
(1298, 'Adaptador', 248),
(1299, 'Caixa', 249),
(1300, 'Carregador', 249),
(1301, 'Manual', 249),
(1302, 'Adaptador', 249),
(1303, 'Caixa', 250),
(1304, 'Carregador', 250),
(1305, 'Manual', 250),
(1306, 'Adaptador', 250),
(1307, 'Caixa', 251),
(1308, 'Carregador', 251),
(1309, 'Manual', 251),
(1310, 'Adaptador', 251),
(1311, 'Caixa', 252),
(1312, 'Carregador', 252),
(1313, 'Manual', 252),
(1314, 'Adaptador', 252),
(1315, 'Caixa', 253),
(1316, 'Carregador', 253),
(1317, 'Manual', 253),
(1318, 'Adaptador', 253),
(1319, 'Caixa', 254),
(1320, 'Carregador', 254),
(1321, 'Manual', 254),
(1322, 'Adaptador', 254),
(1323, 'Caixa', 255),
(1324, 'Carregador', 255),
(1325, 'Manual', 255),
(1326, 'Adaptador', 255),
(1327, 'Caixa', 256),
(1328, 'Carregador', 256),
(1329, 'Manual', 256),
(1330, 'Adaptador', 256),
(1331, 'Caixa', 257),
(1332, 'Carregador', 257),
(1333, 'Manual', 257),
(1334, 'Adaptador', 257),
(1335, 'Caixa', 258),
(1336, 'Carregador', 258),
(1337, 'Manual', 258),
(1338, 'Adaptador', 258),
(1339, 'Caixa', 259),
(1340, 'Carregador', 259),
(1341, 'Manual', 259),
(1342, 'Adaptador', 259),
(1343, 'Caixa', 260),
(1344, 'Carregador', 260),
(1345, 'Manual', 260),
(1346, 'Adaptador', 260),
(1347, 'Caixa', 261),
(1348, 'Carregador', 261),
(1349, 'Manual', 261),
(1350, 'Caixa', 262),
(1351, 'Carregador', 262),
(1352, 'Manual', 262),
(1353, 'Adaptador', 262),
(1354, 'Caixa', 264),
(1355, 'Carregador', 264),
(1356, 'Manual', 264),
(1357, 'Adaptador', 264),
(1358, 'Caixa', 265),
(1359, 'Carregador', 265),
(1360, 'Manual', 265),
(1361, 'Adaptador', 265),
(1366, 'Caixa', 267),
(1367, 'Carregador', 267),
(1368, 'Manual', 267),
(1369, 'Adaptador', 267),
(1370, 'Caixa', 268),
(1371, 'Carregador', 268),
(1372, 'Manual', 268),
(1373, 'Adaptador', 268),
(1374, 'Caixa', 269),
(1375, 'Carregador', 269),
(1376, 'Manual', 269),
(1377, 'Adaptador', 269),
(1378, 'Fone de Ouvido', 269),
(1379, 'Caixa', 270),
(1380, 'Carregador', 270),
(1381, 'Manual', 270),
(1382, 'Adaptador', 270),
(1383, 'Caixa', 271),
(1384, 'Carregador', 271),
(1385, 'Manual', 271),
(1386, 'Adaptador', 271),
(1387, 'Caixa', 272),
(1388, 'Carregador', 272),
(1389, 'Manual', 272),
(1390, 'Adaptador', 272),
(1391, 'Caixa', 273),
(1392, 'Carregador', 273),
(1393, 'Manual', 273),
(1394, 'Adaptador', 273),
(1395, 'Caixa', 274),
(1396, 'Carregador', 274),
(1397, 'Manual', 274),
(1398, 'Adaptador', 274),
(1399, 'Caixa', 275),
(1400, 'Carregador', 275),
(1401, 'Manual', 275),
(1402, 'Adaptador', 275),
(1403, 'Fone de Ouvido', 275),
(1404, 'Caixa', 276),
(1405, 'Carregador', 276),
(1406, 'Manual', 276),
(1407, 'Adaptador', 276),
(1408, 'Caixa', 277),
(1409, 'Carregador', 277),
(1410, 'Manual', 277),
(1411, 'Adaptador', 277),
(1412, 'Caixa', 278),
(1413, 'Carregador', 278),
(1414, 'Manual', 278),
(1415, 'Adaptador', 278),
(1416, 'Caixa', 279),
(1417, 'Carregador', 279),
(1418, 'Manual', 279),
(1419, 'Adaptador', 279),
(1420, 'Caixa', 280),
(1421, 'Carregador', 280),
(1422, 'Manual', 280),
(1423, 'Adaptador', 280),
(1424, 'Caixa', 281),
(1425, 'Carregador', 281),
(1426, 'Manual', 281),
(1427, 'Adaptador', 281),
(1428, 'Caixa', 283),
(1429, 'Carregador', 283),
(1430, 'Manual', 283),
(1431, 'Adaptador', 283),
(1432, 'Caixa', 284),
(1433, 'Carregador', 284),
(1434, 'Manual', 284),
(1435, 'Adaptador', 284),
(1436, 'Caixa', 285),
(1437, 'Carregador', 285),
(1438, 'Manual', 285),
(1439, 'Adaptador', 285),
(1440, 'Caixa', 286),
(1441, 'Carregador', 286),
(1442, 'Manual', 286),
(1443, 'Adaptador', 286),
(1444, 'Caixa', 288),
(1445, 'Carregador', 288),
(1446, 'Manual', 288),
(1447, 'Caixa', 289),
(1448, 'Carregador', 289),
(1449, 'Manual', 289),
(1450, 'Caixa', 290),
(1451, 'Carregador', 290),
(1452, 'Manual', 290),
(1453, 'Adaptador', 290),
(1454, 'Caixa', 291),
(1455, 'Carregador', 291),
(1456, 'Manual', 291),
(1457, 'Adaptador', 291),
(1458, 'Caixa', 292),
(1459, 'Carregador', 292),
(1460, 'Manual', 292),
(1461, 'Adaptador', 292),
(1462, 'Caixa', 293),
(1463, 'Carregador', 293),
(1464, 'Manual', 293),
(1465, 'Adaptador', 293),
(1466, 'Caixa', 294),
(1467, 'Carregador', 294),
(1468, 'Manual', 294),
(1469, 'Adaptador', 294),
(1473, 'Caixa', 295),
(1474, 'Carregador', 295),
(1475, 'Manual', 295),
(1476, 'Caixa', 296),
(1477, 'Carregador', 296),
(1478, 'Manual', 296),
(1479, 'Adaptador', 296),
(1480, 'Caixa', 297),
(1481, 'Carregador', 297),
(1482, 'Manual', 297),
(1483, 'Adaptador', 297),
(1484, 'Caixa', 298),
(1485, 'Carregador', 298),
(1486, 'Manual', 298),
(1487, 'Adaptador', 298),
(1488, 'Caixa', 299),
(1489, 'Carregador', 299),
(1490, 'Manual', 299),
(1491, 'Adaptador', 299),
(1492, 'Caixa', 300),
(1493, 'Carregador', 300),
(1494, 'Manual', 300),
(1495, 'Adaptador', 300),
(1496, 'Caixa', 301),
(1497, 'Carregador', 301),
(1498, 'Manual', 301),
(1499, 'Adaptador', 301),
(1500, 'Caixa', 302),
(1501, 'Carregador', 302),
(1502, 'Manual', 302),
(1503, 'Adaptador', 302),
(1504, 'Caixa', 304),
(1505, 'Carregador', 304),
(1506, 'Manual', 304),
(1507, 'Adaptador', 304),
(1508, 'Capa TPU', 304),
(1509, 'Caixa', 209),
(1510, 'Carregador', 209),
(1511, 'Manual', 209),
(1512, 'Capa TPU', 209),
(1513, 'Caixa', 190),
(1514, 'Carregador', 190),
(1515, 'Manual', 190),
(1516, 'Adaptador', 190),
(1517, 'Caixa', 208),
(1518, 'Carregador', 208),
(1519, 'Manual', 208),
(1520, 'Adaptador', 208),
(1521, 'Caixa', 266),
(1522, 'Carregador', 266),
(1523, 'Manual', 266),
(1524, 'Adaptador', 266),
(1525, 'Caixa', 175),
(1526, 'Carregador', 175),
(1527, 'Manual', 175),
(1528, 'Adaptador', 175),
(1529, 'Caixa', 221),
(1530, 'Carregador', 221),
(1531, 'Manual', 221),
(1532, 'Adaptador', 221),
(1533, 'Caixa', 200),
(1534, 'Carregador', 200),
(1535, 'Manual', 200),
(1536, 'Adaptador', 200),
(1541, 'Caixa', 307),
(1542, 'Carregador', 307),
(1543, 'Manual', 307),
(1544, 'Adaptador', 307),
(1545, 'Caixa', 313),
(1546, 'Carregador', 313),
(1547, 'Manual', 313),
(1548, 'Adaptador', 313),
(1549, 'Caixa', 314),
(1550, 'Carregador', 314),
(1551, 'Manual', 314),
(1552, 'Adaptador', 314),
(1553, 'Caixa', 315),
(1554, 'Carregador', 315),
(1555, 'Manual', 315),
(1556, 'Adaptador', 315);

-- --------------------------------------------------------

--
-- Estrutura da tabela `funcionario`
--

CREATE TABLE `funcionario` (
  `idFuncionario` int(11) NOT NULL,
  `nome` varchar(150) DEFAULT NULL,
  `cpf` varchar(30) DEFAULT NULL,
  `rg` varchar(17) DEFAULT NULL,
  `status` varchar(20) DEFAULT NULL,
  `localidade_id` int(11) NOT NULL,
  `cargo_id` int(11) NOT NULL
) ENGINE=InnoDB DEFAULT CHARSET=utf8mb4;

--
-- Extraindo dados da tabela `funcionario`
--

INSERT INTO `funcionario` (`idFuncionario`, `nome`, `cpf`, `rg`, `status`, `localidade_id`, `cargo_id`) VALUES
(6, 'PAULO SERGIO BUZANELLO', '624.662.599-15', '5.807.859-0', 'Ativo', 668, 2),
(7, 'SANTA MARGARIDA LOPES ROSSANO', '689.488.599-00', '7.657.663-7 ', 'Ativo', 672, 2),
(8, 'ADENILSON CATUZO DA SILVA ', '705.964.769-49', '', 'Ativo', 634, 2),
(9, 'ADELIO DE CARLI', '287.916.909-78', '1.483.462-1', 'Ativo', 669, 2),
(11, 'ADRIANE DE CASTRO ROSA', '018.237.219-74', '6.594.971-7', 'Ativo', 720, 2),
(12, 'ADRIANO DA SILVA DOS SANTOS', '993.518.620-20', '14.670.860-9', 'Ativo', 710, 2),
(13, 'AGACIR PACHECO PINTO', '014.547.069-53', '654.715-0', 'Ativo', 697, 2),
(14, 'AIRSO PEDROSO DE OLIVEIRA', '435.561.409-34', '3.237.095-0', 'Ativo', 687, 2),
(15, 'ALCEU LOURENÇO DE PAULA', '682.102.649-15', '3.581.378-0', 'Ativo', 613, 2),
(16, 'ALCIDES PASCHOAL', '390.667.549-15', '1.081.645-9', 'Ativo', 654, 2),
(17, 'AMANDA ZANDARIN FERNANDES', '055.716.239-42', '9.853.910-7', 'Ativo', 636, 2),
(18, 'AMERSON GERDULLI', '004.778.538-11', '13.249.331-6', 'Ativo', 705, 2),
(19, 'ANA CLAUDIA DA SILVA', '961.396.099-68', '12.809.809-7', 'Ativo', 633, 2),
(20, 'ANACLETO BASSO', '545.956.149-34', '3.556.490-0', 'Ativo', 630, 2),
(21, 'ANDERSON MARTINS VIEIRA', '053.908.239-23', '8.548.600-4', 'Ativo', 756, 8),
(22, 'ANTENOR RIBEIRO DA SILVA JUNIOR', '073.554.409-34', '1.123.877-7', 'Ativo', 667, 2),
(23, 'ANTONIO HELLY SANTIAGO JUNIOR', '084.329.289-09', '10.712.479-9', 'Ativo', 612, 2),
(24, 'ANTONIO PAIM DE ABREU JUNIOR', '001.402.039-40', '5.138.409-1', 'Inativo', 735, 2),
(25, 'ANTONIO SERGIO FERREIRA', '622.352.069-72', '4.496.751-0', 'Ativo', 688, 2),
(26, 'BIANCA CARVALHO DORNELLES DA GRAÇA', '016.410.249-33', '12.586.355-8', 'Ativo', 732, 3),
(27, 'BRUNO MUSSALAM SANTANA', '009.358.949-26', '6.658.267-1', 'Ativo', 648, 18),
(28, 'CAIO CESAR DE OLIVEIRA', '070.731.389-98', '8.589.252-5', 'Ativo', 648, 2),
(29, 'CAMILA REGINA FURLAN', '064.193.159-05', '8412000-6', 'Ativo', 793, 1),
(30, 'CARLA DE CÁSSIA FERREIRA DOS SANTOS', '547.207.619-68', '2122681', 'Ativo', 685, 2),
(31, 'CARLOS ALBERTO FONSECA GUBERT', '048.507.528-88', '3.259.665-7', 'Ativo', 723, 6),
(32, 'CARLOS GELSON SUOTA', '274.485.419-00', '1.551.764-6', 'Ativo', 713, 18),
(33, 'CATIA ROSANI DE MELO TONELLO', '939.093.909-78', '5.127.817-8', 'Ativo', 693, 2),
(34, 'CESAR VINICIUS KOGUT', '561.788.679-72', '3.500.033-0', 'Inativo', 755, 7),
(35, 'CICERO ROMÃO DE MORAIS JUNIOR', '064.762.589-07', '10.012.881-0', 'Ativo', 719, 2),
(36, 'CIRO INACIO KREUTZ', '092.610.289-34', '867.941-0', 'Ativo', 650, 2),
(37, 'CLAUDIA TEIXEIRA CANALI', '035.726.749-48', '8.518.880-1', 'Ativo', 628, 2),
(38, 'CLAUDIO DUCCI', '356.861.899-00', '1694516-1', 'Ativo', 766, 3),
(39, 'CLODOALDO DONIZETE LUCIANO', '038.300.359-85', '6.879.407-2', 'Ativo', 706, 18),
(40, 'DEJALMA SOARES MARQUES', '253.342.049-20', '1.382.978-0', 'Ativo', 635, 2),
(41, 'DENEIA APARECIDA MAGGI', '653.590.709-00', '3.969.740-8', 'Ativo', 673, 2),
(42, 'DIOGO CESAR VIEIRA FERREIRA', '085.605.059-89', '15.024.940-6', 'Ativo', 665, 2),
(43, 'DIOGO VICENTE GALLEGO', '033.505.859-06', '7.705.648-3', 'Ativo', 684, 2),
(44, 'DOUGLAS MATSUMARA ', '009.438.409-61', '814830-6', 'Ativo', 703, 18),
(45, 'EDIO DA SILVA TOPANOTTI', '225.230.229-15', '1.189.657-0', 'Ativo', 707, 2),
(46, 'EDSON MAIA', '843.244.579-72', '5.682.507-0', 'Ativo', 735, 18),
(47, 'EDUARDO ANTONIEVICZ', '056.988.589-26', '9.404.509-6', 'Ativo', 726, 3),
(48, 'EDUARDO CASSEMIRO DA SILVA', '009.703.339-19', '8695333-1', 'Ativo', 732, 3),
(49, 'EDUARDO FERRI DE ALCANTARA', '028.806.179-95', '5.278.381-0', 'Ativo', 619, 2),
(50, 'EDUARDO HENRIQUE SCHAIA ROCHA', '048.573.359-56', '7.372.661-1', 'Ativo', 661, 18),
(51, 'EDUARDO JOSE CORDEIRO', '023.627.689-10', '5.956.479-0', 'Ativo', 680, 18),
(52, 'ELIO SZCZERBOVSKI', '027.662.839-00', '6356572', 'Ativo', 680, 18),
(53, 'EUNOQUE SALUSTIANO DE MELLO', '448.212.209-20', '2.045.986-7', 'Ativo', 735, 18),
(54, 'EVANDRO PISTORE', '038.416.719-05', '8.269.034-4', 'Ativo', 697, 14),
(55, 'EVERON CESAR PUCHETTI FERREIRA', '658.846.129-15', '4.120.478-8', 'Ativo', 755, 1),
(56, 'EVERTON FRANCISCO DA SILVA MELHADO', '034.262.359-19', '5.135.316-1', 'Ativo', 677, 2),
(57, 'EVERTON RODRIGO DA SILVA', '044.291.619-17', '7.953.615-6', 'Ativo', 704, 13),
(58, 'FABIANA ELAINE DE ALMEIDA', '016.920.429-47', '6.134.845-0', 'Ativo', 729, 3),
(59, 'FABIANO DORNELES LOVATO', '995.536.359-20', '5.017.356-9', 'Ativo', 714, 2),
(60, 'FABIANO HENRIQUE BARATI', '922.099.801-78', '14.662.259-3', 'Ativo', 647, 2),
(61, 'FABIO SOARES DE OLIVEIRA', '022.769.829-00', '6.350.457-2', 'Ativo', 704, 1),
(62, 'FERNANDO GARCIA ALGARTE', '240.120.419-91', '1.281.965-0', 'Ativo', 623, 2),
(63, 'FERNANDO KLEMPS', '768.262.449-34', '5169048-6', 'Ativo', 740, 3),
(64, 'FERNANDO LOPES RIBEIRO', '032.352.319-60', '7.713.143-4', 'Ativo', 698, 2),
(65, 'FERNANDO LUIS CASTRO RIBAS', '025.981.379-65', '6.358.187-9', 'Ativo', 702, 2),
(66, 'FREDERICO FABIANO FERREIRA', '966.818.459-91', '5.853.058-1', 'Ativo', 683, 2),
(67, 'GEANCARLO DENARDIN', '043.331.049-98', '8.098.796-0', 'Ativo', 670, 2),
(68, 'GELSON SALVI GONÇALVES', '046.468.999-65', '8.575.01-3', 'Ativo', 735, 3),
(69, 'GENNER LOPES GUIMARÃES', '034.572.006-70', '12.591.723-2', 'Ativo', 735, 18),
(70, 'GIANCARLO SANDRO ALVES BEZERRA', '022.793.899-24', '6.010.045-4', 'Ativo', 713, 2),
(71, 'GILSON RIBEIRO', '548.661.389-04', '3.668.848-3', 'Ativo', 630, 2),
(72, 'GUSTAVO ANDRE FATORI', '123.456.789-01', '6.611.197-0', 'Ativo', 757, 3),
(73, 'GUSTAVO ANTONIO MORAES DE JESUS', '036.592.719-85', '8.158.559-8', 'Ativo', 681, 2),
(75, 'HEBER ADRIEL DINIZ', '869.507.979-15', '6.568.895-6', 'Ativo', 632, 2),
(76, 'HELIO ISSAMU KOBAYASHI', '019.949.009-03', '6.452.501-8', 'Ativo', 626, 2),
(77, 'IDRENO GREGORIO', '137.168.918-00', '1.893.460-4', 'Ativo', 653, 2),
(78, 'INÊS APARECIDA NEGRINE GUEDES', '624.662.599-15', '4.220.676-8', 'Ativo', 649, 2),
(79, 'INES SANZOVO MARINI ', '374.342.419-34', '2.133.385-9', 'Ativo', 691, 2),
(80, 'ISABELLA BUENO DE MAGALHÃES', '050.808.599-38', '7.896.146-5', 'Ativo', 663, 2),
(81, 'ISAIAS PACHECO', '725.135.789-53', '4.559.008-9', 'Ativo', 767, 18),
(82, 'ISRAEL JUNIOR DA SILVA', '004.667.799-25', '7.906.815-2', 'Ativo', 652, 2),
(83, 'ITAMAR GUIMARÃES ULBRICH', '348.291.729-91', '2.171.198-5', 'Ativo', 686, 2),
(84, 'IVAN ROGERIO SANTINON CARVALHO', '051.987.659-88', '9.367.956-3', 'Ativo', 622, 2),
(85, 'JAIRO ANTONIO BROCH', '649.131.809-59', '4.089.959-6', 'Ativo', 638, 2),
(86, 'JAQUELINE APARECIDA DE ALMEIDA', '585.480.259-72', '3487507 / SESP DF', 'Ativo', 755, 7),
(87, 'JHONEY FABRICIO MARTINS RODRIGUES', '102.063.409-07', '12.379.033-2', 'Ativo', 687, 2),
(88, 'JOÃO BATISTA BACIL PINHEIRO', '748.181.129-68', '4.545.032-5', 'Ativo', 686, 18),
(89, 'JOÃO DE PAULA CARNEIRO FILHO', '562.015.329-00', '3.634.956-5', 'Ativo', 755, 1),
(90, 'JOÃO LUCAS BUENO DALE VEDOVE', '005.716.539-44', '7.038.473-6', 'Ativo', 631, 2),
(91, 'JOCELMO XAVIER ', '463.056.709-78', '660.189-8', 'Ativo', 727, 3),
(92, 'JOSÉ ANSELMO SCATOLIN ', '515.317.989-34', '1.329.554-9', 'Ativo', 701, 2),
(93, 'JOSE APARECIDO GOTARDO ', '642.111.009-63', '4207143', 'Ativo', 731, 6),
(94, 'JOSE AUGUSTO JUSKI', '403.239.609-44', '1444328-2', 'Ativo', 722, 6),
(95, 'JOSE LUIZ GIL', '469.708.439-04', '13.390.948-6', 'Ativo', 717, 2),
(96, 'JOSÉ NEI AMORIM PINTO', '903.410.079-00', '5.463.264-9', 'Ativo', 690, 2),
(97, 'JOSÉ ORIMAR ZACARIN', '581.540.869-72', '3.244.587-0', 'Ativo', 621, 2),
(98, 'JOSIANE CARLA ROSA', '034.280.749-80', '7.368.153-7', 'Ativo', 613, 2),
(99, 'JUAREZ LOPES', '528.597.039-34', '3.940.051-0', 'Ativo', 704, 2),
(100, 'JUÇARA KUSTER RIBEIRO', '046.629.729-73', '85051660', 'Ativo', 760, 6),
(101, 'JULIO CESAR GONÇALVES', '073.418.649-58', '10.400.201-3', 'Ativo', 644, 2),
(102, 'JULIO CESAR SILVA LINO', '931.836.159-91', '5.795.251-2', 'Ativo', 658, 2),
(103, 'JULIO VERGNE NETO', '907.096.089-34', '5.327.743-8', 'Ativo', 765, 18),
(104, 'JUSSARA INES LIS', '744.514.139-15', '5.334.722-3', 'Ativo', 692, 2),
(105, 'LAERCIO SCARPETA', '511.429.379-68', '3.599.912-4', 'Ativo', 625, 2),
(106, 'LARISSA LISSANDRA FEITOSA', '040.539.929-40', '7.783.263-7', 'Ativo', 662, 2),
(107, 'LAURO LOURENÇO GIACOMINI', '034.868.049-01', '7.584.028-4', 'Ativo', 642, 18),
(108, 'LEILA APARECIDA KAIBER FAVERO', '895.006.109-06', '5.929.177-7', 'Ativo', 708, 2),
(109, 'LEVI JOSÉ BAHLS', '322.555.352-20', '7.254.465-0', 'Ativo', 700, 2),
(110, 'LIDIA STEIGENBERG BOMFIM', '574.176.879-20', '3.305.303-7', 'Ativo', 696, 2),
(111, 'LUCIANA CANDIDA BARRA WOICIK', '849.781.209-34', '4355599-5', 'Ativo', 755, 12),
(112, 'LUCIANE MUNHOS D ALECIO', '744.663.489-87', '3.924.228-1', 'Ativo', 645, 2),
(113, 'LUCIANO HUMBERTO PRESTES', '031.473.009-51', '6137746-8', 'Ativo', 752, 3),
(114, 'LUIZ ANTONIO DE AZEVEDO', '804.081.099-04', '5.004.281-2', 'Ativo', 706, 2),
(115, 'LUIZ ANTONIO DONATI', '582.354.009-44', '3.072.331-7', 'Ativo', 667, 2),
(116, 'LUIZ CARLOS DE SOUZA', '731.254.749-49', '4.921.724-2', 'Ativo', 618, 2),
(117, 'LUIZ FERNANDO PAVOSKI', '501.547.969-72', '3.632.506-2', 'Ativo', 755, 7),
(118, 'LUIZ VANDERLEY DALLASUANNA', '718.507.759-15', '4.655.036-6', 'Ativo', 715, 2),
(119, 'MAGNUS TADEU LEON BORDES', '541.238.019-00', '3.282.896-5', 'Ativo', 659, 2),
(120, 'MANOELA CECCON', '065.623.049-07', '10.165.397-8', 'Ativo', 732, 1),
(121, 'MARCEL CABRAL COSTA', '003.444.119-07', '5.413.347-2', 'Ativo', 726, 3),
(122, 'MARCELO ANNEMANN', '768.318.179-04', '5619307-3', 'Ativo', 734, 16),
(123, 'MARCELO MAYR ROMERO', '571.848.799-53', '3.988.044-0', 'Ativo', 656, 2),
(124, 'MARCELO PASSARIN', '005.659.059-88', '5.590.522-3', 'Ativo', 664, 2),
(125, 'MARCIO ANDREATTI', '050.526.859-04', '6287831-2', 'Ativo', 730, 3),
(126, 'MARCIO ROBERTO RIBAS ', '029.733.009-83', '6.917.874-0', 'Ativo', 760, 1),
(127, 'MARCOS ANTONIO GOMES DO COUTO', '036.280.549-07', '7.680.347-1', 'Ativo', 695, 2),
(128, 'MARCOS ROBERTO MODOS', '740.491.279-20', '5.298.656-7', 'Ativo', 652, 14),
(129, 'MARI BERNADETE BESING', '608.652.029-15', '3.925.450-6', 'Ativo', 615, 2),
(130, 'MARIA BALBINA COSTA DE SOUZA', '754.245.339-49', '5105574-8', 'Ativo', 755, 12),
(131, 'MARIA JOSÉ DA SILVA CAMPOS VAZ', '529.620.919-20', '4.175.402-8', 'Ativo', 666, 2),
(132, 'MARILENE MENEGUZZO', '680.827.119-49', '4.357.261-0', 'Ativo', 614, 2),
(133, 'MARIO CESAR MILLEO', '349.657.349-04', '1.633.042-6', 'Ativo', 694, 2),
(134, 'MARLI MARLENE DE SOUZA BATAGINI', '462.245.729-68', '312461-6', 'Ativo', 725, 6),
(135, 'MARLON HELMICH', '036.807.609-14', '7.783.616-0', 'Ativo', 638, 14),
(136, 'MARTA MATKIEVICZ', '036.545.949-64', '7.985.734-3', 'Ativo', 630, 2),
(137, 'MARY HELLEN TELES CHAVES', '003.922.129-60', '6.974.964-0', 'Ativo', 760, 3),
(138, 'MAURO APARECIDO FIGUEIREDO', '585.678.609-20', '3.698.836-3', 'Ativo', 646, 2),
(139, 'MAURO FERREIRA DO VALLE', '610.724.519-72', '3820240-5', 'Ativo', 760, 3),
(140, 'MOISÉS DO LAGO SANTOS', '858.576.969-68', '', 'Ativo', 760, 3),
(141, 'NELSON DOS SANTOS', '   .   .   -  ', '880.593-8', 'Ativo', 630, 2),
(142, 'NEURI JOSÉ DAL MOLIN', '111.085.091-34', '1.178.724-0', 'Ativo', 616, 2),
(143, 'NILTON VICENTE DA SILVA', '765.219.769-15', '3.421.376-3', 'Ativo', 767, 18),
(144, 'NOELY GIASSON BAU', '616.115.659-87', '3.343.877-0', 'Ativo', 641, 2),
(145, 'PAMELLA GARCIA ROSA', '009.659.089-09', '8089169-5', 'Ativo', 739, 1),
(146, 'PATRICIA PUPIO', '007.285.759-57', '7.544.945-3', 'Ativo', 655, 2),
(147, 'PAULA MARIA QUONG FERNANDES', '628.709.479-68', '7.974.613-4', 'Ativo', 755, 12),
(148, 'PAULO FERNANDO NEVES', '164.166.199-20', '1.166.345-1', 'Ativo', 679, 2),
(149, 'PAULO LUIZ DOS SANTOS', '610.387.259-68', '4.375.614-1', 'Ativo', 765, 1),
(151, 'PRESCILA GOUVEA CYPRIANO', '069.870.579-31', '10.235.598-9', 'Ativo', 682, 2),
(152, 'RAFAEL SALGUEIRO FLORESTA', '043.723.519-09', '6.844.890-5', 'Ativo', 621, 18),
(153, 'RAFAEL VIANA E SILVA', '925.669.369-00', '5.965.402-0', 'Ativo', 711, 2),
(154, 'REGIANI JUCIANI LACERDA', '830.501.409-68', '5.971.165-2', 'Ativo', 620, 18),
(155, 'REINALDO DE OLIVEIRA', '401.839.639-20', '13.532.178-8', 'Ativo', 637, 2),
(156, 'RENAN GUSTAVO BORGES', '041.831.959-69', '8.774.574-0', 'Ativo', 657, 2),
(157, 'RITA DE CASSIA TAVARES', '019.141.949-42', '4.999.177-0', 'Ativo', 678, 2),
(158, 'RODOLFO SKALISZ SOLDA', '061.288.729-48', '8.788.620-4', 'Ativo', 629, 2),
(159, 'ROGERIO LAJARIM HERNANDES', '928.020.109-30', '6.364.217-7', 'Ativo', 627, 2),
(160, 'ROLF JONAS GONSALVES', '055.791.879-04', '88024699', 'Ativo', 640, 2),
(161, 'ROQUE STURM', '524.287.109-15', '3.600.859-8', 'Ativo', 643, 2),
(162, 'ROSILEI ORIDES QUINTINO', '507.588.109-20', '9.302.896-1', 'Ativo', 709, 2),
(163, 'SAYONARA VIVIANE MORO', '025.225.999-84', '4.600.552-0', 'Ativo', 671, 2),
(164, 'SERGIO VIANNA GURSKI', '532.985.789-91', '3.597.086-0', 'Ativo', 660, 2),
(165, 'SINTIA MARIA BERNARDY DE LIMA', '857.221.709-68', '4.331.473-4', 'Ativo', 651, 2),
(166, 'SINVAL SCHREINER', '153.401.209-53', '1.236.358-3', 'Ativo', 674, 2),
(167, 'SONIA REGINA CABRAL', '170.989.409-72', '831011-4', 'Ativo', 765, 3),
(168, 'SUZANA MARIA BRUIANI', '059.288.639-50', '8.400.624-6', 'Ativo', 675, 2),
(169, 'TANIA MARA ASSUMPÇÃO DE OLIVEIRA', '393.466.509-82', '2204547-4', 'Ativo', 732, 12),
(170, 'TEREZINHA CRISTINA BERNADELLI', '393.087.319-20', '2.110.722-0', 'Ativo', 630, 18),
(171, 'THIAGO VINICIUS FERNANDES', '044.409.189-05', '8.185.007-0', 'Ativo', 717, 18),
(172, 'TRISTÃO DA SILVA MIRANDA', '139.322.099-15', '934.514-0', 'Ativo', 700, 2),
(173, 'VAGNER DENILSON MERETICA', '935.230.419-53', '6.711.213-0', 'Ativo', 683, 18),
(174, 'VALDECI PRIESTER', '554.441.139-53', '4.190.246-9', 'Ativo', 638, 2),
(175, 'VALDECIR RODRIGUES GALVÃO', '523.843.229-15', '3.271.601-6', 'Ativo', 642, 2),
(176, 'VALDERI PEREIRA D SILVA', '355.866.309-82', '2.095.274-1', 'Ativo', 765, 3),
(177, 'VALMIR MORESCHI', '488.072.739-34', '2145007-3', 'Ativo', 751, 3),
(178, 'VILMAR NUNES DE JESUS', '275.714.249-68', '1.698.755-7', 'Ativo', 765, 18),
(179, 'WILIAM ROBERTO ARAUJO', '584.518.389-87', '3.168.513-3', 'Ativo', 730, 3),
(180, 'WILIANS ZANCHIM', '032.206.029-08', '8.038.353-3', 'Ativo', 704, 2),
(181, 'WILSON GOMES DO NASCIMENTO', '350.318.599-20', '1.168.342-8', 'Ativo', 617, 2),
(182, 'CARLOS HENRIQUE MULLER ZIVIANI', '005.948.319-97', '', 'Ativo', 732, 3),
(183, 'JULIO CESAR PACHECO DOS SANTOS', '809.023.089-04', '33446926', 'Ativo', 712, 14),
(184, 'JOSE CORDEIRO', '582.969.729-72', '33576064', 'Ativo', 735, 18),
(185, 'MARCELO RUMOR', '029.335.129-55', '69665713', 'Ativo', 777, 18),
(186, 'ANDERSON THIAGO ATANAZO', '072.734.909-03', '105278195', 'Ativo', 713, 18),
(187, 'IVAN DANIEL DE JESUS CUNHA', '103.043.259-70', '132742839', 'Ativo', 713, 18),
(188, 'FLAVIO GAIER', '035.938.669-51', '81487537', 'Ativo', 767, 18),
(189, 'DANIEL SUTIL DE OLIVEIRA', '572.902.539-49', '42462012', 'Ativo', 767, 18),
(190, 'DANIEL ALVES DOS SANTOS', '886.684.109-97', '49668767', 'Ativo', 767, 18),
(191, 'VALDIR PEREIRA DE FREITAS', '562.478.189-04', '43946153', 'Ativo', 735, 18),
(192, 'FARID GELASCO MALSCHITZKY', '050.359.639-69', '65316790', 'Ativo', 732, 3),
(193, 'CARLOS ALBERTO BRITO', '030.897.519-76', '65863073', 'Ativo', 767, 18),
(194, 'FERNANDO MAURICIO IMTHURM', '023.494.419-62', '51986555', 'Ativo', 732, 13),
(195, 'ROOSEVELT MARCIO STAES', '943.032.079-34', '64191667', 'Ativo', 715, 2),
(196, 'IVO ANDRE MARTINS RODRIGUES', '768.696.369-15', '51961307', 'Ativo', 715, 18),
(197, 'FLAVIO WILLIAM PROPST', '762.748.539-87', '43939548', 'Ativo', 715, 14),
(198, 'MARCELO DANTAS LEITE', '281.885.258-71', '126812680', 'Ativo', 719, 18),
(199, 'CLAUDIOMIRO GARBIN', '004.858.509-23', '123289918', 'Ativo', 719, 18),
(200, 'MAURI VIEIRA', '318.580.909-20', '1233091', 'Ativo', 714, 18),
(201, 'JONATHAN SIQUEIRA RODRIGUES', '068.762.679-03', '9922041', 'Ativo', 714, 18),
(202, 'NOELI VAZ ARTIGAS', '025.566.039-17', '70843617 ', 'Ativo', 720, 18),
(203, 'ROSANI COSTA MORAIS', '769.568.579-87', '40824286', 'Ativo', 720, 18),
(206, 'WELINGTON DIONATA TONEZE', '053.458.549-39', '', 'Ativo', 777, 18),
(208, 'TONY AUGUSTO', '064.776.129-76', '6.531.679-0', 'Ativo', 732, 13),
(209, 'MARCOS BARBOSA DA SILVA', '045.218.759-12', '9.182.404-3', 'Ativo', 651, 14),
(210, 'RENATA GISELE AGUIAR KINOSHITA DE LIMA', '007.127.209-79', '72602463', 'Ativo', 717, 18),
(211, 'ANDRE RICARDO DOS SANTOS', '037.622.019-86', '89094585', 'Ativo', 717, 18),
(212, 'SERGIO TECO DOS SANTOS', '235.464.929-00', '14013113', 'Ativo', 717, 18),
(213, 'JOAO DORIVAL ROGGE', '795.010.109-10', '52181780', 'Ativo', 712, 10),
(214, 'VAL MARTINS', '680.571.309-97', '49356455', 'Ativo', 735, 18),
(215, 'JANINE DE SOUZA CEYLAN', '052.701.169-01', '91611970', 'Ativo', 704, 18),
(216, 'IRAN APARECIDO PARDINHO', '052.701.169-01', '41570083', 'Ativo', 704, 18),
(217, 'CÉLIO YOSHIO NAGANAWA', '052.701.169-01', '44987899', 'Ativo', 704, 18),
(218, 'EVERTON RODRIGO DA SILVA', '044.291.619-17', '7.953.615-6', 'Ativo', 704, 18),
(219, 'MARCIA TAFAREL CARBONI', '862.507.369-72', '86204452', 'Ativo', 671, 2),
(220, 'ROSALDO BONNET', '003.346.519-30', '1.690.451-1', 'Ativo', 732, 13),
(221, 'FABRICIO AUGUSTO BARIANO', '018.014.029-90', 'RG 10734427-6', 'Ativo', 621, 18),
(222, 'DOUGLAS DOS SANTOS BATISTA', '049.582.679-05', '8081459-3', 'Ativo', 621, 18),
(223, 'ROGERIO LAUTENSCHLAGER AMBROSIO', '023.464.539-35', '6436546-0 ', 'Ativo', 621, 18),
(224, 'ERICK ANASTACIO NEHRING', '026.179.409-42', '72905059', 'Ativo', 621, 18),
(225, 'DOUGLAS MATSUMURA', '009.438.409-61', '8148390-6 ', 'Ativo', 621, 18),
(226, 'REGIS MATZENBACHER JUNIOR', '030.869.579-80', '075952201', 'Ativo', 700, 18),
(227, 'JOSÉ OSÓRIO DUARTE', '601.664.289-49', '4.264.279-7', 'Ativo', 673, 14),
(228, 'LUIZ FERNANDO GASPARI DE OLIVEIRA LIMA', '319.697.989-04', '12305443', 'Ativo', 756, 7),
(229, 'CLEBER MARTINS FONSECA', '769.486.419-20', '4.366.338-0', 'Ativo', 615, 18),
(230, 'BRUNO TIAGO DE SOUZA', '009.965.229-30', '86504154', 'Ativo', 615, 18),
(231, 'GLAUCIA KELLY DA SILVA ', '020.931.059-69', '219993269', 'Ativo', 668, 18),
(232, 'RODRIGO CADORE', '004.210.809-81', '4713062 ', 'Ativo', 668, 18),
(233, 'JOSIMERI ANTÔNIA DE SOUZA', '016.802.569-80', '5839865-9', 'Ativo', 706, 18),
(234, 'JOSÉ UMBERTO LUCINGER', '365.803.929-91', '3.680.205-7', 'Ativo', 620, 18),
(235, 'TONY AUGUSTO ALVES LIMA', '073.659.819-70', '133931082', 'Ativo', 732, 1),
(236, 'RAUL SERGIO CELONI BISPO', '058.890.319-10', '9317997-8 ', 'Ativo', 616, 14),
(237, 'EDUARDO SCHUELTER', '036.525.599-83', '6494008', 'Ativo', 730, 3),
(238, 'SOLENE DIAS DE SOUZA', '627.480.419-68', '5.468.909-8', 'Ativo', 681, 14),
(239, 'JOSÉ ROBERTO DE MATTOS', '443.980.859-04', '1.899.878-5', 'Ativo', 677, 2),
(240, 'JOANA JÚLIA BARIONI', '030.034.539-98', '6.163.530-0', 'Ativo', 672, 14),
(241, 'AMAURI ANTÔNIO SOARES', '706.522.449-04', '4948546-8', 'Ativo', 614, 18),
(242, 'NILTON MARQUES DO NASCIMENTO', '030.372.089-10', '84853720', 'Ativo', 614, 18),
(243, 'RENATA CRISTINA ORASMO SANTANA', '031.912.439-84', '6.796.335-0', 'Ativo', 619, 14),
(244, 'RONALDO CEZAR AVELAR DA SILVA', '776.206.749-34', '5.708.302-6', 'Ativo', 622, 18),
(245, 'LEANDRO ALVES VIEIRA', '005.064.209-06', '7.644.623-7', 'Ativo', 622, 14),
(246, 'MARCIA MESTRIER SILVA', '015.078.179-24', '6.267.440-7', 'Ativo', 617, 15),
(247, 'NELSON TOTH', '020.018.749-01', '6.969.515-9', 'Ativo', 617, 2),
(248, 'JEFERSON ANTONIO VALIM', '647.317.079-00', '4.082.469-3', 'Ativo', 619, 18),
(249, 'LUANA LOPES RIBEIRO ', '045.481.199-30', '8.142.773-9', 'Ativo', 617, 18),
(250, 'LUIZ FERNANDO DE SOUZA', '016.934.399-56', '2.078.223-4 ', 'Ativo', 659, 18),
(251, 'FERNANDA VANESSA ALVES MARTINS ', '093.980.247-30', '12.947.842-0 ', 'Ativo', 659, 18),
(252, 'JANAINA MARQUES DA SILVA ARAUJO', '045.142.989-30', '8.110.117-9', 'Ativo', 618, 18),
(253, 'EVANI BECKER', '681.081.099-49', ' 37552160', 'Ativo', 699, 15),
(254, 'PIETRO NUNES LOZOVE', '051.154.679-33', '8.318.437-0', 'Ativo', 711, 14),
(255, 'FELIPE CABRAL DALLA VECHAI SAUER', '008.680.689-00', '7.994.249-9', 'Ativo', 711, 18),
(256, 'SILVIA RENATA FARINCHO ABRANTES', '027.956.669-79', '76244430', 'Ativo', 735, 15),
(257, 'RONALDO MANZATO', '027.439.939-36', '814011-0 ', 'Ativo', 616, 18),
(258, 'ROGERIO GOLIN NAGAROLLI ', '005.690.609-90', '82473815 ', 'Ativo', 616, 18),
(259, 'ANDERSON LOURENÇO LUZ ', '027.844.519-50', '7269573-9 ', 'Ativo', 624, 18),
(260, 'FERNANDO DE JESUS ANTONIO', '033.070.569-56', '7570156-0', 'Ativo', 624, 18),
(261, 'DENIS AUGUSTO BUSS BARUA', '047.385.889-40', '7860211-2', 'Ativo', 624, 18),
(262, 'MAYCON UTUMI MONTEIRO', '031.978.889-01', '8.368.518-2', 'Ativo', 626, 18),
(263, 'FLAMARION KRUM DE CARVALHO', '045.964.419-01', '8087311-5', 'Ativo', 612, 14),
(264, 'ELMO JOSE CHAGAS', '156.177.189-91', '891.206-8', 'Ativo', 710, 18),
(265, 'AUGUSTO CARLOS DA SILVA CAMPOS', '007.201.899-26', '7.660.913-6', 'Ativo', 710, 18),
(267, 'JOÃO CARLOS PONA', '042.626.769-94', '8.321.727-8', 'Ativo', 628, 18),
(268, 'LUIZ GUSTAVO ANTUNES SCHRAMM', '044.343.549-90', '8.156.023-4', 'Ativo', 628, 18),
(269, 'JOSIRLEY DA SILVA ', '005.891.059-06', '7.311.330-0 ', 'Ativo', 631, 14),
(270, 'VANESSA TORREZAN DO NASCIMENTO', '048.083.509-80', '8.079.427-4', 'Ativo', 633, 15),
(271, 'JONATAS JOSE ROSA', '037.202.709-12', '72021096', 'Ativo', 711, 18),
(272, 'ARNALDO MENON', '034.122.609-24', '8.224.954-0', 'Ativo', 629, 18),
(273, 'RAFAEL MARIENSKI', '051.711.799-13', '9435031-0', 'Ativo', 629, 18),
(274, 'XÊNIA CAVALCANTE ALMEIDA', '935.365.859-49', '6428533-5', 'Ativo', 630, 18),
(275, 'LUIZ FELIPE NEGRÃO SCARDUELLI ', '073.160.099-18', '12413981-3 ', 'Ativo', 630, 18),
(276, 'TALITA CRISTINA DOS SANTOS COLOGNHEZI', '061.102.709-70', '9507941-5', 'Ativo', 620, 18),
(277, 'EDSON LUIS FERREIRA MACIEL   ', '557.470.609-10', '3754307-1   ', 'Ativo', 612, 18),
(278, 'CLEBERSON VENANCIO RODRIGUES FERREIRA', '004.251.529-79', '6908392-7', 'Ativo', 612, 18),
(279, 'MIRIAM PAES GOMES RODRIGUES ', '023.524.169-57', '6.393.124-1', 'Ativo', 632, 15),
(280, 'MICHAEL DAVID APARECIDO DE SOUZA', '042.311.659-20', '8047699-0', 'Ativo', 635, 14),
(281, 'CARLA GALIS DE AZEVEDO', '988.099.119-20', '12.914.974-4', 'Ativo', 637, 15),
(282, 'ARNO RIBEIRO', '706.901.469-49', '3.658.436-0', 'Ativo', 638, 18),
(283, 'VERA LUCIA MIELKE ALBERTI', '033.661.029-77', '3.267.418-6', 'Ativo', 638, 18),
(284, 'JOÃO MARCOS FERRIN ', '060.193.619-18', '9.456.573-1 ', 'Ativo', 625, 14),
(285, 'KAIQUE EDUARDO GOMES ', '100.403.509-83', '12.475.311-2 ', 'Ativo', 625, 18),
(286, 'ANTÔNIO VAZ DE SOUZA', '599.122.945-72', '106765090', 'Ativo', 690, 14),
(287, 'JAKSON MARCELO MARTINS', '033.421.249-97', '59470922', 'Ativo', 613, 18),
(288, 'MAICON LUIZ DA CUNHA', '009.515.069-27', '88787927', 'Ativo', 613, 18),
(289, 'ANTONIO CARLOS SIDRIN   ', '647.469.509-97', '5090803   ', 'Ativo', 623, 18),
(290, 'NILSON FRANCISCO ALVES DA LUZ', '796.333.829-04', '51661788', 'Ativo', 735, 18),
(291, 'MARCIO CLEBER SECHI PINAFFI ', '047.413.849-69', '8.986.834-3', 'Ativo', 684, 14),
(292, 'JULIANA CASSIA ALVES PEREIRA MULLER  ', '802.291.159-34', '6.272.941-4', 'Ativo', 640, 15),
(293, 'ALEXANDRE MULINARI MATERA ', '007.669.249-39', '8.264.359-1 ', 'Ativo', 641, 18),
(294, 'OSMAR AGOSTINHO CAMARGO', '984.887.839-49', '6.388.915-6', 'Ativo', 639, 2),
(295, 'CLEVERSON MOLOSSI ', '026.749.309-69', '6.804.760-9 ', 'Ativo', 641, 14),
(296, 'FERNANDO CÁSSIO BINI ', '034.330.029-08', '5.098.217-3 ', 'Ativo', 642, 18),
(297, 'JOSÉ VIEIRA DOS SANTOS ', '025.993.809-28', '6.944.130-0 ', 'Ativo', 642, 18),
(298, 'MARCELO BERTIPALHA CABRAL', '033.384.599-47', '78362294', 'Ativo', 735, 14),
(299, 'HUGO A. HAFEMANN', '050.743.969-48', '8.373.150-8', 'Ativo', 643, 14),
(300, 'SILVIO BARTZ', '687.573.109-63', '3.342.404-3', 'Ativo', 645, 18),
(301, 'FRANCISCO MAIA NETO', '500.461.449-00', '3.340.844-7', 'Ativo', 646, 2),
(302, 'KEMILLY LARISSA BARBOZA VIEIRA', '075.550.459-31', '11.108.647-8', 'Ativo', 628, 2),
(303, 'NADYA COLDEBELLA', '031.979.969-76', '6.149.404-9', 'Ativo', 650, 18),
(304, 'RICARDO DE OLIVEIRA EGIDO', '050.482.799-56', '9.547.482-9', 'Ativo', 649, 14),
(305, 'JOSIAS ALVES CONCEIÇÃO', '572.116.989-34', '4.209.991-0', 'Ativo', 653, 2),
(306, 'VALSANDRO GERALDO PAULINO', '058.970.149-57', '9041272-8', 'Ativo', 654, 14),
(307, 'ANTONIO CARLOS RODRIGUES ', '583.778.249-49', '3.930.754-5 ', 'Ativo', 707, 18),
(308, 'MARIO DONIZETTI FERNANDES', '307.446.609-04', '1.777.916-8 ', 'Ativo', 707, 18),
(309, 'ANTONIO HONORATO', '514.396.039-87', '4.132.155-5', 'Ativo', 655, 14),
(310, 'CRISTIANE MUNIZ', '023.248.799-56', '65791790', 'Ativo', 656, 15),
(311, 'HELIO MUDRAK', '023.636.129-57', ' 6.855.534-5', 'Ativo', 658, 14),
(312, 'ELYZANDRO FONSECA GUIMARÃES', '846.933.049-72', '5.188586-4', 'Ativo', 662, 14),
(313, 'FERNANDO FERRAZ', '751.091.588-00', '14090277-2', 'Ativo', 663, 18),
(314, 'ANDERSON JOSÉ DE OLIVEIRA', '880.339.709-44', '6.097.191.9', 'Ativo', 664, 14),
(315, 'VALDINEI ROGÉRIO TRANCOSO', '057.326.019-29', '9.497.575-1', 'Ativo', 666, 2),
(316, 'RICARDO TOSHIYUKI KOGA ', '507.740.429-15', '3073342-8 ', 'Ativo', 667, 18),
(317, 'CARLA CRISTINA FILUS ', '496.544.389-68', '47188040', 'Ativo', 722, 4),
(318, 'ELOI DE CARVALHO SILVA', '588.999.799-87', '3.533.265-0', 'Ativo', 669, 18),
(319, 'ROSIMERI CAMPERA WEBER', '022.039.069-01', '6.193.695-5', 'Ativo', 670, 15),
(320, 'KARINA ISER', '037.806.719-21', '8.014.675-2', 'Ativo', 674, 15),
(321, 'MARCOS ROBERTO FRANCISCO', '023.054.789-33', '71984630', 'Ativo', 735, 18),
(322, 'RAFAEL JARENKO DA CRUZ', '567.766.759-53', '3932230', 'Ativo', 730, 6),
(323, 'MAYKON FANTATTO ENCINAS  ', '023.272.919-09', '5.908.242-6', 'Ativo', 675, 14),
(324, 'ELIO CASAGRANDE JUNIOR  ', '840.749.659-68', '5.033.426-0', 'Ativo', 676, 14),
(325, 'ELVIS GONÇALVES CAPEL', '973.515.049-20', '5.339.250-4', 'Ativo', 678, 14),
(326, 'ELISANGELA DE OLIVEIRA', '896.770.649-91', '5.356.797-5', 'Ativo', 679, 15),
(327, 'LEONARDO BERTO DE ALMIDA RAMOS', '045.702.839-42', '8.604.040-9', 'Ativo', 680, 14),
(328, 'JEAN LUIZ DE SANTANA', '014.803.849-25', '62070846', 'Ativo', 774, 3),
(329, 'VINICIUS AUGUSTO DE OLIVEIRA FADEL', '039.103.609-20', '8.568.187-7', 'Ativo', 689, 14),
(330, 'VAGNER VENÂNCIO DA SILVA', '027.301.279-76', '7.260.511-0', 'Ativo', 683, 14),
(331, 'ALINE FERNANDA DOS SANTOS CORRÊA   ', '064.406.419-64', '90693727   ', 'Ativo', 685, 15),
(332, 'GRACIANE ALVES FERREIRA', '822.714.619-87', '5807118-8', 'Ativo', 760, 13),
(333, 'EDEIR TEREZINHA FERRARINI', '675.417.129-49', '4.457.899-9', 'Ativo', 691, 15),
(334, 'PAULO SERGIO DE PAULA', '643.415.349-04', '4.216.534-4', 'Ativo', 692, 18),
(335, 'JOEL DOMINGUES DE CAMPOS', '717.338.099-53', '4.505.953-7', 'Ativo', 705, 2),
(336, 'CLAUDIMIR DE OLIVEIRA', '854.685.689-34', '4.309.613-3', 'Ativo', 708, 14),
(337, 'FILIPE LAGOS MALLO', '058.526.119-99', '10.371.495-8', 'Ativo', 735, 1),
(338, 'MARCEL ROCHA', '030.524.759-08', '6.119.775-3', 'Ativo', 740, 6),
(339, 'ISAIAS PACHECO DOS SANTOS', '725.135.789-53', '4.559.008-9', 'Ativo', 713, 18),
(340, 'PAULO ROGERIO DE OLIVEIRA LIMA', '066.922.158-97', '12.686.398-5', 'Ativo', 709, 14),
(341, 'ARIANI GUERRA', '031.587.799-51', '62.877.464', 'Ativo', 693, 15),
(342, 'JOÃO JORGE GUERIOS', '640.264.779-91', '3.805.508-9', 'Ativo', 694, 2),
(343, 'ROSE VANIA JHARA DOS SANTOS', '822.499.621-20', '1104187-1', 'Ativo', 695, 15),
(344, 'SEBASTIÃO RAMOS DA COSTA ', '437.172.842-15', '12.821677-4 ', 'Ativo', 696, 14),
(345, 'VALDOMIRO VASSELEK', '036.653.759-83', '8.595.236-6', 'Ativo', 698, 14),
(346, 'ANA PAULA MASCARO', '778.277.599-04', '5.740.709-3', 'Ativo', 701, 14),
(347, 'ALESSANDRO XAVIER DE OLIVEIRA', '019.634.799-80', '67203348', 'Ativo', 702, 18),
(348, 'PAULO LUIZ PANUCI', '929.878.859-20', '53351620', 'Ativo', 627, 14),
(349, 'LEONARDO AUGUSTO ROSSI', '028.941.999-96', '7.526.016.4', 'Ativo', 627, 14),
(350, 'GIOLVANE FERREIRA', '834.621.209-72', '15.832.504-7', 'Ativo', 732, 6),
(351, 'MICHAEL CHRYSTIAN BOGO', '037.915.089-11', '6150425-7', 'Ativo', 760, 6),
(352, 'ADJALMA DA SILVA', '403.022.029-00', '', 'Ativo', 755, 8),
(353, 'ANDIA NARA GUIRAUD', '857.534.169-34', '604785-5', 'Ativo', 751, 2),
(354, 'PAULO HENRIQUE BERTOLI', '504.937.799-49', '3.987.639-6', 'Ativo', 634, 18),
(355, 'CLAUDIO DE CARVALHO', '705.755.689-68', '4.629.163-8', 'Ativo', 629, 18),
(356, 'RENATA CARVALHO FURTADO', '038.980.309-03', '7.818.610-0', 'Ativo', 633, 14);

-- --------------------------------------------------------

--
-- Estrutura da tabela `localidade`
--

CREATE TABLE `localidade` (
  `idLocalidade` int(11) NOT NULL,
  `nomeLocalidade` varchar(100) DEFAULT NULL,
  `tipoLocalidade` varchar(50) DEFAULT NULL
) ENGINE=InnoDB DEFAULT CHARSET=utf8mb4;

--
-- Extraindo dados da tabela `localidade`
--

INSERT INTO `localidade` (`idLocalidade`, `nomeLocalidade`, `tipoLocalidade`) VALUES
(612, '02ª – PONTA GROSSA', 'CIRETRAN'),
(613, '04ª – UNIÃO DA VITÓRIA', 'CIRETRAN'),
(614, '05ª – PATO BRANCO', 'CIRETRAN'),
(615, '07ª – CASCAVEL', 'CIRETRAN'),
(616, '08ª – CAMPO MOURÃO', 'CIRETRAN'),
(617, '09ª – CRUZEIRO DO OESTE', 'CIRETRAN'),
(618, '10ª – JACAREZINHO', 'CIRETRAN'),
(619, '11ª – CORNÉLIO PROCÓPIO', 'CIRETRAN'),
(620, '12ª – LONDRINA (VILA YARA)', 'CIRETRAN'),
(621, '13ª – MARINGÁ', 'CIRETRAN'),
(622, '14ª – PARANAVAÍ', 'CIRETRAN'),
(623, '15ª – APUCARANA', 'CIRETRAN'),
(624, '16ª – FOZ DO IGUAÇU', 'CIRETRAN'),
(625, '17ª – ARAPONGAS', 'CIRETRAN'),
(626, '18ª – NOVA ESPERANÇA', 'CIRETRAN'),
(627, '19ª – ASSAÍ', 'CIRETRAN'),
(628, '20ª – UMUARAMA', 'CIRETRAN'),
(629, '21ª – IRATI', 'CIRETRAN'),
(630, '22ª – BANDEIRANTES', 'CIRETRAN'),
(631, '23ª – PORECATU', 'CIRETRAN'),
(632, '24ª – TELÊMACO BORBA', 'CIRETRAN'),
(633, '25ª – GOIOERÊ', 'CIRETRAN'),
(634, '26ª – CIANORTE', 'CIRETRAN'),
(635, '27ª – IBAITI', 'CIRETRAN'),
(636, '28ª – LOANDA', 'CIRETRAN'),
(637, '29ª – RIO NEGRO', 'CIRETRAN'),
(638, '30ª – FRANCISCO BELTRÃO', 'CIRETRAN'),
(639, '31ª – DOIS VIZINHOS', 'CIRETRAN'),
(640, '32ª – SANTA ISABEL DO OESTE', 'CIRETRAN'),
(641, '33ª – MEDIANEIRA', 'CIRETRAN'),
(642, '34ª – TOLEDO', 'CIRETRAN'),
(643, '35ª – MARECHAL CÂNDIDO RONDON', 'CIRETRAN'),
(644, '36ª – GUAÍRA', 'CIRETRAN'),
(645, '37ª – UBIRATÃ', 'CIRETRAN'),
(646, '38ª – IVAIPORÃ', 'CIRETRAN'),
(647, '39ª – ARAPOTI', 'CIRETRAN'),
(648, '40ª – CAMBARÁ', 'CIRETRAN'),
(649, '41ª – ASSIS CHATEAUBRIAND', 'CIRETRAN'),
(650, '42ª – PALOTINA', 'CIRETRAN'),
(651, '43ª – ROLÂNDIA', 'CIRETRAN'),
(652, '44ª - SANTO ANTÔNIO DA PLATINA', 'CIRETRAN'),
(653, '45ª – NOVA LONDRINA', 'CIRETRAN'),
(654, '46ª – CIDADE GAÚCHA', 'CIRETRAN'),
(655, '47ª – JANDAIA DO SUL', 'CIRETRAN'),
(656, '48ª – PITANGA', 'CIRETRAN'),
(657, '49ª – IPORÃ', 'CIRETRAN'),
(658, '50ª – FAXINAL', 'CIRETRAN'),
(659, '51ª – CAMPO LARGO', 'CIRETRAN'),
(660, '53ª – LAPA', 'CIRETRAN'),
(661, '54ª – IMBITUVA', 'CIRETRAN'),
(662, '55ª – PALMAS', 'CIRETRAN'),
(663, '56ª – CASTRO', 'CIRETRAN'),
(664, '57ª – LARANJEIRAS DO SUL', 'CIRETRAN'),
(665, '58ª – RONDON', 'CIRETRAN'),
(666, '59ª – SANTA IZABEL DO IVAÍ', 'CIRETRAN'),
(667, '60ª – COLORADO', 'CIRETRAN'),
(668, '61ª – MATELÂNDIA', 'CIRETRAN'),
(669, '62ª – CORONEL VIVIDA', 'CIRETRAN'),
(670, '63ª – CAPANEMA', 'CIRETRAN'),
(671, '64ª – BARRACÃO', 'CIRETRAN'),
(672, '65ª – ALTÔNIA', 'CIRETRAN'),
(673, '66ª – IBIPORÃ', 'CIRETRAN'),
(674, '67ª – SANTO ANTÔNIO DO SUDOESTE', 'CIRETRAN'),
(675, '68ª – ASTORGA', 'CIRETRAN'),
(676, '69ª – SERTANÓPOLIS', 'CIRETRAN'),
(677, '70ª – BELA VISTA DO PARAÍSO', 'CIRETRAN'),
(678, '71ª – BARBOSA FERRAZ', 'CIRETRAN'),
(679, '72ª – JOAQUIM TÁVORA', 'CIRETRAN'),
(680, '73ª – ARAUCÁRIA', 'CIRETRAN'),
(681, '74ª – GUARANIAÇU', 'CIRETRAN'),
(682, '75ª – JAGUARIAÍVA', 'CIRETRAN'),
(683, '76ª – CAMBÉ', 'CIRETRAN'),
(684, '77ª – CENTENÁRIO DO SUL', 'CIRETRAN'),
(685, '78ª – WENCESLAU BRÁZ', 'CIRETRAN'),
(686, '79ª – SÃO MATEUS DO SUL', 'CIRETRAN'),
(687, '80ª – CARAMBEÍ', 'CIRETRAN'),
(688, '81ª – MANDAGUARI', 'CIRETRAN'),
(689, '82ª – TERRA BOA', 'CIRETRAN'),
(690, '83ª – SANTA HELENA', 'CIRETRAN'),
(691, '84ª – CHOPINZINHO', 'CIRETRAN'),
(692, '85ª – QUEDAS DO IGUAÇU', 'CIRETRAN'),
(693, '92ª – REALEZA', 'CIRETRAN'),
(694, '93ª – MANGUEIRINHA', 'CIRETRAN'),
(695, '94ª – MARILÂNDIA DO SUL', 'CIRETRAN'),
(696, '95ª – ENGENHEIRO BELTRÃO', 'CIRETRAN'),
(697, '96ª – CLEVELÂNDIA', 'CIRETRAN'),
(698, '97ª – PRUDENTÓPOLIS', 'CIRETRAN'),
(699, '98ª – CATANDUVAS', 'CIRETRAN'),
(700, '99ª – GUARATUBA', 'CIRETRAN'),
(701, '100ª – RIBEIRÃO CLARO', 'CIRETRAN'),
(702, '101ª – RESERVA', 'CIRETRAN'),
(703, '13ª - MARINGÁ - PÁTIO DE VEÍCULOS', 'CIRETRAN'),
(704, '86ª - SARANDI', 'CIRETRAN'),
(705, '87ª – SERTANEJA', 'CIRETRAN'),
(706, '88ª – SIQUEIRA CAMPOS', 'CIRETRAN'),
(707, '89ª – SÃO JOSÉ DOS PINHAIS', 'CIRETRAN'),
(708, '90ª – NOVA AURORA', 'CIRETRAN'),
(709, '91ª – ICARAÍMA', 'CIRETRAN'),
(710, '03ª - PARANAGUÁ', 'CIRETRAN'),
(711, '06ª – GUARAPUAVA', 'CIRETRAN'),
(712, 'POSTO DE CAMPO MAGRO', 'CIRETRAN'),
(713, 'POSTO VILA HAUER', 'POSTO DE TRÂNSITO'),
(714, 'POSTO ALMIRANTE TAMANDARÉ', 'POSTO DE TRÂNSITO'),
(715, 'POSTO COLOMBO', 'POSTO DE TRÂNSITO'),
(716, 'POSTO CENTRAL CURITIBA', 'POSTO DE TRÂNSITO'),
(717, 'POSTO LONDRINA', 'POSTO DE TRÂNSITO'),
(718, 'POSTO CANDIDO DE ABREU', 'POSTO DE TRÂNSITO'),
(719, 'POSTO FAZENDA RIO GRANDE', 'POSTO DE TRÂNSITO'),
(720, 'POSTO RIO BRANCO DO SUL', 'POSTO DE TRÂNSITO'),
(721, 'COOAD', 'COORDENADORIA'),
(722, 'COFIN', 'COORDENADORIA'),
(723, 'COENG', 'COORDENADORIA'),
(724, 'COIA', 'COORDENADORIA'),
(725, 'COINF', 'COORDENADORIA'),
(726, 'COOGS', 'COORDENADORIA'),
(727, 'COOHA', 'COORDENADORIA'),
(728, 'COOJU', 'COORDENADORIA'),
(729, 'COORH', 'COORDENADORIA'),
(730, 'COOVE', 'COORDENADORIA'),
(731, 'COPET', 'COORDENADORIA'),
(732, 'COOGI - COORDENADORIA', 'COORDENADORIA'),
(733, '01ª - ESTOQUE - COOGI', 'SETOR'),
(734, '01ª - COOGI - SALA CELEPAR', 'SETOR'),
(735, '01ª – CURITIBA - TARUMÂ', 'SETOR'),
(736, 'PROTOCOLO GERAL ', 'SETOR'),
(737, 'PROVA TARUMA', 'SETOR'),
(738, 'ARQUIVO GERAL', 'SETOR'),
(739, 'ASSESSORIA COMUNICAÇÃO SOCIAL - ACS', 'SETOR'),
(740, 'ASSESSORIA MILITAR', 'SETOR'),
(741, 'ASSESSORIA TECNICA - DG - AJU ', 'SETOR'),
(742, 'ASSOCIAÇÃO DETRAN', 'SETOR'),
(743, 'ATENDIMENTO PARTICULAR', 'SETOR'),
(744, 'AUDITÓRIO', 'SETOR'),
(745, 'BANCA EXAMINADORA', 'SETOR'),
(746, 'BIOMETRIA', 'SETOR'),
(747, 'BLOCO A RECEPÇÃO', 'SETOR'),
(748, 'BLOCO F RECEPÇÃO', 'SETOR'),
(749, 'CETRAN', 'SETOR'),
(750, 'CFC', 'SETOR'),
(751, 'CHEFE 1ª CIRETRAN', 'SETOR'),
(752, 'COMISSAO DE LEILAO', 'SETOR'),
(753, 'DAF – DIRETORIA ADMINISTRATIVA FINANCEIRA', 'SETOR'),
(754, 'DESPACHANTE', 'SETOR'),
(755, 'DIRETORIA GERAL', 'SETOR'),
(756, 'DGP – DIRETORIA DE GESTÃO DE PESSOAS', 'SETOR'),
(757, 'DIMP', 'SETOR'),
(758, 'DOP – DIRETORIA DE OPERAÇÕES', 'SETOR'),
(759, 'DTD – DIRETORIA DA TEC E DESENVOLVIMENTO', 'SETOR'),
(760, 'EPT - ESCOLA PUBLICA DE TRÂNSITO', 'SETOR'),
(761, 'ESTUDIO EAD', 'SETOR'),
(762, 'MALOTE', 'SETOR'),
(763, 'MATERIAIS', 'SETOR'),
(765, 'NUD - NÚCLEO DE UNIDADES', 'SETOR'),
(766, 'OUVIDORIA', 'SETOR'),
(767, 'PATIO DE VEICULOS', 'SETOR'),
(768, 'PATRIMONIO - ADMINISTRATIVO', 'SETOR'),
(769, 'PATRIMONIO - DEPOSITO', 'SETOR'),
(770, 'PLANEJAMENTO', 'SETOR'),
(771, 'RECICLAGEM BLOCO F', 'SETOR'),
(772, 'RECURSO DE MULTAS', 'SETOR'),
(773, 'REVISAO DE HABILITAÇAO', 'SETOR'),
(774, 'SEGURANÇA', 'SETOR'),
(775, 'TRANSPORTE', 'SETOR'),
(776, 'TRIBUNAL DE CONTAS', 'SETOR'),
(777, 'VISTORIA', 'SETOR'),
(778, 'JARI - JUNTA ADM RECURSOS INFRAÇÕES', 'SETOR'),
(781, 'LIMPEZA', 'SETOR'),
(782, 'REVISÃO DE VEÍCULO', 'SETOR'),
(783, 'JUMP', 'SETOR'),
(784, 'ENTREGA DE DOCUMENTO', 'SETOR'),
(786, 'DG - INTELIGENCIA', 'SETOR'),
(787, 'GABINETE - DG', 'SETOR'),
(788, 'CHEFIA DE GABINETE', 'SETOR'),
(789, 'ANTHEUS', 'OUTROS'),
(790, 'CELEPAR-COSIN-D1 ', 'OUTROS'),
(791, 'CELEPAR-COTPS', 'OUTROS'),
(792, 'CELEPAR-DATACENTER', 'OUTROS'),
(793, 'CELEPAR-GTIC', 'OUTROS'),
(808, 'CELEPAR-CODEC', 'OUTROS'),
(809, 'POLICIA CIENTIFICA DO PARANA', 'OUTROS'),
(810, 'COPEL TELECOM', 'OUTROS');

-- --------------------------------------------------------

--
-- Estrutura da tabela `logsistema`
--

CREATE TABLE `logsistema` (
  `idLog` int(11) NOT NULL,
  `data` varchar(30) DEFAULT NULL,
  `atividade` varchar(300) DEFAULT NULL,
  `usuario_id` int(11) DEFAULT NULL
) ENGINE=InnoDB DEFAULT CHARSET=utf8mb4;

--
-- Extraindo dados da tabela `logsistema`
--

INSERT INTO `logsistema` (`idLog`, `data`, `atividade`, `usuario_id`) VALUES
(1, '26/11/2021', 'Novo Emprestimo, para: ADENILSON CATUZO DA SILVA  , aparelho: SMARTPHONES , imei: 352403090235367 chip: 89550644139000020566', 2),
(2, '26/11/2021', 'Alterar Emprestimo, para: SANTA MARGARIDA LOPES ROSSANO , aparelho: SMARTPHONES chip: 89550644139000020533', 2),
(3, '26/11/2021', 'Alterada celular: 352403090245952', 2),
(4, '26/11/2021', 'Alterada celular: 352403090211210', 2),
(5, '26/11/2021', 'Alterada celular: 352403090216763', 2),
(6, '26/11/2021', 'Alterada celular: 352403090233990', 2),
(7, '26/11/2021', 'Alterada celular: 352403090241886', 2),
(8, '26/11/2021', 'Alterada celular: 352403090234717', 2),
(9, '26/11/2021', 'Excluído celular: 352403090388463', 2),
(10, '26/11/2021', 'Alterada celular: 352403090240516', 2),
(11, '26/11/2021', 'Excluído celular: 352403090218595', 2),
(12, '26/11/2021', 'Alterada celular: 352403090218595', 2),
(13, '26/11/2021', 'Alterada celular: 352403090245929', 2),
(14, '26/11/2021', 'Alterada celular: 352404090238252', 2),
(15, '26/11/2021', 'Alterada celular: 352403090389339', 2),
(16, '26/11/2021', 'Alterada celular: 352403090234618', 2),
(17, '29/11/2021', 'Alterar funcionário: DIOGO VICENTE GALLEGO', 2),
(18, '29/11/2021', 'Novo Emprestimo, para: DIOGO VICENTE GALLEGO , aparelho: SMARTPHONES , imei: 352403090236266 chip: 89550644139000020574', 2),
(19, '29/11/2021', 'Receber Emprestimo, código: 65', 2),
(20, '29/11/2021', 'Excluído Emprestimo, código: 65', 2),
(21, '29/11/2021', 'Novo Emprestimo, para: DIOGO VICENTE GALLEGO , aparelho: SMARTPHONES , imei: 352403090236266 chip: 89550644139000020574', 2),
(22, '29/11/2021', 'Novo Emprestimo, para: EVERTON FRANCISCO DA SILVA MELHADO , aparelho: SMARTPHONES , imei: 352403090245952 chip: 89550644139000020475', 2),
(23, '29/11/2021', 'Novo Emprestimo, para: GUSTAVO ANTONIO MORAES DE JESUS , aparelho: SMARTPHONES , imei: 352403090234758 chip: 89550644139000020913', 2),
(24, '29/11/2021', 'Novo Emprestimo, para: MAGNUS TADEU LEON BORDES , aparelho: SMARTPHONES , imei: 352403090246380 chip: 89550644139000020921', 2),
(25, '29/11/2021', 'Novo Emprestimo, para: JULIO CESAR GONÇALVES , aparelho: SMARTPHONES , imei: 352403090235870 chip: 89550644139000020483', 2),
(26, '29/11/2021', 'Cadatrado novo funcionário: CARLOS HENRIQUE MULLER ZIVIANI', 2),
(27, '29/11/2021', 'Cadastrar nova usuario: EUNICE MARY MUNHOZ DE MORAES', 2),
(28, '09/12/2021', 'Reemitir termo:69', 2),
(29, '09/12/2021', 'Reemitir termo:68', 2),
(35, '06/01/2022', 'Cadatrado nova marca: XIAOMI POCO X3', 2),
(36, '06/01/2022', 'Excluído celular: 867549059882520', 2),
(37, '06/01/2022', 'Excluído celular: 867549059905008', 2),
(38, '06/01/2022', 'Excluído celular: 864012053155420', 2),
(39, '06/01/2022', 'Excluído celular: 869819050505349', 2),
(40, '06/01/2022', 'Excluído celular: 864012054199187', 2),
(41, '06/01/2022', 'Excluído celular: 864012054203989', 2),
(42, '06/01/2022', 'Excluído celular: 863667057180723', 2),
(43, '06/01/2022', 'Excluído celular: 864012053141685', 2),
(44, '06/01/2022', 'Excluído celular: 867549059941243', 2),
(45, '06/01/2022', 'Excluído celular: 861359052079629', 2),
(46, '06/01/2022', 'Excluído celular: 863667056753801', 2),
(47, '06/01/2022', 'Excluído celular: 867549059915122', 2),
(48, '06/01/2022', 'Excluído celular: 863667056735964', 2),
(49, '06/01/2022', 'Excluído celular: 861359052070669', 2),
(50, '06/01/2022', 'Excluído celular: 861359052082946', 2),
(51, '06/01/2022', 'Excluído celular: 863667057058440', 2),
(52, '06/01/2022', 'Excluído celular: 863667057201941', 2),
(53, '06/01/2022', 'Excluído celular: 864012053141347', 2),
(54, '06/01/2022', 'Excluído celular: 863667057260442', 2),
(55, '06/01/2022', 'Excluído celular: 867549059891489', 2),
(56, '06/01/2022', 'Excluído celular: 867549059883627', 2),
(57, '06/01/2022', 'Excluído celular: 866996057433544', 2),
(58, '06/01/2022', 'Excluído celular: 864012054195169', 2),
(59, '06/01/2022', 'Excluído celular: 861440053968281', 2),
(60, '06/01/2022', 'Excluído celular: 861440054010646', 2),
(61, '06/01/2022', 'Excluído celular: 864012054229182', 2),
(62, '06/01/2022', 'Excluído celular: 861359050193729', 2),
(63, '06/01/2022', 'Excluído celular: 867549059905628', 2),
(64, '06/01/2022', 'Excluído celular: 861359050143567', 2),
(65, '06/01/2022', 'Excluído celular: 864012054215728', 2),
(66, '06/01/2022', 'Excluído celular: 861359050187127', 2),
(67, '06/01/2022', 'Excluído celular: 868140052269227', 2),
(68, '06/01/2022', 'Excluído celular: 869236056289069', 2),
(69, '06/01/2022', 'Excluído celular: 867549059888527', 2),
(70, '06/01/2022', 'Excluído celular: 863667057569800', 2),
(71, '06/01/2022', 'Excluído celular: 864012053140505', 2),
(72, '06/01/2022', 'Excluído celular: 869236056289440', 2),
(73, '06/01/2022', 'Excluído celular: 869236057924409', 2),
(74, '06/01/2022', 'Excluído celular: 864012053139325', 2),
(75, '06/01/2022', 'Excluído celular: 864012053145686', 2),
(76, '06/01/2022', 'Excluído celular: 867549059906485', 2),
(77, '06/01/2022', 'Excluído celular: 863667057256903', 2),
(78, '06/01/2022', 'Excluído celular: 861359052084108', 2),
(79, '06/01/2022', 'Excluído celular: 861359052083365', 2),
(80, '06/01/2022', 'Alterada celular: 864012054195169', 2),
(81, '06/01/2022', 'Reemitir termo:70', 5),
(82, '06/01/2022', 'Alterar Emprestimo, para: MAGNUS TADEU LEON BORDES , aparelho: SMARTPHONES , imei: 352403090246380 chip: 89550644139000020921', 2),
(83, '06/01/2022', 'Alterar Emprestimo, para: JULIO CESAR GONÇALVES , aparelho: SMARTPHONES , imei: 352403090235870 chip: 89550644139000020483', 2),
(84, '06/01/2022', 'Alterar Emprestimo, para: JULIO CESAR GONÇALVES , aparelho: SMARTPHONES , imei: 352403090235870 chip: 89550644139000020483', 2),
(85, '06/01/2022', 'Alterar Emprestimo, para: JULIO CESAR GONÇALVES , aparelho: SMARTPHONES , imei: 352403090235870 chip: 89550644139000020483', 2),
(86, '07/01/2022', 'Reemitir termo:70', 2),
(87, '10/01/2022', 'Cadatrado chip: 89550641239', 5),
(88, '10/01/2022', 'Alterada chip: 895506412399', 2),
(89, '10/01/2022', 'Alterada chip: 89550641239', 2),
(90, '10/01/2022', 'Alterada chip: 8955064123900004562239', 2),
(91, '10/01/2022', 'Alterada chip: 8955064123900004562239', 2),
(92, '10/01/2022', 'Excluído chip: 89550641239', 2),
(93, '10/01/2022', 'Novo Emprestimo, para: TANIA MARA ASSUMPÇÃO DE OLIVEIRA , aparelho: SMARTPHONES , imei: 352403090234022 chip: 8955064123900004562239', 5),
(94, '10/01/2022', 'Receber Emprestimo, código: 71', 5),
(95, '10/01/2022', 'Reemitir termo:71', 5),
(96, '10/01/2022', 'Reemitir termo:71', 2),
(97, '10/01/2022', 'Reemitir termo:71', 2),
(98, '10/01/2022', 'Reemitir termo:71', 2),
(99, '10/01/2022', 'Reemitir termo:70', 2),
(100, '10/01/2022', 'Reemitir termo:71', 2),
(101, '10/01/2022', 'Reemitir termo:69', 2),
(102, '10/01/2022', 'Reemitir termo:71', 2),
(103, '10/01/2022', 'Reemitir termo:71', 2),
(104, '10/01/2022', 'Reemitir termo:70', 2),
(105, '10/01/2022', 'Reemitir termo:71', 2),
(106, '10/01/2022', 'Reemitir termo:71', 5),
(107, '10/01/2022', 'Reemitir termo:62', 5),
(108, '10/01/2022', 'Reemitir termo:62', 5),
(109, '10/01/2022', 'Reemitir termo:71', 2),
(110, '10/01/2022', 'Reemitir termo:70', 2),
(111, '10/01/2022', 'Reemitir termo:69', 2),
(112, '10/01/2022', 'Reemitir termo:71', 2),
(113, '10/01/2022', 'Reemitir termo:68', 2),
(114, '11/01/2022', 'Reemitir termo:70', 2),
(115, '11/01/2022', 'Reemitir termo:63', 2),
(116, '11/01/2022', 'Reemitir termo:71', 5),
(117, '11/01/2022', 'Excluído Emprestimo, código: 71', 5),
(118, '11/01/2022', 'Novo Emprestimo, para: TANIA MARA ASSUMPÇÃO DE OLIVEIRA , aparelho:  , imei:  chip: 8955064123900004562239', 5),
(119, '11/01/2022', 'Reemitir termo:72', 2),
(120, '11/01/2022', 'Reemitir termo:70', 2),
(121, '11/01/2022', 'Reemitir termo:72', 2),
(122, '11/01/2022', 'Reemitir termo:70', 2),
(123, '11/01/2022', 'Reemitir termo:72', 2),
(124, '11/01/2022', 'Reemitir termo:72', 2),
(125, '11/01/2022', 'Cadatrado chip: 89550641139000041698', 5),
(126, '11/01/2022', 'Excluído celular: 352403090389669', 5),
(127, '11/01/2022', 'Cadatrado novo funcionário: JULIO CESAR PACHECO DOS SANTOS', 5),
(128, '11/01/2022', 'Novo Emprestimo, para: JULIO CESAR PACHECO DOS SANTOS , aparelho: SMARTPHONES , imei: 352403090389669 chip: 89550641139000041698', 5),
(129, '11/01/2022', 'Reemitir termo:73', 5),
(130, '11/01/2022', 'Reemitir termo:73', 5),
(131, '11/01/2022', 'Reemitir termo:73', 2),
(132, '11/01/2022', 'Alterar Emprestimo, para: JULIO CESAR PACHECO DOS SANTOS , aparelho: SMARTPHONES , imei: 352403090389669 chip: 89550641139000041698', 2),
(133, '11/01/2022', 'Reemitir termo:73', 2),
(134, '11/01/2022', 'Alterada chip: 89550641139000041698', 5),
(135, '12/01/2022', 'Novo Emprestimo, para: EUNOQUE SALUSTIANO DE MELLO , aparelho: SMARTPHONES , imei: 867549059905008 chip: 89550641239000128006', 5),
(136, '12/01/2022', 'Excluído chip: 89550641139000041938', 5),
(137, '12/01/2022', 'Cadatrado novo funcionário: JOSE CORDEIRO', 5),
(138, '12/01/2022', 'Novo Emprestimo, para: JOSE CORDEIRO , aparelho: SMARTPHONES , imei: 864012053141685 chip: 89550641139000041938', 5),
(139, '12/01/2022', 'Cadatrado chip: 89550641139000041631', 5),
(140, '12/01/2022', 'Cadatrado novo funcionário: MARCELO RUMOR', 5),
(141, '12/01/2022', 'Novo Emprestimo, para: MARCELO RUMOR , aparelho: SMARTPHONES , imei: 864012053155420 chip: 89550641139000041631', 5),
(142, '13/01/2022', 'Reemitir termo:76', 2),
(143, '13/01/2022', 'Alterar Emprestimo, para: JULIO CESAR GONÇALVES , aparelho: SMARTPHONES , imei: 352403090235870 chip: 89550644139000020483', 2),
(144, '13/01/2022', 'Reemitir termo:70', 2),
(145, '13/01/2022', 'Reemitir termo:76', 2),
(146, '13/01/2022', 'Alterar Emprestimo, para: MARCELO RUMOR , aparelho: SMARTPHONES , imei: 864012053155420 chip: 89550641139000041631', 5),
(147, '13/01/2022', 'Alterar Emprestimo, para: MARCELO RUMOR , aparelho: SMARTPHONES , imei: 864012053155420 chip: 89550641139000041631', 5),
(148, '13/01/2022', 'Alterar Emprestimo, para: JOSE CORDEIRO , aparelho: SMARTPHONES , imei: 864012053141685 chip: 89550641139000041938', 2),
(149, '13/01/2022', 'Alterada chip: 89550641239000045622', 5),
(150, '13/01/2022', 'Alterada chip: 89550644139000020533', 5),
(151, '13/01/2022', 'Alterada chip: 89550644139000020533', 5),
(152, '13/01/2022', 'Cadatrado novo funcionário: ANDERSON THIAGO ATANAZO', 5),
(153, '13/01/2022', 'Cadatrado novo funcionário: IVAN DANIEL DE JESUS CUNHA', 5),
(154, '13/01/2022', 'Cadatrado chip: 89550641139000041821', 5),
(155, '13/01/2022', 'Novo Emprestimo, para: ANDERSON THIAGO ATANAZO , aparelho: SMARTPHONES , imei: 864012054203989 chip: 89550641239000146081', 5),
(156, '13/01/2022', 'Novo Emprestimo, para: IVAN DANIEL DE JESUS CUNHA , aparelho: SMARTPHONES , imei: 867549059882520 chip: 89550644139000020764', 5),
(157, '13/01/2022', 'Novo Emprestimo, para: CARLOS GELSON SUOTA , aparelho: SMARTPHONES , imei: 864012054199187 chip: 89550641139000041821', 5),
(158, '13/01/2022', 'Reemitir termo:79', 2),
(159, '14/01/2022', 'Reemitir termo:77', 5),
(160, '14/01/2022', 'Alterar Emprestimo, para: CARLOS GELSON SUOTA , aparelho: SMARTPHONES , imei: 864012054199187 chip: 18.523.554-8', 2),
(161, '14/01/2022', 'Alterar Emprestimo, para: IVAN DANIEL DE JESUS CUNHA , aparelho: SMARTPHONES , imei: 867549059882520 chip: 18.523.523-8', 2),
(162, '14/01/2022', 'Alterar Emprestimo, para: ANDERSON THIAGO ATANAZO , aparelho: SMARTPHONES , imei: 864012054203989 chip: 18.523.441-0', 2),
(163, '14/01/2022', 'Alterar Emprestimo, para: MARCELO RUMOR , aparelho: SMARTPHONES , imei: 864012053155420 chip: 18.517.673-8', 2),
(164, '14/01/2022', 'Alterar Emprestimo, para: JOSE CORDEIRO , aparelho: SMARTPHONES , imei: 864012053141685 chip: 18.517.533-2', 2),
(165, '14/01/2022', 'Alterar Emprestimo, para: EUNOQUE SALUSTIANO DE MELLO , aparelho: SMARTPHONES , imei: 867549059905008 chip: 18.515.273-1', 2),
(166, '14/01/2022', 'Alterar Emprestimo, para: JULIO CESAR PACHECO DOS SANTOS , aparelho: SMARTPHONES , imei: 352403090389669 chip: 18.513.650-7', 2),
(167, '14/01/2022', 'Alterar Emprestimo, para: TANIA MARA ASSUMPÇÃO DE OLIVEIRA , aparelho:  , imei:  chip: 18.507.558-3', 2),
(168, '14/01/2022', 'Cadatrado novo funcionário: FLAVIO GAIER', 5),
(169, '14/01/2022', 'Novo Emprestimo, para: FLAVIO GAIER , aparelho: SMARTPHONES , imei: 861359052079629 chip: 89.550.641-2', 5),
(170, '14/01/2022', 'Cadatrado novo funcionário: DANIEL SUTIL DE OLIVEIRA', 5),
(171, '14/01/2022', 'Novo Emprestimo, para: DANIEL SUTIL DE OLIVEIRA , aparelho: SMARTPHONES , imei: 869819050505349 chip: 18.525.947-1', 5),
(172, '14/01/2022', 'Reemitir termo:81', 2),
(173, '14/01/2022', 'Reemitir termo:80', 2),
(174, '14/01/2022', 'Cadatrado chip: 89550641139000041474', 5),
(175, '14/01/2022', 'Cadatrado novo funcionário: DANIEL ALVES DOS SANTOS', 5),
(176, '14/01/2022', 'Novo Emprestimo, para: DANIEL ALVES DOS SANTOS , aparelho: SMARTPHONES , imei: 863667057180723 chip: 18.526.409-2', 5),
(177, '17/01/2022', 'Cadatrado novo funcionário: VALDIR PEREIRA DE FREITAS', 5),
(178, '17/01/2022', 'Novo Emprestimo, para: VALDIR PEREIRA DE FREITAS , aparelho: SMARTPHONES , imei: 867549059941243 chip: 18.529.768-3', 5),
(179, '17/01/2022', 'Cadatrado novo funcionário: FARID GELASCO MALSCHITZKY', 5),
(180, '17/01/2022', 'Alterar funcionário: VALDIR PEREIRA DE FREITAS', 5),
(181, '17/01/2022', 'Cadatrado novo funcionário: CARLOS ALBERTO BRITO', 5),
(182, '17/01/2022', 'Novo Emprestimo, para: CARLOS ALBERTO BRITO , aparelho: SMARTPHONES , imei: 861440053968281 chip: 18.531.677-7', 5),
(183, '17/01/2022', 'Cadastrar nova usuario: FERNANDO MAURICIO IMTHURM', 2),
(184, '17/01/2022', 'Alterada usuario: FERNANDO MAURICIO IMTHURM', 2),
(185, '17/01/2022', 'Alterada chip: 89550641239000146156', 8),
(186, '17/01/2022', 'Excluído celular: 352095090910781', 8),
(187, '17/01/2022', 'Cadatrado novo funcionário: FERNANDO MAURICIO IMTHURM', 8),
(188, '17/01/2022', 'Cadastrar nova usuario: JOÃO PEDRO', 2),
(189, '17/01/2022', 'Novo Emprestimo, para: FERNANDO MAURICIO IMTHURM , aparelho: SMARTPHONES , imei: 352095090910781 chip: 89.550.641-2', 8),
(190, '17/01/2022', 'Alterar Emprestimo, para: FERNANDO MAURICIO IMTHURM , aparelho: SMARTPHONES , imei: 352095090910781 chip: 18.533.039-7', 8),
(191, '17/01/2022', 'Reemitir termo:85', 8),
(192, '17/01/2022', 'Cadatrado chip: 7898602911205', 8),
(193, '17/01/2022', 'Excluído chip: 7898602911205', 8),
(194, '17/01/2022', 'Alterada chip: 89550641139000041136', 8),
(195, '17/01/2022', 'Alterar Emprestimo, para: CARLOS ALBERTO BRITO , aparelho: SMARTPHONES , imei: 861440053968281 chip: 18.531.677-7', 8),
(196, '17/01/2022', 'Reemitir termo:84', 8),
(197, '18/01/2022', 'Reemitir termo:82', 2),
(198, '18/01/2022', 'Reemitir termo:85', 5),
(199, '18/01/2022', 'Reemitir termo:81', 2),
(200, '18/01/2022', 'Excluído chip: 89550641239000085982', 5),
(201, '18/01/2022', 'Novo Emprestimo, para: EDSON MAIA , aparelho: SMARTPHONES , imei: 863667056753801 chip: 18.536.839-4', 5),
(202, '19/01/2022', 'Alterada celular: 352403090246380', 2),
(203, '19/01/2022', 'Alterada celular: 352095090910781', 2),
(204, '19/01/2022', 'Alterada celular: 352403090389669', 2),
(205, '19/01/2022', 'Alterada celular: 861440053968281', 2),
(206, '19/01/2022', 'Alterada celular: 863667056753801', 2),
(207, '19/01/2022', 'Alterada celular: 861359052079629', 2),
(208, '19/01/2022', 'Alterada celular: 864012053141685', 2),
(209, '19/01/2022', 'Alterada celular: 352403090235870', 2),
(210, '19/01/2022', 'Alterada celular: 867549059882520', 2),
(211, '19/01/2022', 'Alterada celular: 864012053155420', 2),
(212, '19/01/2022', 'Alterada celular: 864012054199187', 2),
(213, '19/01/2022', 'Alterada celular: 867549059905008', 2),
(214, '19/01/2022', 'Alterada celular: 869819050505349', 2),
(215, '19/01/2022', 'Alterada celular: 864012054203989', 2),
(216, '19/01/2022', 'Alterada celular: 863667057180723', 2),
(217, '19/01/2022', 'Alterada celular: 867549059941243', 2),
(218, '19/01/2022', 'Cadatrado novo funcionário: ROOSEVELT MARCIO STAES', 8),
(219, '19/01/2022', 'Cadatrado novo funcionário: IVO ANDRE MARTINS RODRIGUES', 8),
(220, '19/01/2022', 'Cadatrado novo funcionário: FLAVIO WILLIAM PROPST', 8),
(221, '19/01/2022', 'Novo Emprestimo, para: FLAVIO WILLIAM PROPST , aparelho: SMARTPHONES , imei: 861359052082946 chip:   .   .   - ', 8),
(222, '19/01/2022', 'Novo Emprestimo, para: IVO ANDRE MARTINS RODRIGUES , aparelho: SMARTPHONES , imei: 866996057433544 chip:   .   .   - ', 8),
(223, '20/01/2022', 'Reemitir termo:87', 2),
(224, '20/01/2022', 'Reemitir termo:81', 2),
(225, '20/01/2022', 'Alterar Emprestimo, para: FLAVIO WILLIAM PROPST , aparelho: SMARTPHONES , imei: 861359052082946 chip: 18.542.918-0', 8),
(226, '20/01/2022', 'Alterar Emprestimo, para: IVO ANDRE MARTINS RODRIGUES , aparelho: SMARTPHONES , imei: 866996057433544 chip: 18.543.002-2', 8),
(227, '20/01/2022', 'Cadatrado novo funcionário: MARCELO DANTAS LEITE', 8),
(228, '20/01/2022', 'Cadatrado novo funcionário: CLAUDIOMIRO GARBIN', 8),
(229, '20/01/2022', 'Novo Emprestimo, para: MARCELO DANTAS LEITE , aparelho: SMARTPHONES , imei: 861359052084108 chip: 18.548.024-0', 8),
(230, '21/01/2022', 'Novo Emprestimo, para: CLAUDIOMIRO GARBIN , aparelho: SMARTPHONES , imei: 869236057924409 chip: 18.549.175-7', 8),
(231, '21/01/2022', 'Alterada chip: 89550644139000020418', 2),
(232, '21/01/2022', 'Alterada chip: 89550641139000041052', 2),
(233, '21/01/2022', 'Alterada chip: 89550640439003724055', 2),
(234, '21/01/2022', 'Cadatrado nova marca: SAMSUNG GALAXY A32', 2),
(235, '21/01/2022', 'Excluído celular: 350784342242489', 2),
(236, '21/01/2022', 'Novo Emprestimo, para: CAMILA REGINA FURLAN , aparelho: SMARTPHONES , imei: 861359052083365 chip:   .   .   - ', 2),
(237, '21/01/2022', 'Novo Emprestimo, para: CAMILA REGINA FURLAN , aparelho: SMARTPHONES , imei: 350784342242489 chip:   .   .   - ', 2),
(238, '21/01/2022', 'Reemitir termo:84', 5),
(239, '21/01/2022', 'Cadatrado novo funcionário: MAURI VIEIRA', 8),
(240, '21/01/2022', 'Cadatrado novo funcionário: JONATHAN SIQUEIRA RODRIGUES', 8),
(241, '21/01/2022', 'Novo Emprestimo, para: JONATHAN SIQUEIRA RODRIGUES , aparelho: SMARTPHONES , imei: 861359050143567 chip: 18.550.191-4', 8),
(242, '21/01/2022', 'Novo Emprestimo, para: MAURI VIEIRA , aparelho: SMARTPHONES , imei: 869236056289069 chip: 18.550.327-5', 8),
(243, '21/01/2022', 'Reemitir termo:90', 2),
(244, '21/01/2022', 'Alterar funcionário: BIANCA CARVALHO DORNELLES DA GRAÇA', 2),
(245, '21/01/2022', 'Alterar Emprestimo, para: CAMILA REGINA FURLAN , aparelho: SMARTPHONES , imei: 350784342242489 chip:   .   .   - ', 2),
(246, '25/01/2022', 'Alterado categoria: SMARTPHONE', 2),
(247, '25/01/2022', 'Reemitir termo:76', 5),
(248, '25/01/2022', 'Alterada usuario: JOÃO PEDRO', 5),
(338, '26/01/2022', 'Reemitir termo:72', 2),
(339, '26/01/2022', 'Reemitir termo:81', 2),
(340, '26/01/2022', 'Reemitir termo:88', 2),
(341, '26/01/2022', 'Reemitir termo:92', 2),
(342, '26/01/2022', 'Reemitir termo:90', 2),
(343, '26/01/2022', 'Reemitir termo:73', 2),
(344, '26/01/2022', 'Reemitir termo:92', 2),
(345, '26/01/2022', 'Reemitir termo:73', 2),
(346, '26/01/2022', 'Alterar Emprestimo, para: JONATHAN SIQUEIRA RODRIGUES , aparelho: SMARTPHONE , imei: 861359050143567 chip: 18.550.191-4', 2),
(347, '26/01/2022', 'Reemitir termo:94', 2),
(348, '26/01/2022', 'Alterar Emprestimo, para: JONATHAN SIQUEIRA RODRIGUES , aparelho: SMARTPHONE , imei: 861359050143567 chip: 18.550.191-4', 2),
(349, '26/01/2022', 'Reemitir termo:93', 2),
(350, '26/01/2022', 'Alterar Emprestimo, para: MAURI VIEIRA , aparelho: SMARTPHONE , imei: 869236056289069 chip: 18.550.327-5', 2),
(351, '26/01/2022', 'Alterar Emprestimo, para: TANIA MARA ASSUMPÇÃO DE OLIVEIRA , aparelho:  , imei:  chip: 18.507.558-3', 2),
(352, '26/01/2022', 'Alterar Emprestimo, para: TANIA MARA ASSUMPÇÃO DE OLIVEIRA , aparelho:  , imei:  chip: 18.507.558-3', 2),
(353, '26/01/2022', 'Alterar Emprestimo, para: FERNANDO MAURICIO IMTHURM , aparelho: SMARTPHONE , imei: 352095090910781 chip: 18.533.039-7', 2),
(354, '26/01/2022', 'Alterar Emprestimo, para: CAMILA REGINA FURLAN , aparelho: SMARTPHONE , imei: 350784342242489 chip:   .   .   - ', 2),
(355, '26/01/2022', 'Alterar Emprestimo, para: CAMILA REGINA FURLAN , aparelho: SMARTPHONE , imei: 350784342242489 chip:   .   .   - ', 2),
(356, '26/01/2022', 'Alterar Emprestimo, para: TANIA MARA ASSUMPÇÃO DE OLIVEIRA , aparelho:  , imei:  chip: 18.507.558-3', 2),
(357, '26/01/2022', 'Reemitir termo:92', 2),
(358, '26/01/2022', 'Alterar Emprestimo, para: PAULO SERGIO BUZANELLO , aparelho: SMARTPHONE , imei: 352403090246018 chip:   .   .   - ', 2),
(359, '26/01/2022', 'Alterar Emprestimo, para: EUNOQUE SALUSTIANO DE MELLO , aparelho: SMARTPHONE , imei: 867549059905008 chip: 18.515.273-1', 2),
(360, '26/01/2022', 'Alterar Emprestimo, para: PAULO SERGIO BUZANELLO , aparelho: SMARTPHONE , imei: 352403090246018 chip:   .   .   - ', 2),
(361, '27/01/2022', 'Reemitir termo:72', 2),
(362, '27/01/2022', 'Cadatrado novo funcionário: NOELI VAZ ARTIGAS', 8),
(363, '27/01/2022', 'Cadatrado novo funcionário: ROSANI COSTA MORAIS', 8),
(364, '27/01/2022', 'Alterar funcionário: NOELI VAZ ARTIGAS', 8),
(365, '27/01/2022', 'Reemitir termo:94', 2),
(366, '27/01/2022', 'Alterado categoria: ASSESSOR(A)', 2),
(367, '27/01/2022', 'Alterado categoria: TÉCNICO', 2),
(368, '27/01/2022', 'Cadatrado novo funcionário: OTONIE', 2),
(369, '27/01/2022', 'Excluído funcionário: OTONIE', 2),
(370, '27/01/2022', 'Reemitir termo:78', 2),
(371, '27/01/2022', 'Cadatrado chip: 89550641239000045663', 8),
(372, '27/01/2022', 'Novo Emprestimo, para: NOELI VAZ ARTIGAS , aparelho: SMARTPHONE , imei: 867549059891489 chip: 18.572.645-2', 8),
(373, '27/01/2022', 'Cadatrado novo funcionário: ABEL', 2),
(374, '27/01/2022', 'Alterar funcionário: ABEL', 2),
(375, '27/01/2022', 'Reemitir termo:76', 2),
(376, '27/01/2022', 'Reemitir termo:73', 2),
(377, '27/01/2022', 'Reemitir termo:67', 2),
(378, '27/01/2022', 'Reemitir termo:92', 2),
(379, '27/01/2022', 'Reemitir termo:67', 2),
(380, '27/01/2022', 'Reemitir termo:67', 2),
(381, '27/01/2022', 'Reemitir termo:67', 2),
(382, '27/01/2022', 'Reemitir termo:79', 2),
(383, '27/01/2022', 'Reemitir termo:72', 2),
(384, '27/01/2022', 'Reemitir termo:80', 2),
(385, '27/01/2022', 'Reemitir termo:92', 2),
(386, '27/01/2022', 'Reemitir termo:104', 2),
(387, '27/01/2022', 'Reemitir termo:72', 2),
(388, '27/01/2022', 'Reemitir termo:78', 2),
(389, '27/01/2022', 'Reemitir termo:78', 2),
(390, '27/01/2022', 'Reemitir termo:90', 2),
(391, '27/01/2022', 'Reemitir termo:89', 2),
(392, '27/01/2022', 'Reemitir termo:94', 2),
(393, '27/01/2022', 'Reemitir termo:89', 2),
(394, '27/01/2022', 'Reemitir termo:74', 2),
(395, '27/01/2022', 'Reemitir termo:76', 2),
(396, '27/01/2022', 'Reemitir termo:72', 2),
(397, '27/01/2022', 'Reemitir termo:77', 2),
(398, '27/01/2022', 'Reemitir termo:92', 2),
(399, '27/01/2022', 'Reemitir termo:91', 2),
(400, '27/01/2022', 'Reemitir termo:72', 2),
(401, '27/01/2022', 'Reemitir termo:86', 2),
(402, '27/01/2022', 'Reemitir termo:80', 2),
(403, '27/01/2022', 'Reemitir termo:64', 2),
(404, '27/01/2022', 'Reemitir termo:86', 2),
(406, '28/01/2022', 'Alterado cargo: SECRETÁRIA', 2),
(407, '28/01/2022', 'Excluído celular: 352403090224973', 8),
(408, '28/01/2022', 'Cadatrado chip: 89550641139000041128', 8),
(409, '28/01/2022', 'Cadatrado chip: 89550641139000041029', 8),
(410, '28/01/2022', 'Novo Emprestimo, para: ROSANI COSTA MORAIS , aparelho: SMARTPHONE , imei: 864012053141347 chip: 18.577.343-4', 8),
(411, '28/01/2022', 'Alterar Emprestimo, para: JULIO CESAR GONÇALVES , aparelho: SMARTPHONE , imei: 352403090235870 chip:   .   .   - ', 2),
(412, '28/01/2022', 'Alterar Emprestimo, para: MAGNUS TADEU LEON BORDES , aparelho: SMARTPHONE , imei: 352403090246380 chip:   .   .   - ', 2),
(413, '28/01/2022', 'Alterar Emprestimo, para: GUSTAVO ANTONIO MORAES DE JESUS , aparelho: SMARTPHONE , imei: 352403090234758 chip:   .   .   - ', 2),
(414, '28/01/2022', 'Alterar Emprestimo, para: EVERTON FRANCISCO DA SILVA MELHADO , aparelho: SMARTPHONE , imei: 352403090245952 chip:   .   .   - ', 2),
(415, '28/01/2022', 'Alterar Emprestimo, para: DIOGO VICENTE GALLEGO , aparelho: SMARTPHONE , imei: 352403090236266 chip:   .   .   - ', 2),
(416, '28/01/2022', 'Alterar Emprestimo, para: ADENILSON CATUZO DA SILVA  , aparelho: SMARTPHONE , imei: 352403090235367 chip:   .   .   - ', 2),
(417, '28/01/2022', 'Alterar Emprestimo, para: SANTA MARGARIDA LOPES ROSSANO , aparelho: SMARTPHONE , imei: 352403090233990 chip:   .   .   - ', 2),
(418, '28/01/2022', 'Reemitir termo:66', 2),
(419, '28/01/2022', 'Reemitir termo:70', 2),
(420, '28/01/2022', 'Reemitir termo:94', 2),
(421, '28/01/2022', 'Reemitir termo:80', 2),
(422, '28/01/2022', 'Reemitir termo:70', 2),
(423, '28/01/2022', 'Reemitir termo:105', 2),
(424, '28/01/2022', 'Reemitir termo:92', 2),
(425, '31/01/2022', 'Cadatrado novo funcionário: WELINGTON DIONATA TONEZE', 8),
(426, '31/01/2022', 'Novo Emprestimo, para: WELINGTON DIONATA TONEZE , aparelho: SMARTPHONE , imei: 352403090246000 chip: 18.580.966-8', 8),
(427, '31/01/2022', 'Reemitir termo:94', 2),
(428, '31/01/2022', 'Alterada usuario: OTONIEL AMANCIO ALVES', 9),
(429, '31/01/2022', 'Alterar funcionário: FARID GELASCO MALSCHITZKY', 9),
(430, '31/01/2022', 'Reemitir termo:73', 2),
(431, '31/01/2022', 'Reemitir termo:81', 2),
(432, '31/01/2022', 'Cadatrado novo funcionário: OTONIEL AMANCIO ALVES', 9),
(433, '31/01/2022', 'Reemitir termo:90', 2),
(434, '31/01/2022', 'Cadatrado chip: 89550641239000081111', 9),
(435, '31/01/2022', 'Reemitir termo:76', 2),
(436, '31/01/2022', 'Excluído chip: 89550641239000081111', 9),
(437, '31/01/2022', 'Excluído funcionário: OTONIEL AMANCIO ALVES', 9),
(438, '31/01/2022', 'Reemitir termo:76', 2),
(440, '31/01/2022', 'Alterada chip: 89550641239000085651', 9),
(441, '31/01/2022', 'Excluído celular: 356453109571111', 9),
(442, '31/01/2022', 'Cadatrado novo funcionário: OTONIEL AMANCIO ALVES', 9),
(443, '31/01/2022', 'Cadatrado chip: 89550641239000081111', 9),
(444, '31/01/2022', 'Reemitir termo:90', 2),
(445, '31/01/2022', 'Reemitir termo:80', 2),
(446, '31/01/2022', 'Reemitir termo:93', 2),
(447, '31/01/2022', 'Reemitir termo:88', 2),
(448, '31/01/2022', 'Reemitir termo:76', 2),
(449, '31/01/2022', 'Reemitir termo:80', 2),
(450, '31/01/2022', 'Reemitir termo:87', 2),
(451, '31/01/2022', 'Reemitir termo:87', 2),
(452, '31/01/2022', 'Reemitir termo:90', 2),
(453, '31/01/2022', 'Reemitir termo:77', 2),
(454, '31/01/2022', 'Reemitir termo:66', 2),
(455, '31/01/2022', 'Reemitir termo:70', 2),
(456, '31/01/2022', 'Reemitir termo:77', 2),
(457, '31/01/2022', 'Reemitir termo:90', 2),
(458, '31/01/2022', 'Reemitir termo:74', 2),
(459, '31/01/2022', 'Reemitir termo:75', 2),
(460, '31/01/2022', 'Reemitir termo:88', 2),
(461, '31/01/2022', 'Reemitir termo:90', 2),
(462, '31/01/2022', 'Reemitir termo:84', 2),
(463, '31/01/2022', 'Reemitir termo:106', 2),
(464, '31/01/2022', 'Reemitir termo:79', 2),
(465, '31/01/2022', 'Reemitir termo:76', 2),
(466, '31/01/2022', 'Reemitir termo:86', 2),
(467, '31/01/2022', 'Reemitir termo:94', 2),
(468, '31/01/2022', 'Cadatrado novo funcionário: MARCOS BARBOSA DA SILVA', 8),
(469, '31/01/2022', 'Novo Emprestimo, para: MARCOS BARBOSA DA SILVA , aparelho: SMARTPHONE , imei: 352403090387564 chip: 18.583.670-3', 8),
(470, '31/01/2022', 'Reemitir termo:72', 2),
(471, '31/01/2022', 'Reemitir termo:90', 2),
(472, '31/01/2022', 'Reemitir termo:74', 2),
(473, '31/01/2022', 'Reemitir termo:77', 2),
(474, '31/01/2022', 'Reemitir termo:107', 2),
(475, '31/01/2022', 'Excluir Funcionario: ABEL', 2),
(476, '01/02/2022', 'Cadatrado novo funcionário: RENATA GISELE AGUIAR KONOSHITS DE LIMA', 8),
(477, '01/02/2022', 'Cadatrado novo funcionário: ANDRE RICARDO DOS SANTOS', 8),
(478, '01/02/2022', 'Cadatrado novo funcionário: SERGIO TECO DOS SANTOS', 8),
(479, '02/02/2022', 'Novo Emprestimo, para: REGIANI JUCIANI LACERDA , aparelho: SMARTPHONE , imei: 864012053145686 chip: 18.591.455-0', 8),
(480, '02/02/2022', 'Alterar funcionário: RENATA GISELE AGUIAR KINOSHITA DE LIMA', 8),
(481, '02/02/2022', 'Novo Emprestimo, para: RENATA GISELE AGUIAR KINOSHITA DE LIMA , aparelho: SMARTPHONE , imei: 863667057569800 chip: 18.591.745-2', 8),
(482, '02/02/2022', 'Cadatrado novo funcionário: JOAO DORIVAL ROGGE', 5),
(483, '02/02/2022', 'Receber Emprestimo, código: 73', 5),
(484, '02/02/2022', 'Novo Emprestimo, para: SERGIO TECO DOS SANTOS , aparelho: SMARTPHONE , imei: 863667057058440 chip: 18.592.194-8', 8),
(485, '02/02/2022', 'Novo Emprestimo, para: JOAO DORIVAL ROGGE , aparelho: SMARTPHONE , imei: 352403090389669 chip: 18.513.650-7', 5),
(486, '02/02/2022', 'Excluído chip: 89550641239000128584', 5),
(487, '02/02/2022', 'Novo Emprestimo, para: ANDRE RICARDO DOS SANTOS , aparelho: SMARTPHONE , imei: 867549059905628 chip: 18.592.489-0', 8),
(488, '02/02/2022', 'Alterada chip: 89550641239000081111', 9),
(489, '02/02/2022', 'Cadatrado novo funcionário: VAL MARTINS', 8),
(490, '02/02/2022', 'Novo Emprestimo, para: VAL MARTINS , aparelho: SMARTPHONE , imei: 864012053139325 chip: 18.594.797-3', 8),
(491, '02/02/2022', 'Cadatrado chip: 89550641139000041607', 8),
(492, '02/02/2022', 'Alterar Emprestimo, para: VAL MARTINS , aparelho: SMARTPHONE , imei: 864012053139325 chip: 18.594.797-3', 8),
(493, '03/02/2022', 'Alterar Emprestimo, para: DANIEL SUTIL DE OLIVEIRA , aparelho: SMARTPHONE , imei: 869819050505349 chip: 18.525.947-1', 8),
(494, '03/02/2022', 'Excluído chip: 89550641239000085156', 8),
(495, '03/02/2022', 'Excluído chip: 89550641139000041128', 8),
(496, '03/02/2022', 'Excluído chip: 89550641139000041128', 8),
(497, '03/02/2022', 'Alterada chip: 89550641139000041128', 8),
(498, '04/02/2022', 'Novo Emprestimo, para: EDSON MAIA , aparelho: SMARTPHONE , imei: 863667056735964 chip: 18.601.267-4', 8),
(499, '04/02/2022', 'Alterar funcionário: EDUARDO ANTONIEVICZ', 8),
(500, '04/02/2022', 'Cadatrado chip: 9000020046', 8),
(501, '04/02/2022', 'Novo Emprestimo, para: EDUARDO ANTONIEVICZ , aparelho:  , imei:  chip:   .   .   - ', 8),
(502, '04/02/2022', 'Cadatrado chip: 9000020301', 8),
(503, '04/02/2022', 'Novo Emprestimo, para: EDUARDO ANTONIEVICZ , aparelho:  , imei:  chip:   .   .   - ', 8),
(504, '08/02/2022', 'Excluído chip: 89550641239000196987', 8),
(505, '08/02/2022', 'Cadatrado novo funcionário:  JANINE DE SOUZA CEYLAN', 8),
(506, '08/02/2022', 'Cadatrado novo funcionário:  IRAN APARECIDO PARDINHO', 8),
(507, '08/02/2022', 'Cadatrado novo funcionário: CÉLIO YOSHIO NAGANAWA', 8),
(508, '08/02/2022', 'Cadatrado novo funcionário:  EVERTON RODRIGO DA SILVA', 8),
(509, '08/02/2022', 'Novo Emprestimo, para:  IRAN APARECIDO PARDINHO , aparelho: SMARTPHONE , imei: 861359050193729 chip: 18.613.035-9', 8),
(510, '08/02/2022', 'Novo Emprestimo, para:  JANINE DE SOUZA CEYLAN , aparelho: SMARTPHONE , imei: 869236056289440 chip: 18.613.180-0', 8),
(511, '08/02/2022', 'Novo Emprestimo, para: CÉLIO YOSHIO NAGANAWA , aparelho: SMARTPHONE , imei: 864012054229182 chip: 18.613.334-0', 8),
(512, '08/02/2022', 'Novo Emprestimo, para: EVERTON RODRIGO DA SILVA , aparelho: SMARTPHONE , imei: 867549059888527 chip: 18.613.423-0', 8),
(513, '08/02/2022', 'Receber Emprestimo, código: 86', 8),
(514, '08/02/2022', 'Alterar Emprestimo, para: EDSON MAIA , aparelho: SMARTPHONE , imei: 863667056735964 chip: 18.601.267-4', 8),
(515, '08/02/2022', 'Reemitir termo:114', 8),
(516, '09/02/2022', 'Cadatrado novo funcionário: MARCIA TAFAREL CARBONI', 8),
(517, '09/02/2022', 'Novo Emprestimo, para: MARCIA TAFAREL CARBONI , aparelho: SMARTPHONE , imei: 352403090394610 chip: 18.618.726-1', 8),
(518, '10/02/2022', 'Cadatrado chip: 89550641359000346190', 8),
(519, '10/02/2022', 'Cadatrado novo funcionário: ROSALDO BONNET', 8),
(520, '10/02/2022', 'Novo Emprestimo, para: ROSALDO BONNET , aparelho: SMARTPHONE , imei: 864012053140505 chip: 18.623.076-0', 8),
(521, '10/02/2022', 'Reemitir termo:74', 8),
(522, '10/02/2022', 'Reemitir termo:72', 8),
(523, '11/02/2022', 'Novo Emprestimo, para: JOSÉ ORIMAR ZACARIN , aparelho: SMARTPHONE , imei: 863667057260442 chip: 18.627.675-2', 8),
(524, '11/02/2022', 'Cadatrado novo funcionário: FABRICIO AUGUSTO BARIANO', 8),
(525, '11/02/2022', 'Cadatrado novo funcionário: DOUGLAS DOS SANTOS BATISTA', 8),
(526, '11/02/2022', 'Cadatrado novo funcionário: ROGERIO LAUTENSCHLAGER AMBROSIO', 8),
(527, '11/02/2022', 'Cadatrado novo funcionário: ERICK ANASTACIO NEHRING', 8),
(528, '11/02/2022', 'Cadatrado novo funcionário: DOUGLAS MATSUMURA', 8),
(529, '11/02/2022', 'Receber Emprestimo, código: 123', 8),
(530, '11/02/2022', 'Novo Emprestimo, para: FABRICIO AUGUSTO BARIANO , aparelho: SMARTPHONE , imei: 863667057260442 chip: 18.627.806-2', 8),
(531, '11/02/2022', 'Novo Emprestimo, para: DOUGLAS DOS SANTOS BATISTA , aparelho: SMARTPHONE , imei: 861440054010646 chip: 18.627.892-5', 8),
(532, '11/02/2022', 'Novo Emprestimo, para: ROGERIO LAUTENSCHLAGER AMBROSIO , aparelho: SMARTPHONE , imei: 861359050187127 chip: 18.628.085-7', 8),
(533, '11/02/2022', 'Novo Emprestimo, para: RAFAEL SALGUEIRO FLORESTA , aparelho: SMARTPHONE , imei: 867549059906485 chip: 18.628.149-7', 8),
(534, '11/02/2022', 'Novo Emprestimo, para: ERICK ANASTACIO NEHRING , aparelho: SMARTPHONE , imei: 864012054195169 chip: 18.628.238-8', 8),
(535, '11/02/2022', 'Alterada celular: 863667056753801', 8),
(536, '11/02/2022', 'Novo Emprestimo, para: OTONIEL AMANCIO ALVES , aparelho: SMARTPHONE , imei: 356453109571111 chip: 18.583.238-4', 9),
(537, '11/02/2022', 'Cadatrado novo funcionário: REGIS MATZENBACHER JUNIOR', 8),
(538, '11/02/2022', 'Novo Emprestimo, para: REGIS MATZENBACHER JUNIOR , aparelho: SMARTPHONE , imei: 863667057256903 chip: 18.630.170-6', 8),
(539, '11/02/2022', 'Cadatrado novo funcionário: JOSÉ OSÓRIO DUARTE', 8),
(540, '11/02/2022', 'Novo Emprestimo, para: JOSÉ OSÓRIO DUARTE , aparelho: SMARTPHONE , imei: 352403090224973 chip: 18.630.708-9', 8),
(541, '15/02/2022', 'Alterar funcionário: TONY AUGUSTO', 9),
(542, '15/02/2022', 'Receber Emprestimo, código: 129', 9),
(543, '15/02/2022', 'Excluído Emprestimo, código: 129', 9),
(544, '15/02/2022', 'Excluído Emprestimo, código: 129', 9),
(545, '15/02/2022', 'Novo Emprestimo, para: TONY AUGUSTO , aparelho:  , imei:  chip:   .   .   - ', 9),
(546, '15/02/2022', 'Receber Emprestimo, código: 132', 9),
(547, '15/02/2022', 'Excluído Emprestimo, código: 129', 9),
(548, '15/02/2022', 'Excluído Emprestimo, código: 132', 9),
(549, '15/02/2022', 'Novo Emprestimo, para: TONY AUGUSTO , aparelho: SMARTPHONE , imei: 356453109571111 chip: 18.641.872-7', 9),
(550, '15/02/2022', 'Receber Emprestimo, código: 133', 9),
(551, '15/02/2022', 'Excluído Emprestimo, código: 133', 9),
(552, '15/02/2022', 'Excluído Emprestimo, código: 129', 9),
(553, '15/02/2022', 'Excluído Emprestimo, código: 133', 9),
(554, '15/02/2022', 'Excluído celular: 356453109571111', 9),
(555, '15/02/2022', 'Excluído celular: 356453109571111', 9),
(556, '15/02/2022', 'Excluído chip: 89550641239000081111', 9),
(557, '15/02/2022', 'Excluído chip: 89550641239000081111', 9),
(558, '15/02/2022', 'Excluído Emprestimo, código: 129', 9),
(559, '15/02/2022', 'Novo Emprestimo, para: TONY AUGUSTO , aparelho: SMARTPHONE , imei: 356453109571111 chip: 18.641.872-7', 9),
(560, '15/02/2022', 'Receber Emprestimo, código: 134', 9),
(561, '15/02/2022', 'Excluído Emprestimo, código: 134', 9),
(562, '15/02/2022', 'Excluído Emprestimo, código: 134', 9),
(563, '15/02/2022', 'Novo Emprestimo, para: TONY AUGUSTO , aparelho: SMARTPHONE , imei: 356453109571111 chip: 18.641.872-7', 9),
(564, '15/02/2022', 'Receber Emprestimo, código: 135', 9),
(565, '15/02/2022', 'Novo Emprestimo, para: TONY AUGUSTO , aparelho: SMARTPHONE , imei: 356453109571111 chip: 18.641.872-7', 9),
(566, '16/02/2022', 'Cadatrado chip: 89550641359000345960', 8),
(567, '16/02/2022', 'Cadatrado novo funcionário: LUIZ FERNANDO GASPARI DE OLIVEIRA LIMA', 8),
(568, '16/02/2022', 'Alterada chip: 89550641359000345960', 8),
(569, '16/02/2022', 'Excluído chip: 89550641359000345960', 8),
(570, '16/02/2022', 'Cadatrado chip: 89550641359000345960', 8),
(571, '16/02/2022', 'Excluído chip: 89550641139000041334', 8),
(572, '16/02/2022', 'Novo Emprestimo, para: LUIZ FERNANDO GASPARI DE OLIVEIRA LIMA , aparelho: SMARTPHONE , imei: 356453109575028 chip: 89.550.641-3', 8),
(573, '18/02/2022', 'Cadatrado novo funcionário: CLEBER MARTINS FONSECA', 8),
(574, '18/02/2022', 'Cadatrado novo funcionário: BRUNO TIAGO DE SOUZA', 8),
(575, '18/02/2022', 'Novo Emprestimo, para: CLEBER MARTINS FONSECA , aparelho: SMARTPHONE , imei: 867549059915122 chip: 18.658.357-4', 8),
(576, '18/02/2022', 'Novo Emprestimo, para: BRUNO TIAGO DE SOUZA , aparelho: SMARTPHONE , imei: 861359052070669 chip: 18.658.647-6', 8),
(577, '18/02/2022', 'Cadatrado novo funcionário: GLAUCIA KELLY DA SILVA ', 8),
(578, '18/02/2022', 'Cadatrado chip: 352403090246018', 8),
(579, '18/02/2022', 'Novo Emprestimo, para: GLAUCIA KELLY DA SILVA  , aparelho: SMARTPHONE , imei: 868140052269227 chip: 18.658.903-3', 8),
(580, '18/02/2022', 'Cadatrado novo funcionário: RODRIGO CADORE', 8),
(581, '18/02/2022', 'Novo Emprestimo, para: RODRIGO CADORE , aparelho: SMARTPHONE , imei: 864012054215728 chip: 18.659.102-0', 8),
(582, '21/02/2022', 'Cadatrado novo funcionário: JOSIMERI ANTÔNIA DE SOUZA', 8),
(583, '21/02/2022', 'Receber Emprestimo, código: 109', 5),
(584, '21/02/2022', 'Alterar funcionário: CLODOALDO DONIZETE LUCIANO', 2),
(585, '21/02/2022', 'Excluído funcionário: ABEL', 2),
(586, '21/02/2022', 'Cadatrado novo funcionário: JOSÉ UMBERTO LUCINGER', 8),
(587, '21/02/2022', 'Novo Emprestimo, para: CLODOALDO DONIZETE LUCIANO , aparelho: SMARTPHONE , imei: 867549059883627 chip: 18.662.841-1', 8),
(588, '21/02/2022', 'Novo Emprestimo, para: JOSIMERI ANTÔNIA DE SOUZA , aparelho: SMARTPHONE , imei: 863667057201941 chip: 18.662.979-5', 8),
(589, '24/02/2022', 'Novo Emprestimo, para: VALMIR MORESCHI , aparelho: SMARTPHONE , imei: 352095090910708 chip: 18.682.470-9', 8),
(590, '25/02/2022', 'Alterar funcionário: ERICK ANASTACIO NEHRING', 8),
(591, '25/02/2022', 'Reemitir termo:128', 8),
(592, '04/03/2022', 'Reemitir termo:136', 2),
(593, '04/03/2022', 'Alterar funcionário: IRAN APARECIDO PARDINHO', 2),
(594, '08/03/2022', 'Cadatrado chip: 89550641359000346141', 8),
(595, '08/03/2022', 'Novo Emprestimo, para: MOISÉS DO LAGO SANTOS , aparelho:  , imei:  chip:   .   .   - ', 8),
(596, '08/03/2022', 'Reemitir termo:145', 2),
(597, '08/03/2022', 'Reemitir termo:136', 2),
(598, '08/03/2022', 'Reemitir termo:92', 2),
(599, '08/03/2022', 'Reemitir termo:76', 2),
(600, '08/03/2022', 'Reemitir termo:72', 2),
(601, '08/03/2022', 'Reemitir termo:67', 2),
(602, '08/03/2022', 'Novo Emprestimo, para: CLAUDIO DUCCI , aparelho: SMARTPHONE , imei: 352403090394586 chip:   .   .   - ', 8),
(603, '08/03/2022', 'Alterar Emprestimo, para: CLAUDIO DUCCI , aparelho: SMARTPHONE , imei: 352403090394586 chip:   .   .   - ', 8),
(604, '08/03/2022', 'Reemitir termo:146', 2),
(605, '08/03/2022', 'Reemitir termo:68', 2),
(606, '09/03/2022', 'Cadatrado nova marca: REDMI NOTE 9S - 6GB RAM - 128GB', 2),
(607, '09/03/2022', 'Excluído celular: 123', 2),
(608, '09/03/2022', 'Reemitir termo:77', 2),
(609, '09/03/2022', 'Cadatrado nova marca: REDMI NOTE 8 - 4GB RAM -  128GB', 2),
(610, '09/03/2022', 'Cadatrado nova marca: REDMI NOTE 8 - 4GB RAM - 64GB', 2),
(611, '09/03/2022', 'Cadatrado nova marca: MI 9 LITE - 6GB RAM - 64GB', 2),
(612, '09/03/2022', 'Cadatrado nova marca: MI 9 LITE - 6GB RAM - 128GB', 2),
(613, '09/03/2022', 'Cadatrado nova marca: MI A3 - 4GB RM - 128GB', 2),
(614, '09/03/2022', 'Alterada usuario: EDUARDO ANTONIESKY', 2),
(615, '09/03/2022', 'Alterada usuario: JOÃO PEDRO', 2),
(616, '09/03/2022', 'Excluído celular: 866638047095724', 2),
(617, '09/03/2022', 'Excluído celular: 866638047116033', 2),
(618, '09/03/2022', 'Excluído celular: 866638047120597', 2),
(619, '09/03/2022', 'Excluído celular: 866638046940250', 2),
(620, '09/03/2022', 'Excluído celular: 869217050767789', 2),
(621, '09/03/2022', 'Excluído celular: 866044056192629', 2),
(622, '09/03/2022', 'Excluído celular: 863466046591417', 2),
(623, '09/03/2022', 'Excluído celular: 863466044594694', 2),
(624, '09/03/2022', 'Excluído celular: 863466046528112', 2),
(625, '09/03/2022', 'Excluído celular: 863466043095917', 2),
(626, '09/03/2022', 'Excluído celular: 863466042121037', 2),
(627, '09/03/2022', 'Excluído celular: 863466041492231', 2),
(628, '09/03/2022', 'Excluído celular: 863466042048537', 2),
(629, '09/03/2022', 'Excluído celular: 863466041680116', 2),
(630, '09/03/2022', 'Excluído celular: 868489043993050', 2),
(631, '09/03/2022', 'Excluído celular: 867117049479078', 2),
(632, '09/03/2022', 'Excluído celular: 867117046899138', 2),
(633, '09/03/2022', 'Excluído celular: 868489044288930', 2),
(634, '09/03/2022', 'Excluído celular: 867117049650330', 2),
(635, '09/03/2022', 'Excluído celular: 868489043799853', 2),
(636, '09/03/2022', 'Excluído celular: 868489043081997', 2),
(637, '09/03/2022', 'Excluído celular: 868489043963731', 2),
(638, '09/03/2022', 'Excluído celular: 868489047096454', 2),
(639, '09/03/2022', 'Excluído celular: 867117049545290', 2),
(640, '09/03/2022', 'Excluído celular: 868489044280499', 2),
(641, '09/03/2022', 'Excluído celular: 868489043804638', 2),
(642, '09/03/2022', 'Cadatrado nova marca: REDMI NOTE 8 PRO - 6GB RAM - 64GB', 2),
(643, '09/03/2022', 'Cadatrado nova marca: REDMI NOTE 8 PRO - 6GB RAM - 128GB', 2),
(644, '09/03/2022', 'Excluído celular: 861697040715311', 2),
(645, '09/03/2022', 'Excluído celular: 861697040752470', 2),
(646, '09/03/2022', 'Excluído celular: 861697040773674', 2),
(647, '09/03/2022', 'Excluído celular: 861697040472178', 2),
(648, '09/03/2022', 'Excluído celular: 866498046667670', 2),
(649, '09/03/2022', 'Excluído celular: 866498040119173', 2),
(650, '09/03/2022', 'Excluído celular: 866498046874375', 2),
(651, '09/03/2022', 'Excluído celular: 861697040747090', 2),
(652, '09/03/2022', 'Excluído celular: 866498044965233', 2),
(653, '09/03/2022', 'Excluído celular: 861697040434970', 2),
(654, '09/03/2022', 'Excluído celular: 866498040588732', 2),
(655, '09/03/2022', 'Excluído celular: 861697040474190', 2),
(656, '09/03/2022', 'Excluído celular: 861697040769896', 2),
(657, '09/03/2022', 'Excluído celular: 861697040145097', 2),
(658, '09/03/2022', 'Excluído celular: 866498044505872', 2),
(659, '09/03/2022', 'Excluído celular: 861697040458193', 2),
(660, '09/03/2022', 'Excluído celular: 866498046687991', 2),
(661, '09/03/2022', 'Excluído celular: 866498042516798', 2),
(662, '09/03/2022', 'Excluído celular: 866498047488498', 2),
(663, '09/03/2022', 'Excluído celular: 861697040729031', 2),
(664, '09/03/2022', 'Excluído celular: 866498047415954', 2),
(665, '09/03/2022', 'Excluído celular: 861697040255839', 2),
(666, '09/03/2022', 'Excluído celular: 861697044937192', 2),
(667, '09/03/2022', 'Excluído celular: 861915047414534', 2),
(668, '09/03/2022', 'Excluído celular: 861915046266836', 2),
(669, '09/03/2022', 'Excluído celular: 861697044925353', 2),
(670, '09/03/2022', 'Excluído celular: 861697044848118', 2),
(671, '09/03/2022', 'Excluído celular: 861697044848993', 2),
(672, '09/03/2022', 'Excluído celular: 861915045699714', 2),
(673, '09/03/2022', 'Excluído celular: 866498046285614', 2),
(674, '09/03/2022', 'Excluído celular: 861697044964477', 2),
(675, '09/03/2022', 'Excluído celular: 861915047557936', 2),
(676, '09/03/2022', 'Excluído celular: 861915046994296', 2),
(677, '09/03/2022', 'Excluído celular: 861697044922079', 2),
(678, '09/03/2022', 'Excluído celular: 861697044858059', 2),
(679, '09/03/2022', 'Excluído celular: 861697044880251', 2),
(680, '09/03/2022', 'Excluído celular: 861915047429052', 2),
(681, '09/03/2022', 'Excluído celular: 861697044839919', 2),
(682, '09/03/2022', 'Excluído celular: 861697044939578', 2),
(683, '09/03/2022', 'Excluído celular: 861697044804731', 2),
(684, '09/03/2022', 'Excluído celular: 861915040345511', 2),
(685, '09/03/2022', 'Excluído celular: 861697044800317', 2),
(686, '09/03/2022', 'Excluído celular: 861697044886597', 2),
(687, '09/03/2022', 'Excluído celular: 861697044780576', 2),
(688, '09/03/2022', 'Excluído celular: 861915046940612', 2),
(689, '09/03/2022', 'Excluído celular: 861697044884410', 2),
(690, '09/03/2022', 'Excluído celular: 861697044936954', 2),
(691, '09/03/2022', 'Excluído celular: 861697042356270', 2),
(692, '09/03/2022', 'Excluído celular: 861697044924596', 2),
(693, '09/03/2022', 'Excluído celular: 861697044970052', 2),
(694, '09/03/2022', 'Excluído celular: 861697044961333', 2),
(695, '09/03/2022', 'Excluído celular: 861915045226153', 2),
(696, '09/03/2022', 'Excluído celular: 861697044803394', 2),
(697, '09/03/2022', 'Excluído celular: 867758056425601', 2),
(698, '09/03/2022', 'Excluído celular: 861697044898998', 2),
(699, '09/03/2022', 'Excluído celular: 866498044630316', 2),
(700, '09/03/2022', 'Excluído celular: 861697044839075', 2),
(701, '09/03/2022', 'Excluído celular: 861915047564312', 2),
(702, '09/03/2022', 'Excluído celular: 861697044789411', 2),
(703, '09/03/2022', 'Excluído celular: 861697044889690', 2),
(704, '09/03/2022', 'Excluído celular: 861697044913995', 2),
(705, '09/03/2022', 'Excluído celular: 861697044848076', 2),
(706, '09/03/2022', 'Excluído celular: 861697044839414', 2),
(707, '09/03/2022', 'Excluído celular: 861915047320731', 2),
(708, '09/03/2022', 'Excluído celular: 861697044913938', 2),
(709, '09/03/2022', 'Excluído celular: 861697044918614', 2),
(710, '09/03/2022', 'Excluído celular: 861697044927078', 2),
(711, '09/03/2022', 'Excluído celular: 861697044978519', 2),
(712, '09/03/2022', 'Excluído celular: 861697044800036', 2),
(713, '09/03/2022', 'Excluído celular: 861697044910256', 2),
(714, '09/03/2022', 'Excluído celular: 861915047484016', 2),
(715, '09/03/2022', 'Excluído celular: 861915040218072', 2),
(716, '09/03/2022', 'Excluído celular: 861697044940790', 2),
(717, '09/03/2022', 'Excluído celular: 861697044818939', 2),
(718, '09/03/2022', 'Excluído celular: 861915040073790', 2),
(719, '09/03/2022', 'Excluído celular: 861697044911973', 2),
(720, '09/03/2022', 'Excluído celular: 861697044847417', 2),
(721, '09/03/2022', 'Cadatrado nova marca: REDMI NOTE 9 - 4GB RAM - 128GB', 2),
(722, '09/03/2022', 'Excluído celular: 861569052657162', 2),
(723, '09/03/2022', 'Excluído celular: 868697054245109', 2),
(724, '09/03/2022', 'Excluído celular: 868697054202761', 2),
(725, '09/03/2022', 'Excluído celular: 862122051687407', 2),
(726, '09/03/2022', 'Alterada celular: 862122051687407', 2),
(727, '09/03/2022', 'Excluído celular: 868697054189109', 2),
(728, '09/03/2022', 'Excluído celular: 865858057318789', 2),
(729, '09/03/2022', 'Excluído celular: 862122058007385', 2),
(730, '09/03/2022', 'Excluído celular: 865858055823566', 2),
(731, '09/03/2022', 'Excluído celular: 867678054168088', 2),
(732, '09/03/2022', 'Excluído celular: 862122055861263', 2),
(733, '09/03/2022', 'Excluído celular: 868697054222942', 2),
(734, '09/03/2022', 'Excluído celular: 862122058182220', 2),
(735, '09/03/2022', 'Excluído celular: 861569052629989', 2),
(736, '09/03/2022', 'Excluído celular: 862122058112169', 2),
(737, '09/03/2022', 'Excluído celular: 861569052643006', 2),
(738, '09/03/2022', 'Excluído celular: 868697054275528', 2),
(739, '09/03/2022', 'Excluído celular: 868697054241025', 2),
(740, '09/03/2022', 'Excluído celular: 868697054210624', 2),
(741, '09/03/2022', 'Excluído celular: 867678054189563', 2),
(742, '09/03/2022', 'Excluído celular: 862122058561845', 2),
(743, '09/03/2022', 'Alterada celular: 861697044913938', 2),
(744, '09/03/2022', 'Alterada celular: 861915047320731', 2),
(745, '09/03/2022', 'Alterada celular: 861697044839414', 2),
(746, '09/03/2022', 'Alterada celular: 861697044848076', 2),
(747, '09/03/2022', 'Alterada celular: 861697044913995', 2),
(748, '09/03/2022', 'Alterada celular: 861697044889690', 2),
(749, '09/03/2022', 'Alterada celular: 861697044789411', 2),
(750, '09/03/2022', 'Alterada celular: 861915047564312', 2),
(751, '09/03/2022', 'Alterada celular: 861697044839075', 2),
(752, '09/03/2022', 'Alterada celular: 866498044630316', 2),
(753, '09/03/2022', 'Alterada celular: 861697044898998', 2),
(754, '09/03/2022', 'Alterada celular: 867758056425601', 2),
(755, '09/03/2022', 'Alterada celular: 861697044803394', 2),
(756, '09/03/2022', 'Alterada celular: 861915045226153', 2),
(757, '09/03/2022', 'Alterada celular: 861915045226153', 2),
(758, '09/03/2022', 'Alterada celular: 861697044961333', 2),
(759, '09/03/2022', 'Alterada celular: 861697044970052', 2),
(760, '09/03/2022', 'Alterada celular: 866333052194923', 2),
(761, '09/03/2022', 'Excluído celular: 212312', 2),
(762, '09/03/2022', 'Excluído celular: sdf', 2),
(763, '09/03/2022', 'Excluído celular: 454.6465', 2),
(764, '09/03/2022', 'Excluído celular: 212312', 2),
(765, '09/03/2022', 'Excluído celular: sdf', 2),
(766, '09/03/2022', 'Excluído celular: dad', 2),
(767, '09/03/2022', 'Excluído celular: dad', 2),
(768, '09/03/2022', 'Reemitir termo:137', 2),
(769, '10/03/2022', 'Cadatrado novo funcionário: TONY AUGUSTO ALVES LIMA', 8),
(770, '10/03/2022', 'Novo Emprestimo, para: CAMILA REGINA FURLAN , aparelho: SMARTPHONE , imei: 866044056192629 chip:   .   .   - ', 8),
(771, '10/03/2022', 'Cadastrar nova usuario: TONY AUGUSTO ALVES LIMA', 8),
(772, '10/03/2022', 'Novo Emprestimo, para: MARCELO ANNEMANN , aparelho: SMARTPHONE , imei: 869217050767789 chip:   .   .   - ', 8),
(773, '10/03/2022', 'Novo Emprestimo, para: CAMILA REGINA FURLAN , aparelho: SMARTPHONE , imei: 863466041680116 chip:   .   .   - ', 8),
(774, '10/03/2022', 'Alterada usuario: TONY AUGUSTO ALVES LIMA', 10),
(775, '10/03/2022', 'Novo Emprestimo, para: CAMILA REGINA FURLAN , aparelho: SMARTPHONE , imei: 868489044280499 chip:   .   .   - ', 8),
(776, '10/03/2022', 'Novo Emprestimo, para: MARCELO ANNEMANN , aparelho: SMARTPHONE , imei: 863466042048537 chip:   .   .   - ', 8),
(777, '10/03/2022', 'Novo Emprestimo, para: MARCELO ANNEMANN , aparelho: SMARTPHONE , imei: 867117049545290 chip:   .   .   - ', 8),
(778, '10/03/2022', 'Alterar Emprestimo, para: CAMILA REGINA FURLAN , aparelho: SMARTPHONE , imei: 866044056192629 chip:   .   .   - ', 8),
(779, '10/03/2022', 'Alterar Emprestimo, para: CAMILA REGINA FURLAN , aparelho: SMARTPHONE , imei: 863466041680116 chip:   .   .   - ', 8),
(780, '10/03/2022', 'Alterar Emprestimo, para: CAMILA REGINA FURLAN , aparelho: SMARTPHONE , imei: 868489044280499 chip:   .   .   - ', 8),
(825, '11/03/2022 09:57:36', 'Logou no sistema: FERNANDO MAURICIO IMTHURM, maquina: COOGI-390880', 8),
(826, '11/03/2022 10:04:25', 'Logou no sistema: TONY AUGUSTO ALVES LIMA, maquina: COOGI-390780', 10),
(827, '11/03/2022 10:06:05', 'Novo Emprestimo, para: CAMILA REGINA FURLAN , aparelho: SMARTPHONE , imei: 869217050767789 chip:   .   .   - ', 8),
(828, '11/03/2022 10:35:21', 'Alterar funcionário: EDSON MAIA', 8),
(829, '11/03/2022 10:38:43', 'Deslogou do sistema: FERNANDO MAURICIO IMTHURM, maquina:COOGI-390880', 8),
(830, '11/03/2022 10:39:02', 'Logou no sistema: FERNANDO MAURICIO IMTHURM, maquina: COOGI-390880', 8),
(831, '11/03/2022 10:39:33', 'Alterar funcionário: EUNOQUE SALUSTIANO DE MELLO', 8),
(832, '11/03/2022 10:41:04', 'Alterar funcionário: JOSE CORDEIRO', 8);
INSERT INTO `logsistema` (`idLog`, `data`, `atividade`, `usuario_id`) VALUES
(833, '11/03/2022 10:42:09', 'Deslogou do sistema: FERNANDO MAURICIO IMTHURM, maquina:COOGI-390880', 8),
(834, '11/03/2022 11:11:44', 'Logou no sistema: FERNANDO MAURICIO IMTHURM, maquina: COOGI-390880', 8),
(835, '11/03/2022 13:54:36', 'Logou no sistema: OTONIEL AMANCIO ALVES, maquina: COOGI-390861', 2),
(836, '11/03/2022 13:55:05', 'Deslogou do sistema: OTONIEL AMANCIO ALVES, maquina:COOGI-390861', 2),
(837, '11/03/2022 13:56:45', 'Logou no sistema: FARID GELASCO MALSCHITZKY, maquina: COOGI-390792', 5),
(838, '11/03/2022 14:15:23', 'Logou no sistema: FERNANDO MAURICIO IMTHURM, maquina: COOGI-390880', 8),
(839, '11/03/2022 14:28:45', 'Alterar Emprestimo, para: CAMILA REGINA FURLAN , aparelho: SMARTPHONE , imei: 869217050767789 chip: 18.732.732-6', 8),
(840, '11/03/2022 14:29:07', 'Alterar Emprestimo, para: CAMILA REGINA FURLAN , aparelho: SMARTPHONE , imei: 868489044280499 chip: 18.732.732-6', 8),
(841, '11/03/2022 14:30:21', 'Alterar Emprestimo, para: CAMILA REGINA FURLAN , aparelho: SMARTPHONE , imei: 863466041680116 chip: 18.732.732-6', 8),
(842, '11/03/2022 14:31:19', 'Reemitir termo:149 do funcionário: CAMILA REGINA FURLAN', 8),
(843, '11/03/2022 14:32:57', 'Reemitir termo:150 do funcionário: CAMILA REGINA FURLAN', 8),
(844, '11/03/2022 14:34:02', 'Reemitir termo:153 do funcionário: CAMILA REGINA FURLAN', 8),
(845, '11/03/2022 14:35:24', 'Reemitir termo:149 do funcionário: CAMILA REGINA FURLAN', 8),
(846, '11/03/2022 14:36:13', 'Reemitir termo:150 do funcionário: CAMILA REGINA FURLAN', 8),
(847, '11/03/2022 14:37:34', 'Reemitir termo:153 do funcionário: CAMILA REGINA FURLAN', 8),
(848, '11/03/2022 15:37:24', 'Deslogou do sistema: FERNANDO MAURICIO IMTHURM, maquina:COOGI-390880', 8),
(849, '11/03/2022 15:37:53', 'Deslogou do sistema: FERNANDO MAURICIO IMTHURM, maquina:COOGI-390880', 8),
(850, '11/03/2022 15:38:21', 'Logou no sistema: FERNANDO MAURICIO IMTHURM, maquina: COOGI-390880', 8),
(851, '11/03/2022 16:05:37', 'Deslogou do sistema: FERNANDO MAURICIO IMTHURM, maquina:COOGI-390880', 8),
(852, '11/03/2022 16:59:38', 'Deslogou do sistema: TONY AUGUSTO ALVES LIMA, maquina:COOGI-390780', 10),
(853, '11/03/2022 18:07:25', 'Deslogou do sistema: FARID GELASCO MALSCHITZKY, maquina:COOGI-390792', 5),
(854, '14/03/2022 08:40:08', 'Logou no sistema: TONY AUGUSTO ALVES LIMA, maquina: COOGI-390780', 10),
(855, '14/03/2022 09:02:00', 'Logou no sistema: FERNANDO MAURICIO IMTHURM, maquina: COOGI-390880', 8),
(856, '14/03/2022 16:15:28', 'Logou no sistema: OTONIEL AMANCIO ALVES, maquina: COOGI-390861', 2),
(857, '14/03/2022 16:16:22', 'Deslogou do sistema: OTONIEL AMANCIO ALVES, maquina:COOGI-390861', 2),
(858, '14/03/2022 16:18:14', 'Logou no sistema: FARID GELASCO MALSCHITZKY, maquina: COOGI-390792', 5),
(859, '14/03/2022 16:28:42', 'Logou no sistema: FERNANDO MAURICIO IMTHURM, maquina: COOGI-390880', 8),
(860, '14/03/2022 16:45:04', 'Deslogou do sistema: FARID GELASCO MALSCHITZKY, maquina:COOGI-390792', 5),
(861, '14/03/2022 16:57:13', 'Deslogou do sistema: TONY AUGUSTO ALVES LIMA, maquina:COOGI-390780', 10),
(862, '14/03/2022 17:03:43', 'Deslogou do sistema: FERNANDO MAURICIO IMTHURM, maquina:COOGI-390880', 8),
(863, '15/03/2022 08:52:48', 'Logou no sistema: FERNANDO MAURICIO IMTHURM, maquina: COOGI-390880', 8),
(864, '15/03/2022 09:27:09', 'Logou no sistema: TONY AUGUSTO ALVES LIMA, maquina: COOGI-390780', 10),
(865, '15/03/2022 14:54:24', 'Logou no sistema: FERNANDO MAURICIO IMTHURM, maquina: COOGI-390880', 8),
(866, '15/03/2022 15:23:12', 'Deslogou do sistema: FERNANDO MAURICIO IMTHURM, maquina:COOGI-390880', 8),
(867, '15/03/2022 15:23:32', 'Deslogou do sistema: FERNANDO MAURICIO IMTHURM, maquina:COOGI-390880', 8),
(868, '15/03/2022 15:23:36', 'Deslogou do sistema: FERNANDO MAURICIO IMTHURM, maquina:COOGI-390880', 8),
(869, '15/03/2022 16:57:56', 'Deslogou do sistema: TONY AUGUSTO ALVES LIMA, maquina:COOGI-390780', 10),
(870, '16/03/2022 09:02:01', 'Logou no sistema: TONY AUGUSTO ALVES LIMA, maquina: COOGI-390780', 10),
(871, '16/03/2022 09:12:26', 'Logou no sistema: OTONIEL AMANCIO ALVES, maquina: COOGI-390861', 2),
(872, '16/03/2022 09:14:19', 'Deslogou do sistema: OTONIEL AMANCIO ALVES, maquina:COOGI-390861', 2),
(873, '16/03/2022 10:25:28', 'Logou no sistema: FERNANDO MAURICIO IMTHURM, maquina: COOGI-390880', 8),
(874, '16/03/2022 10:29:04', 'Novo Emprestimo, para: CAMILA REGINA FURLAN , aparelho: SMARTPHONE , imei: 867758056425601 chip:   .   .   - ', 8),
(875, '16/03/2022 10:31:42', 'Novo Emprestimo, para: CAMILA REGINA FURLAN , aparelho: SMARTPHONE , imei: 862122055861263 chip:   .   .   - ', 8),
(876, '16/03/2022 10:49:44', 'Alterar Emprestimo, para: CAMILA REGINA FURLAN , aparelho: SMARTPHONE , imei: 861359052083365 chip: 18.748.794-3', 8),
(877, '16/03/2022 10:50:01', 'Alterar Emprestimo, para: CAMILA REGINA FURLAN , aparelho: SMARTPHONE , imei: 350784342242489 chip: 18.748.794-3', 8),
(878, '16/03/2022 10:50:17', 'Alterar Emprestimo, para: CAMILA REGINA FURLAN , aparelho: SMARTPHONE , imei: 867758056425601 chip: 18.748.794-3', 8),
(879, '16/03/2022 10:50:26', 'Alterar Emprestimo, para: CAMILA REGINA FURLAN , aparelho: SMARTPHONE , imei: 862122055861263 chip: 18.748.794-3', 8),
(880, '16/03/2022 10:52:45', 'Reemitir termo:91 do funcionário: CAMILA REGINA FURLAN', 8),
(881, '16/03/2022 10:54:20', 'Reemitir termo:92 do funcionário: CAMILA REGINA FURLAN', 8),
(882, '16/03/2022 10:55:37', 'Reemitir termo:154 do funcionário: CAMILA REGINA FURLAN', 8),
(883, '16/03/2022 10:56:12', 'Reemitir termo:155 do funcionário: CAMILA REGINA FURLAN', 8),
(884, '16/03/2022 11:11:06', 'Reemitir termo:92 do funcionário: CAMILA REGINA FURLAN', 8),
(885, '16/03/2022 11:12:21', 'Reemitir termo:154 do funcionário: CAMILA REGINA FURLAN', 8),
(886, '16/03/2022 11:13:07', 'Reemitir termo:155 do funcionário: CAMILA REGINA FURLAN', 8),
(887, '16/03/2022 11:14:58', 'Reemitir termo:92 do funcionário: CAMILA REGINA FURLAN', 8),
(888, '16/03/2022 11:38:07', 'Deslogou do sistema: FERNANDO MAURICIO IMTHURM, maquina:COOGI-390880', 8),
(889, '16/03/2022 13:26:52', 'Logou no sistema: OTONIEL AMANCIO ALVES, maquina: COOGI-390861', 2),
(890, '16/03/2022 13:28:53', 'Deslogou do sistema: OTONIEL AMANCIO ALVES, maquina:COOGI-390861', 2),
(891, '16/03/2022 16:18:41', 'Logou no sistema: FERNANDO MAURICIO IMTHURM, maquina: COOGI-390880', 8),
(892, '16/03/2022 16:27:37', 'Logou no sistema: OTONIEL AMANCIO ALVES, maquina: COOGI-390861', 2),
(893, '16/03/2022 16:28:33', 'Deslogou do sistema: OTONIEL AMANCIO ALVES, maquina:COOGI-390861', 2),
(894, '16/03/2022 16:36:39', 'Novo Emprestimo, para: EDUARDO CASSEMIRO DA SILVA , aparelho: SMARTPHONE , imei: 866333052194923 chip: 18.751.454-1', 10),
(895, '16/03/2022 16:51:03', 'Deslogou do sistema: TONY AUGUSTO ALVES LIMA, maquina:COOGI-390780', 10),
(896, '17/03/2022 08:34:45', 'Logou no sistema: TONY AUGUSTO ALVES LIMA, maquina: COOGI-390780', 10),
(897, '17/03/2022 08:37:43', 'Alterar Emprestimo, para: EDUARDO CASSEMIRO DA SILVA , aparelho: SMARTPHONE , imei: 866333052194923 chip: 18.752.592-6', 10),
(898, '17/03/2022 08:37:57', 'Reemitir termo:156 do funcionário: EDUARDO CASSEMIRO DA SILVA', 10),
(899, '17/03/2022 08:52:39', 'Deslogou do sistema: FERNANDO MAURICIO IMTHURM, maquina:COOGI-390880', 8),
(900, '17/03/2022 10:48:11', 'Logou no sistema: FERNANDO MAURICIO IMTHURM, maquina: COOGI-390880', 8),
(901, '17/03/2022 11:18:59', 'Excluído chip: 89550641239000085990', 8),
(902, '17/03/2022 11:25:26', 'Cadatrado novo funcionário: RAUL SERGIO CELONI BISPO', 10),
(903, '17/03/2022 11:27:12', 'Novo Emprestimo, para: RAUL SERGIO CELONI BISPO , aparelho: SMARTPHONE , imei: 352403090235615 chip:   .   .   - ', 10),
(904, '17/03/2022 16:04:05', 'Deslogou do sistema: TONY AUGUSTO ALVES LIMA, maquina:COOGI-390780', 10),
(907, '18/03/2022 09:42:26', 'Logou no sistema: TONY AUGUSTO ALVES LIMA, maquina: COOGI-390780', 10),
(908, '18/03/2022 11:26:04', 'Deslogou do sistema: FERNANDO MAURICIO IMTHURM, maquina:COOGI-390880', 8),
(909, '18/03/2022 11:26:26', 'Logou no sistema: FERNANDO MAURICIO IMTHURM, maquina: COOGI-390880', 8),
(910, '18/03/2022 11:34:33', 'Logou no sistema: FARID GELASCO MALSCHITZKY, maquina: COOGI-390792', 5),
(911, '18/03/2022 13:40:24', 'Deslogou do sistema: FERNANDO MAURICIO IMTHURM, maquina:COOGI-390880', 8),
(912, '18/03/2022 14:06:49', 'Logou no sistema: TONY AUGUSTO ALVES LIMA, maquina: COOGI-390780', 10),
(913, '18/03/2022 14:22:41', 'Logou no sistema: FERNANDO MAURICIO IMTHURM, maquina: COOGI-390880', 8),
(914, '18/03/2022 14:30:10', 'Deslogou do sistema: FERNANDO MAURICIO IMTHURM, maquina:COOGI-390880', 8),
(915, '18/03/2022 14:30:41', 'Logou no sistema: FERNANDO MAURICIO IMTHURM, maquina: COOGI-390880', 8),
(916, '18/03/2022 14:35:53', 'Logou no sistema: OTONIEL AMANCIO ALVES, maquina: COOGI-390861', 2),
(917, '18/03/2022 14:38:11', 'Excluído celular: 352403090394602', 2),
(918, '18/03/2022 14:38:17', 'Deslogou do sistema: OTONIEL AMANCIO ALVES, maquina:COOGI-390861', 2),
(919, '18/03/2022 14:39:06', 'Deslogou do sistema: FERNANDO MAURICIO IMTHURM, maquina:COOGI-390880', 8),
(920, '18/03/2022 14:39:20', 'Logou no sistema: FERNANDO MAURICIO IMTHURM, maquina: COOGI-390880', 8),
(921, '18/03/2022 14:41:19', 'Alterada celular: 352403090394602', 8),
(922, '18/03/2022 14:41:38', 'Alterada celular: 352403090394602', 8),
(923, '18/03/2022 14:43:16', 'Alterada celular: 352403090224866', 8),
(924, '18/03/2022 14:44:55', 'Deslogou do sistema: FARID GELASCO MALSCHITZKY, maquina:COOGI-390792', 5),
(925, '18/03/2022 14:47:48', 'Deslogou do sistema: FERNANDO MAURICIO IMTHURM, maquina:COOGI-390880', 8),
(926, '18/03/2022 14:50:34', 'Logou no sistema: FERNANDO MAURICIO IMTHURM, maquina: COOGI-390880', 8),
(927, '18/03/2022 14:50:57', 'Deslogou do sistema: TONY AUGUSTO ALVES LIMA, maquina:COOGI-390780', 10),
(928, '18/03/2022 14:52:23', 'Deslogou do sistema: FERNANDO MAURICIO IMTHURM, maquina:COOGI-390880', 8),
(929, '18/03/2022 16:03:45', 'Logou no sistema: OTONIEL AMANCIO ALVES, maquina: COOGI-390861', 2),
(930, '18/03/2022 16:10:25', 'Deslogou do sistema: OTONIEL AMANCIO ALVES, maquina:COOGI-390861', 2),
(931, '18/03/2022 16:10:32', 'Logou no sistema: OTONIEL AMANCIO ALVES, maquina: COOGI-390861', 2),
(932, '18/03/2022 16:11:25', 'Deslogou do sistema: OTONIEL AMANCIO ALVES, maquina:COOGI-390861', 2),
(933, '18/03/2022 16:11:33', 'Logou no sistema: OTONIEL AMANCIO ALVES, maquina: COOGI-390861', 2),
(934, '18/03/2022 16:12:43', 'Deslogou do sistema: OTONIEL AMANCIO ALVES, maquina:COOGI-390861', 2),
(935, '18/03/2022 16:14:22', 'Logou no sistema: OTONIEL AMANCIO ALVES, maquina: COOGI-390861', 2),
(936, '18/03/2022 16:14:57', 'Deslogou do sistema: OTONIEL AMANCIO ALVES, maquina:COOGI-390861', 2),
(937, '18/03/2022 16:15:17', 'Deslogou do sistema: TONY AUGUSTO ALVES LIMA, maquina:COOGI-390780', 10),
(938, '18/03/2022 16:15:32', 'Logou no sistema: TONY AUGUSTO ALVES LIMA, maquina: COOGI-390780', 10),
(939, '18/03/2022 16:58:42', 'Deslogou do sistema: TONY AUGUSTO ALVES LIMA, maquina:COOGI-390780', 10),
(940, '21/03/2022 10:25:43', 'Logou no sistema: OTONIEL AMANCIO ALVES, maquina: COOGI-380528', 2),
(941, '21/03/2022 10:33:03', 'Deslogou do sistema: OTONIEL AMANCIO ALVES, maquina:COOGI-380528', 2),
(942, '21/03/2022 11:27:15', 'Logou no sistema: TONY AUGUSTO ALVES LIMA, maquina: COOGI-390780', 10),
(943, '21/03/2022 11:29:20', 'Deslogou do sistema: TONY AUGUSTO ALVES LIMA, maquina:COOGI-390780', 10),
(944, '21/03/2022 12:14:51', 'Logou no sistema: TONY AUGUSTO ALVES LIMA, maquina: COOGI-390780', 10),
(945, '21/03/2022 13:41:52', 'Logou no sistema: FERNANDO MAURICIO IMTHURM, maquina: COOGI-390880', 8),
(946, '21/03/2022 13:49:47', 'Logou no sistema: FARID GELASCO MALSCHITZKY, maquina: COOGI-390792', 5),
(947, '21/03/2022 13:51:16', 'Cadatrado novo funcionário: EDUARDO SCHUELTER', 5),
(948, '21/03/2022 13:52:56', 'Novo Emprestimo, para: EDUARDO SCHUELTER , aparelho: SMARTPHONE , imei: 863667056753801 chip:   .   .   - ', 5),
(949, '21/03/2022 14:41:57', 'Deslogou do sistema: FARID GELASCO MALSCHITZKY, maquina:COOGI-390792', 5),
(950, '21/03/2022 14:50:45', 'Logou no sistema: FERNANDO MAURICIO IMTHURM, maquina: COOGI-390880', 8),
(951, '21/03/2022 15:03:22', 'Deslogou do sistema: FERNANDO MAURICIO IMTHURM, maquina:COOGI-390880', 8),
(952, '21/03/2022 15:11:11', 'Cadatrado novo funcionário: SOLENE DIAS DE SOUZA', 8),
(953, '21/03/2022 15:12:50', 'Novo Emprestimo, para: SOLENE DIAS DE SOUZA , aparelho: SMARTPHONE , imei: 861697040145097 chip:   .   .   - ', 8),
(954, '21/03/2022 15:17:25', 'Alterar Emprestimo, para: SOLENE DIAS DE SOUZA , aparelho: SMARTPHONE , imei: 861697040145097 chip: 18.767.678-9', 8),
(955, '21/03/2022 15:39:59', 'Alterar Emprestimo, para: SOLENE DIAS DE SOUZA , aparelho: SMARTPHONE , imei: 861697040145097 chip: 18.767.678-9', 8),
(956, '21/03/2022 15:40:41', 'Reemitir termo:159 do funcionário: SOLENE DIAS DE SOUZA', 8),
(957, '21/03/2022 15:41:09', 'Reemitir termo:159 do funcionário: SOLENE DIAS DE SOUZA', 8),
(958, '21/03/2022 16:24:50', 'Reemitir termo:159 do funcionário: SOLENE DIAS DE SOUZA', 8),
(959, '21/03/2022 16:35:49', 'Cadatrado novo funcionário: JOSÉ ROBERTO DE MATTOS', 8),
(960, '21/03/2022 16:40:48', 'Novo Emprestimo, para: JOSÉ ROBERTO DE MATTOS , aparelho: SMARTPHONE , imei: 866498044505872 chip: 18.768.699-7', 8),
(961, '21/03/2022 16:42:50', 'Cadatrado novo funcionário: JOANA JÚLIA BARIONI', 10),
(962, '21/03/2022 16:48:32', 'Novo Emprestimo, para: JOANA JÚLIA BARIONI , aparelho: SMARTPHONE , imei: 866498040119173 chip: 18.768.767-5', 10),
(963, '21/03/2022 16:55:18', 'Novo Emprestimo, para: GLAUCIA KELLY DA SILVA  , aparelho: SMARTPHONE , imei: 861697040458193 chip:   .   .   - ', 8),
(964, '21/03/2022 16:56:07', 'Novo Emprestimo, para: RODRIGO CADORE , aparelho: SMARTPHONE , imei: 861697040474190 chip:   .   .   - ', 8),
(965, '21/03/2022 17:00:31', 'Deslogou do sistema: TONY AUGUSTO ALVES LIMA, maquina:COOGI-390780', 10),
(966, '21/03/2022 17:02:36', 'Alterar Emprestimo, para: RODRIGO CADORE , aparelho: SMARTPHONE , imei: 861697040474190 chip: 18.768.956-2', 8),
(967, '21/03/2022 17:02:48', 'Reemitir termo:163 do funcionário: RODRIGO CADORE', 8),
(968, '21/03/2022 17:07:38', 'Reemitir termo:163 do funcionário: RODRIGO CADORE', 8),
(969, '22/03/2022 08:20:32', 'Logou no sistema: TONY AUGUSTO ALVES LIMA, maquina: COOGI-390780', 10),
(970, '22/03/2022 09:05:35', 'Alterar Emprestimo, para: GLAUCIA KELLY DA SILVA  , aparelho: SMARTPHONE , imei: 861697040458193 chip: 18.770.157-0', 8),
(971, '22/03/2022 09:05:54', 'Reemitir termo:162 do funcionário: GLAUCIA KELLY DA SILVA ', 8),
(972, '22/03/2022 10:15:03', 'Cadatrado novo funcionário: AMAURI ANTÔNIO SOARES', 8),
(973, '22/03/2022 10:17:53', 'Novo Emprestimo, para: AMAURI ANTÔNIO SOARES , aparelho: SMARTPHONE , imei: 861697042356270 chip: 18.770.962-8', 8),
(974, '22/03/2022 10:22:48', 'Cadatrado novo funcionário: NILTON MARQUES DO NASCIMENTO', 8),
(975, '22/03/2022 10:27:00', 'Novo Emprestimo, para: NILTON MARQUES DO NASCIMENTO , aparelho: SMARTPHONE , imei: 861697044970052 chip: 18.771.081-2', 8),
(976, '22/03/2022 11:56:41', 'Deslogou do sistema: FERNANDO MAURICIO IMTHURM, maquina:COOGI-390880', 8),
(977, '22/03/2022 13:19:41', 'Logou no sistema: FERNANDO MAURICIO IMTHURM, maquina: COOGI-390880', 8),
(978, '22/03/2022 13:32:18', 'Novo Emprestimo, para: PRESCILA GOUVEA CYPRIANO , aparelho: SMARTPHONE , imei: 866044056192629 chip:   .   .   - ', 8),
(979, '22/03/2022 13:35:21', 'Alterar Emprestimo, para: PRESCILA GOUVEA CYPRIANO , aparelho: SMARTPHONE , imei: 866044056192629 chip: 18.772.342-6', 8),
(980, '22/03/2022 13:35:26', 'Reemitir termo:166 do funcionário: PRESCILA GOUVEA CYPRIANO', 8),
(981, '22/03/2022 14:26:50', 'Logou no sistema: OTONIEL AMANCIO ALVES, maquina: COOGI-390861', 2),
(982, '22/03/2022 14:28:33', 'Deslogou do sistema: OTONIEL AMANCIO ALVES, maquina:COOGI-390861', 2),
(983, '22/03/2022 14:28:39', 'Logou no sistema: OTONIEL AMANCIO ALVES, maquina: COOGI-390861', 2),
(984, '22/03/2022 14:29:05', 'Deslogou do sistema: OTONIEL AMANCIO ALVES, maquina:COOGI-390861', 2),
(985, '22/03/2022 14:29:11', 'Logou no sistema: OTONIEL AMANCIO ALVES, maquina: COOGI-390861', 2),
(986, '22/03/2022 14:29:24', 'Deslogou do sistema: OTONIEL AMANCIO ALVES, maquina:COOGI-390861', 2),
(987, '22/03/2022 14:37:25', 'Deslogou do sistema: TONY AUGUSTO ALVES LIMA, maquina:COOGI-390780', 10),
(988, '22/03/2022 14:37:37', 'Logou no sistema: TONY AUGUSTO ALVES LIMA, maquina: COOGI-390780', 10),
(989, '22/03/2022 16:10:48', 'Deslogou do sistema: FERNANDO MAURICIO IMTHURM, maquina:COOGI-390880', 8),
(990, '22/03/2022 16:11:04', 'Logou no sistema: FERNANDO MAURICIO IMTHURM, maquina: COOGI-390880', 8),
(991, '22/03/2022 16:17:05', 'Deslogou do sistema: FERNANDO MAURICIO IMTHURM, maquina:COOGI-390880', 8),
(992, '22/03/2022 16:17:16', 'Logou no sistema: FERNANDO MAURICIO IMTHURM, maquina: COOGI-390880', 8),
(993, '22/03/2022 16:57:58', 'Deslogou do sistema: TONY AUGUSTO ALVES LIMA, maquina:COOGI-390780', 10),
(994, '23/03/2022 08:56:37', 'Logou no sistema: TONY AUGUSTO ALVES LIMA, maquina: COOGI-390780', 10),
(995, '23/03/2022 10:32:14', 'Deslogou do sistema: TONY AUGUSTO ALVES LIMA, maquina:COOGI-390780', 10),
(996, '23/03/2022 10:32:26', 'Logou no sistema: TONY AUGUSTO ALVES LIMA, maquina: COOGI-390780', 10),
(997, '23/03/2022 11:26:38', 'Logou no sistema: FERNANDO MAURICIO IMTHURM, maquina: COOGI-390880', 8),
(998, '23/03/2022 11:31:35', 'Deslogou do sistema: FERNANDO MAURICIO IMTHURM, maquina:COOGI-390880', 8),
(999, '23/03/2022 11:32:29', 'Logou no sistema: FERNANDO MAURICIO IMTHURM, maquina: COOGI-390880', 8),
(1000, '23/03/2022 11:37:22', 'Alterar Emprestimo, de: VALMIR MORESCHI , aparelho: SMARTPHONE , imei: 352095090910708 chip: 18.682.470-9', 8),
(1001, '23/03/2022 11:45:46', 'Logou no sistema: FERNANDO MAURICIO IMTHURM, maquina: COOGI-390880', 8),
(1002, '23/03/2022 11:59:22', 'Novo Emprestimo, para: VALMIR MORESCHI , aparelho: SMARTPHONE , imei: 352095090910708 chip:   .   .   - ', 8),
(1003, '23/03/2022 12:08:57', 'Deslogou do sistema: FERNANDO MAURICIO IMTHURM, maquina:COOGI-390880', 8),
(1004, '23/03/2022 12:09:38', 'Deslogou do sistema: FERNANDO MAURICIO IMTHURM, maquina:COOGI-390880', 8),
(1005, '23/03/2022 12:11:28', 'Logou no sistema: TONY AUGUSTO ALVES LIMA, maquina: COOGI-390780', 10),
(1006, '23/03/2022 12:14:45', 'Cadatrado novo funcionário: RENATA CRISTINA ORASMO SANTANA', 10),
(1007, '23/03/2022 12:24:56', 'Novo Emprestimo, para: RENATA CRISTINA ORASMO SANTANA , aparelho: SMARTPHONE , imei: 861697040434970 chip: 18.777.687-2', 10),
(1008, '23/03/2022 12:43:15', 'Cadatrado novo funcionário: RONALDO CEZAR AVELAR DA SILVA', 10),
(1009, '23/03/2022 12:47:32', 'Novo Emprestimo, para: RONALDO CEZAR AVELAR DA SILVA , aparelho: SMARTPHONE , imei: 861915047484016 chip: 18.777.759-3', 10),
(1010, '23/03/2022 13:35:26', 'Logou no sistema: FERNANDO MAURICIO IMTHURM, maquina: COOGI-390880', 8),
(1011, '23/03/2022 14:11:06', 'Deslogou do sistema: FERNANDO MAURICIO IMTHURM, maquina:COOGI-390880', 8),
(1012, '23/03/2022 14:12:09', 'Cadatrado novo funcionário: LEANDRO ALVES VIEIRA', 10),
(1013, '23/03/2022 14:14:30', 'Novo Emprestimo, para: LEANDRO ALVES VIEIRA , aparelho: SMARTPHONE , imei: 861915040218072 chip: 18.778.221-0', 10),
(1014, '23/03/2022 14:15:53', 'Logou no sistema: OTONIEL AMANCIO ALVES, maquina: COOGI-390861', 2),
(1015, '23/03/2022 14:16:19', 'Deslogou do sistema: OTONIEL AMANCIO ALVES, maquina:COOGI-390861', 2),
(1016, '23/03/2022 14:23:25', 'Logou no sistema: FERNANDO MAURICIO IMTHURM, maquina: COOGI-390880', 8),
(1017, '23/03/2022 14:26:01', 'Cadatrado novo funcionário: MARCIA MESTRIER SILVA', 10),
(1018, '23/03/2022 14:26:30', 'Cadatrado chip: 89550641139000041615', 8),
(1019, '23/03/2022 14:29:35', 'Novo Emprestimo, para: MARCIA MESTRIER SILVA , aparelho: SMARTPHONE , imei: 861697040747090 chip: 18.778.324-0', 10),
(1020, '23/03/2022 14:33:42', 'Cadatrado novo funcionário: NELSON TOTH', 10),
(1021, '23/03/2022 14:35:40', 'Novo Emprestimo, para: NELSON TOTH , aparelho: SMARTPHONE , imei: 866498046874375 chip: 18.778.381-0', 10),
(1022, '23/03/2022 14:59:43', 'Cadatrado novo funcionário: JEFERSON ANTONIO VALIM', 8),
(1023, '23/03/2022 15:04:30', 'Cadatrado novo funcionário: LUANA LOPES RIBEIRO ', 10),
(1024, '23/03/2022 15:07:24', 'Novo Emprestimo, para: LUANA LOPES RIBEIRO  , aparelho: SMARTPHONE , imei: 866498046874375 chip: 18.778.673-8', 10),
(1025, '23/03/2022 15:11:43', 'Cadatrado chip: 7898602911205', 8),
(1026, '23/03/2022 15:13:02', 'Alterada chip: 7898602911205', 8),
(1027, '23/03/2022 15:14:18', 'Novo Emprestimo, para: JEFERSON ANTONIO VALIM , aparelho: SMARTPHONE , imei: 866498044965233 chip:   .   .   - ', 8),
(1028, '23/03/2022 15:19:33', 'Deslogou do sistema: TONY AUGUSTO ALVES LIMA, maquina:COOGI-390780', 10),
(1029, '23/03/2022 15:22:03', 'Cadatrado novo funcionário: LUIZ FERNANDO DE SOUZA', 10),
(1030, '23/03/2022 15:32:01', 'Alterar Emprestimo, de: JEFERSON ANTONIO VALIM , aparelho: SMARTPHONE , imei: 866498044965233 chip: 18.778.904-4', 8),
(1031, '23/03/2022 15:32:20', 'Reemitir termo:174 do funcionário: JEFERSON ANTONIO VALIM', 8),
(1032, '23/03/2022 15:37:36', 'Novo Emprestimo, para: LUIZ FERNANDO DE SOUZA , aparelho: SMARTPHONE , imei: 861697044789411 chip: 18.778.961-3', 10),
(1033, '23/03/2022 15:47:36', 'Cadatrado novo funcionário: FERNANDA VANESSA ALVES MARTINS ', 10),
(1034, '23/03/2022 15:50:56', 'Novo Emprestimo, para: FERNANDA VANESSA ALVES MARTINS  , aparelho: SMARTPHONE , imei: 861915047320731 chip: 18.779.111-1', 10),
(1035, '23/03/2022 15:54:19', 'Reemitir termo:176 do funcionário: FERNANDA VANESSA ALVES MARTINS ', 10),
(1036, '23/03/2022 15:56:12', 'Deslogou do sistema: TONY AUGUSTO ALVES LIMA, maquina:COOGI-390780', 10),
(1037, '23/03/2022 15:59:08', 'Cadatrado novo funcionário: JANAINA MARQUES DA SILVA ARAUJO', 8),
(1038, '23/03/2022 15:59:26', 'Logou no sistema: TONY AUGUSTO ALVES LIMA, maquina: COOGI-390780', 10),
(1039, '23/03/2022 16:09:15', 'Novo Emprestimo, para: JANAINA MARQUES DA SILVA ARAUJO , aparelho: SMARTPHONE , imei: 861697040715311 chip: 18.779.292-4', 8),
(1040, '23/03/2022 16:17:00', 'Novo Emprestimo, para: LUIZ CARLOS DE SOUZA , aparelho: SMARTPHONE , imei: 866498040588732 chip:   .   .   - ', 8),
(1041, '23/03/2022 16:21:57', 'Alterar Emprestimo, de: LUIZ CARLOS DE SOUZA , aparelho: SMARTPHONE , imei: 866498040588732 chip: 18.779.397-1', 8),
(1042, '23/03/2022 16:22:11', 'Reemitir termo:178 do funcionário: LUIZ CARLOS DE SOUZA', 8),
(1043, '23/03/2022 16:25:14', 'Deslogou do sistema: FERNANDO MAURICIO IMTHURM, maquina:COOGI-390880', 8),
(1044, '23/03/2022 16:56:54', 'Deslogou do sistema: TONY AUGUSTO ALVES LIMA, maquina:COOGI-390780', 10),
(1045, '24/03/2022 08:43:41', 'Logou no sistema: FERNANDO MAURICIO IMTHURM, maquina: COOGI-390880', 8),
(1046, '24/03/2022 09:14:44', 'Logou no sistema: TONY AUGUSTO ALVES LIMA, maquina: COOGI-390780', 10),
(1047, '24/03/2022 14:03:29', 'Logou no sistema: FERNANDO MAURICIO IMTHURM, maquina: COOGI-390880', 8),
(1048, '24/03/2022 14:14:05', 'Cadatrado novo funcionário: EVANI BECKER', 8),
(1049, '24/03/2022 14:18:28', 'Novo Emprestimo, para: EVANI BECKER , aparelho: SMARTPHONE , imei: 866638047120597 chip: 18.783.495-3', 8),
(1050, '24/03/2022 14:28:28', 'Deslogou do sistema: FERNANDO MAURICIO IMTHURM, maquina:COOGI-390880', 8),
(1051, '24/03/2022 14:31:14', 'Cadatrado novo funcionário: PIETRO NUNES LOZOVE', 8),
(1052, '24/03/2022 14:32:57', 'Cadatrado novo funcionário: FELIPE CABRAL DALLA VECHAI SAUER', 8),
(1053, '24/03/2022 14:36:35', 'Novo Emprestimo, para: FELIPE CABRAL DALLA VECHAI SAUER , aparelho: SMARTPHONE , imei: 866638047095724 chip: 18.783.714-6', 8),
(1054, '24/03/2022 14:42:02', 'Novo Emprestimo, para: PIETRO NUNES LOZOVE , aparelho: SMARTPHONE , imei: 866638047116033 chip: 18.783.779-0', 8),
(1055, '24/03/2022 14:46:46', 'Deslogou do sistema: FERNANDO MAURICIO IMTHURM, maquina:COOGI-390880', 8),
(1056, '24/03/2022 16:59:30', 'Deslogou do sistema: TONY AUGUSTO ALVES LIMA, maquina:COOGI-390780', 10),
(1057, '25/03/2022 08:53:06', 'Logou no sistema: TONY AUGUSTO ALVES LIMA, maquina: COOGI-390780', 10),
(1058, '25/03/2022 11:19:46', 'Logou no sistema: FERNANDO MAURICIO IMTHURM, maquina: COOGI-390880', 8),
(1059, '25/03/2022 13:19:28', 'Logou no sistema: FERNANDO MAURICIO IMTHURM, maquina: COOGI-390880', 8),
(1060, '25/03/2022 13:26:42', 'Excluído celular: 354693113964351', 8),
(1061, '25/03/2022 13:29:21', 'Cadatrado novo funcionário: SILVIA RENATA FARINCHO ABRANTES', 8),
(1062, '25/03/2022 13:31:45', 'Deslogou do sistema: FERNANDO MAURICIO IMTHURM, maquina:COOGI-390880', 8),
(1063, '25/03/2022 13:32:29', 'Deslogou do sistema: FERNANDO MAURICIO IMTHURM, maquina:COOGI-390880', 8),
(1064, '25/03/2022 13:33:19', 'Logou no sistema: FERNANDO MAURICIO IMTHURM, maquina: COOGI-390880', 8),
(1065, '25/03/2022 13:34:34', 'Cadatrado chip: 89550641139000041144', 8),
(1066, '25/03/2022 13:40:02', 'Novo Emprestimo, para: SILVIA RENATA FARINCHO ABRANTES , aparelho: SMARTPHONE , imei: 354693113964096 chip: 18.788.388-1', 8),
(1067, '25/03/2022 14:24:55', 'Novo Emprestimo, para: RAUL SERGIO CELONI BISPO , aparelho: SMARTPHONE , imei: 866498047488498 chip: 18.788.774-7', 10),
(1068, '25/03/2022 14:28:04', 'Cadatrado novo funcionário: RONALDO MANZATO', 10),
(1069, '25/03/2022 14:30:52', 'Novo Emprestimo, para: RONALDO MANZATO , aparelho: SMARTPHONE , imei: 866498042516798 chip: 18.788.848-4', 10),
(1070, '25/03/2022 14:35:08', 'Cadatrado novo funcionário: ROGERIO GOLIN NAGAROLLI ', 10),
(1071, '25/03/2022 14:37:53', 'Novo Emprestimo, para: ROGERIO GOLIN NAGAROLLI  , aparelho: SMARTPHONE , imei: 861697040729031 chip: 18.788.926-0', 10),
(1072, '25/03/2022 14:42:13', 'Cadatrado novo funcionário: ANDERSON LOURENÇO LUZ ', 10),
(1073, '25/03/2022 14:44:40', 'Novo Emprestimo, para: ANDERSON LOURENÇO LUZ  , aparelho: SMARTPHONE , imei: 861697044803394 chip: 18.789.008-0', 10),
(1074, '25/03/2022 14:49:05', 'Cadatrado novo funcionário: FERNANDO DE JESUS ANTONIO', 10),
(1075, '25/03/2022 14:54:38', 'Novo Emprestimo, para: FERNANDO DE JESUS ANTONIO , aparelho: SMARTPHONE , imei: 861697044924596 chip: 18.789.106-0', 10),
(1076, '25/03/2022 14:57:55', 'Cadatrado novo funcionário: DENIS AUGUSTO BUSS BARUA', 10),
(1077, '25/03/2022 14:59:28', 'Novo Emprestimo, para: DENIS AUGUSTO BUSS BARUA , aparelho: SMARTPHONE , imei: 861697044889690 chip: 18.789.163-9', 10),
(1078, '25/03/2022 15:18:29', 'Cadatrado novo funcionário: MAYCON UTUMI MONTEIRO', 10),
(1079, '25/03/2022 15:20:24', 'Novo Emprestimo, para: MAYCON UTUMI MONTEIRO , aparelho: SMARTPHONE , imei: 866498047415954 chip: 18.789.378-0', 10),
(1080, '25/03/2022 15:52:17', 'Cadatrado novo funcionário: FLAMARION KRUM DE CARVALHO', 10),
(1081, '25/03/2022 16:24:49', 'Reemitir termo:186 do funcionário: ANDERSON LOURENÇO LUZ ', 10),
(1082, '25/03/2022 16:31:06', 'Deslogou do sistema: TONY AUGUSTO ALVES LIMA, maquina:COOGI-390780', 10),
(1083, '25/03/2022 16:32:34', 'Logou no sistema: FARID GELASCO MALSCHITZKY, maquina: COOGI-390792', 5),
(1084, '25/03/2022 16:42:11', 'Reemitir termo:158 do funcionário: EDUARDO SCHUELTER', 5),
(1085, '25/03/2022 16:46:51', 'Deslogou do sistema: FARID GELASCO MALSCHITZKY, maquina:COOGI-390792', 5),
(1086, '28/03/2022 08:22:17', 'Logou no sistema: TONY AUGUSTO ALVES LIMA, maquina: COOGI-390780', 10),
(1087, '28/03/2022 08:23:33', 'Cadatrado novo funcionário: ELMO JOSE CHAGAS', 10),
(1088, '28/03/2022 08:34:25', 'Novo Emprestimo, para: ELMO JOSE CHAGAS , aparelho: SMARTPHONE , imei: 861697044839075 chip: 18.791.784-0', 10),
(1089, '28/03/2022 08:37:28', 'Cadatrado novo funcionário: AUGUSTO CARLOS DA SILVA CAMPOS', 10),
(1090, '28/03/2022 08:39:54', 'Novo Emprestimo, para: AUGUSTO CARLOS DA SILVA CAMPOS , aparelho: SMARTPHONE , imei: 861697044918614 chip: 18.791.819-7', 10),
(1091, '28/03/2022 08:55:59', 'Cadatrado novo funcionário: FRANCISCO NIZER', 10),
(1092, '28/03/2022 09:13:59', 'Excluído funcionário: FRANCISCO NIZER', 10),
(1093, '28/03/2022 09:16:57', 'Novo Emprestimo, para: JOÃO BATISTA BACIL PINHEIRO , aparelho: SMARTPHONE , imei: 863466042121037 chip: 18.792.106-6', 10),
(1094, '28/03/2022 14:07:00', 'Novo Emprestimo, para: NELSON TOTH , aparelho: SMARTPHONE , imei: 866498046874375 chip: 18.778.673-8', 10),
(1095, '28/03/2022 16:56:44', 'Deslogou do sistema: TONY AUGUSTO ALVES LIMA, maquina:COOGI-390780', 10),
(1096, '29/03/2022 09:35:01', 'Logou no sistema: FERNANDO MAURICIO IMTHURM, maquina: COOGI-390880', 8),
(1097, '29/03/2022 10:06:33', 'Logou no sistema: TONY AUGUSTO ALVES LIMA, maquina: COOGI-390780', 10),
(1098, '29/03/2022 10:07:34', 'Cadatrado novo funcionário: JOÃO CARLOS PONA', 10),
(1099, '29/03/2022 10:09:26', 'Novo Emprestimo, para: JOÃO CARLOS PONA , aparelho: SMARTPHONE , imei: 861915047414534 chip: 18.798.241-3', 10),
(1100, '29/03/2022 10:13:27', 'Cadatrado novo funcionário: LUIZ GUSTAVO ANTUNES SCHRAMM', 10),
(1101, '29/03/2022 10:14:04', 'Novo Emprestimo, para: LUIZ GUSTAVO ANTUNES SCHRAMM , aparelho: SMARTPHONE , imei: 866498046285614 chip:   .   .   - ', 10),
(1102, '29/03/2022 10:16:43', 'Alterar Emprestimo, de: LUIZ GUSTAVO ANTUNES SCHRAMM , aparelho: SMARTPHONE , imei: 866498046285614 chip: 18.798.301-0', 10),
(1103, '29/03/2022 10:16:48', 'Reemitir termo:195 do funcionário: LUIZ GUSTAVO ANTUNES SCHRAMM', 10),
(1104, '29/03/2022 10:50:25', 'Cadatrado novo funcionário: JOSIRLEY DA SILVA ', 10),
(1105, '29/03/2022 10:52:27', 'Novo Emprestimo, para: JOSIRLEY DA SILVA  , aparelho: SMARTPHONE , imei: 861697040773674 chip: 18.798.615-0', 10),
(1106, '29/03/2022 10:55:32', 'Cadatrado novo funcionário: VANESSA TORREZAN DO NASCIMENTO', 10),
(1107, '29/03/2022 10:59:25', 'Novo Emprestimo, para: VANESSA TORREZAN DO NASCIMENTO , aparelho: SMARTPHONE , imei: 861697040472178 chip: 18.798.687-7', 10),
(1108, '29/03/2022 11:00:23', 'Cadatrado novo funcionário: JONATAS JOSE ROSA', 8),
(1109, '29/03/2022 11:02:23', 'Novo Emprestimo, para: JONATAS JOSE ROSA , aparelho: SMARTPHONE , imei: 866638047116033 chip: 18.783.779-0', 8),
(1110, '29/03/2022 11:02:39', 'Cadatrado novo funcionário: ARNALDO MENON', 10),
(1111, '29/03/2022 11:05:18', 'Novo Emprestimo, para: ARNALDO MENON , aparelho: SMARTPHONE , imei: 866498046667670 chip: 18.798.751-2', 10),
(1112, '29/03/2022 11:07:54', 'Cadatrado novo funcionário: RAFAEL MARIENSKI', 10),
(1113, '29/03/2022 11:10:09', 'Novo Emprestimo, para: RAFAEL MARIENSKI , aparelho: SMARTPHONE , imei: 866498046687991 chip: 18.798.793-8', 10),
(1114, '29/03/2022 11:15:51', 'Cadatrado novo funcionário: XÊNIA CAVALCANTE ALMEIDA', 10),
(1115, '29/03/2022 11:18:26', 'Novo Emprestimo, para: XÊNIA CAVALCANTE ALMEIDA , aparelho: SMARTPHONE , imei: 861697040752470 chip: 18.798.857-8', 10),
(1116, '29/03/2022 11:22:17', 'Cadatrado novo funcionário: LUIZ FELIPE NEGRÃO SCARDUELLI ', 10),
(1117, '29/03/2022 11:24:41', 'Novo Emprestimo, para: LUIZ FELIPE NEGRÃO SCARDUELLI  , aparelho: SMARTPHONE , imei: 861697040769896 chip: 18.798.898-5', 10),
(1118, '29/03/2022 11:33:13', 'Cadatrado novo funcionário: TALITA CRISTINA DOS SANTOS COLOGNHEZI', 8),
(1119, '29/03/2022 11:37:44', 'Novo Emprestimo, para: TALITA CRISTINA DOS SANTOS COLOGNHEZI , aparelho: SMARTPHONE , imei: 863667057569800 chip: 18.591.745-2', 8),
(1120, '29/03/2022 11:50:35', 'Alterar Emprestimo, de: LUIZ FELIPE NEGRÃO SCARDUELLI  , aparelho: SMARTPHONE , imei: 861697040769896 chip: 18.798.898-5', 10),
(1121, '29/03/2022 13:24:54', 'Logou no sistema: FARID GELASCO MALSCHITZKY, maquina: COOGI-390792', 5),
(1122, '29/03/2022 13:26:35', 'Logou no sistema: OTONIEL AMANCIO ALVES, maquina: COOGI-390861', 2),
(1123, '29/03/2022 13:26:47', 'Deslogou do sistema: OTONIEL AMANCIO ALVES, maquina:COOGI-390861', 2),
(1124, '29/03/2022 13:44:32', 'Excluído celular: 354693113923647', 5),
(1125, '29/03/2022 13:44:54', 'Alterada marca: SAMSUNG GALAXY A01', 5),
(1126, '29/03/2022 13:45:55', 'Novo Emprestimo, para: FARID GELASCO MALSCHITZKY , aparelho: SMARTPHONE , imei: 354693113923647 chip:   .   .   - ', 5),
(1127, '29/03/2022 13:46:45', 'Deslogou do sistema: FARID GELASCO MALSCHITZKY, maquina:COOGI-390792', 5),
(1128, '29/03/2022 14:00:47', 'Logou no sistema: OTONIEL AMANCIO ALVES, maquina: COOGI-390861', 2),
(1129, '29/03/2022 14:01:17', 'Deslogou do sistema: OTONIEL AMANCIO ALVES, maquina:COOGI-390861', 2),
(1130, '29/03/2022 15:16:34', 'Novo Emprestimo, para: AMAURI ANTÔNIO SOARES , aparelho: SMARTPHONE , imei: 863667056753801 chip: 18.800.561-6', 8),
(1131, '29/03/2022 15:34:28', 'Novo Emprestimo, para: LUIZ FELIPE NEGRÃO SCARDUELLI  , aparelho: SMARTPHONE , imei: 861697040769896 chip: 18.800.784-8', 10),
(1132, '29/03/2022 15:40:46', 'Novo Emprestimo, para: NILTON MARQUES DO NASCIMENTO , aparelho: SMARTPHONE , imei: 864012054215728 chip:   .   .   - ', 8),
(1133, '29/03/2022 15:55:30', 'Alterar Emprestimo, de: NILTON MARQUES DO NASCIMENTO , aparelho: SMARTPHONE , imei: 864012054215728 chip: 18.800.856-9', 8),
(1134, '29/03/2022 15:55:38', 'Deslogou do sistema: FERNANDO MAURICIO IMTHURM, maquina:COOGI-390880', 8),
(1135, '29/03/2022 16:23:34', 'Logou no sistema: OTONIEL AMANCIO ALVES, maquina: COOGI-390861', 2),
(1136, '29/03/2022 16:23:48', 'Deslogou do sistema: OTONIEL AMANCIO ALVES, maquina:COOGI-390861', 2),
(1137, '29/03/2022 16:24:09', 'Logou no sistema: OTONIEL AMANCIO ALVES, maquina: COOGI-390861', 2),
(1138, '29/03/2022 16:30:57', 'Logou no sistema: IGOR GABRIEL DA SILVEIRA, maquina: COOGI-390903', 6),
(1139, '29/03/2022 16:31:24', 'Deslogou do sistema: IGOR GABRIEL DA SILVEIRA, maquina:COOGI-390903', 6),
(1140, '29/03/2022 16:48:25', 'Deslogou do sistema: OTONIEL AMANCIO ALVES, maquina:COOGI-390861', 2),
(1141, '29/03/2022 16:58:11', 'Deslogou do sistema: TONY AUGUSTO ALVES LIMA, maquina:COOGI-390780', 10),
(1142, '30/03/2022 08:48:45', 'Logou no sistema: TONY AUGUSTO ALVES LIMA, maquina: COOGI-390780', 10),
(1143, '30/03/2022 09:52:51', 'Novo Emprestimo, para: FLAMARION KRUM DE CARVALHO , aparelho: SMARTPHONE , imei: 861697044898998 chip: 18.803.151-0', 10),
(1144, '30/03/2022 09:55:25', 'Cadatrado novo funcionário: EDSON LUIS FERREIRA MACIEL   ', 10),
(1145, '30/03/2022 09:59:33', 'Alterada chip: 89550641359000346166', 10),
(1146, '30/03/2022 10:01:21', 'Novo Emprestimo, para: EDSON LUIS FERREIRA MACIEL    , aparelho: SMARTPHONE , imei: 861915045226153 chip: 18.803.242-7', 10),
(1147, '30/03/2022 10:05:46', 'Logou no sistema: FERNANDO MAURICIO IMTHURM, maquina: COOGI-390880', 8),
(1148, '30/03/2022 10:06:12', 'Cadatrado novo funcionário: CLEBERSON VENANCIO RODRIGUES FERREIRA', 10),
(1149, '30/03/2022 10:08:23', 'Novo Emprestimo, para: CLEBERSON VENANCIO RODRIGUES FERREIRA , aparelho: SMARTPHONE , imei: 861697044961333 chip: 18.803.329-6', 10),
(1150, '30/03/2022 10:09:34', 'Alterar Emprestimo, de: EDSON LUIS FERREIRA MACIEL    , aparelho: SMARTPHONE , imei: 861915045226153 chip: 18.803.242-7', 8),
(1151, '30/03/2022 10:09:57', 'Reemitir termo:209 do funcionário: EDSON LUIS FERREIRA MACIEL   ', 8),
(1152, '30/03/2022 10:24:13', 'Deslogou do sistema: FERNANDO MAURICIO IMTHURM, maquina:COOGI-390880', 8),
(1153, '30/03/2022 11:33:54', 'Logou no sistema: FERNANDO MAURICIO IMTHURM, maquina: COOGI-390880', 8),
(1154, '30/03/2022 11:36:03', 'Alterar Emprestimo, de: LUIZ CARLOS DE SOUZA , aparelho: SMARTPHONE , imei: 866498040588732 chip: 18.779.397-1', 8),
(1155, '30/03/2022 11:38:57', 'Alterar Emprestimo, de: JANAINA MARQUES DA SILVA ARAUJO , aparelho: SMARTPHONE , imei: 861697040715311 chip: 18.779.292-4', 8),
(1156, '30/03/2022 11:44:54', 'Cadatrado chip: 352403090233966', 8),
(1157, '30/03/2022 11:46:48', 'Alterar Emprestimo, de: RENATA CRISTINA ORASMO SANTANA , aparelho: SMARTPHONE , imei: 861697040434970 chip: 18.777.687-2', 8),
(1158, '30/03/2022 11:58:46', 'Alterar Emprestimo, de: LEANDRO ALVES VIEIRA , aparelho: SMARTPHONE , imei: 861915040218072 chip: 18.778.221-0', 8),
(1159, '30/03/2022 12:01:09', 'Alterar Emprestimo, de: RONALDO CEZAR AVELAR DA SILVA , aparelho: SMARTPHONE , imei: 861915047484016 chip: 18.777.759-3', 8),
(1160, '30/03/2022 14:42:09', 'Deslogou do sistema: TONY AUGUSTO ALVES LIMA, maquina:COOGI-390780', 10),
(1161, '30/03/2022 14:42:25', 'Logou no sistema: TONY AUGUSTO ALVES LIMA, maquina: COOGI-390780', 10),
(1162, '30/03/2022 15:48:02', 'Logou no sistema: FARID GELASCO MALSCHITZKY, maquina: COOGI-390792', 5),
(1163, '30/03/2022 15:48:05', 'Deslogou do sistema: FARID GELASCO MALSCHITZKY, maquina:COOGI-390792', 5),
(1164, '30/03/2022 16:58:35', 'Deslogou do sistema: TONY AUGUSTO ALVES LIMA, maquina:COOGI-390780', 10),
(1165, '31/03/2022 14:10:19', 'Logou no sistema: TONY AUGUSTO ALVES LIMA, maquina: COOGI-390780', 10),
(1166, '31/03/2022 14:11:01', 'Cadatrado novo funcionário: MIRIAM PAES GOMES RODRIGUES ', 10),
(1167, '31/03/2022 14:13:58', 'Novo Emprestimo, para: MIRIAM PAES GOMES RODRIGUES  , aparelho: SMARTPHONE , imei: 861697040255839 chip: 18.809.904-1', 10),
(1168, '31/03/2022 14:17:13', 'Cadatrado novo funcionário: MICHAEL DAVID APARECIDO DE SOUZA', 10),
(1169, '31/03/2022 14:27:14', 'Novo Emprestimo, para: MICHAEL DAVID APARECIDO DE SOUZA , aparelho: SMARTPHONE , imei: 861697044940790 chip: 18.809.971-8', 10),
(1170, '31/03/2022 14:37:07', 'Novo Emprestimo, para: REINALDO DE OLIVEIRA , aparelho: SMARTPHONE , imei: 861697044927078 chip: 18.810.206-9', 10),
(1171, '31/03/2022 14:39:39', 'Cadatrado novo funcionário: CARLA GALIS DE AZEVEDO', 10),
(1172, '31/03/2022 14:43:29', 'Novo Emprestimo, para: CARLA GALIS DE AZEVEDO , aparelho: SMARTPHONE , imei: 861697044913938 chip: 18.810.310-3', 10),
(1173, '31/03/2022 16:18:09', 'Cadatrado novo funcionário: ARNO RIBEIRO', 10),
(1174, '31/03/2022 16:22:02', 'Novo Emprestimo, para: ARNO RIBEIRO , aparelho: SMARTPHONE , imei: 861697044978519 chip: 18.811.646-9', 10),
(1175, '31/03/2022 16:27:13', 'Cadatrado novo funcionário: VERA LUCIA MIELKE ALBERTI', 10),
(1176, '31/03/2022 16:30:42', 'Novo Emprestimo, para: VERA LUCIA MIELKE ALBERTI , aparelho: SMARTPHONE , imei: 861697044839414 chip: 18.811.749-0', 10),
(1177, '31/03/2022 16:44:46', 'Cadatrado novo funcionário: JOÃO MARCOS FERRIN ', 10),
(1178, '31/03/2022 16:46:28', 'Novo Emprestimo, para: JOÃO MARCOS FERRIN  , aparelho: SMARTPHONE , imei: 861697044913995 chip: 18.811.951-4', 10),
(1179, '31/03/2022 16:48:17', 'Cadatrado novo funcionário: KAIQUE EDUARDO GOMES ', 10),
(1180, '31/03/2022 16:50:00', 'Novo Emprestimo, para: KAIQUE EDUARDO GOMES  , aparelho: SMARTPHONE , imei: 861697044818939 chip: 18.812.003-2', 10),
(1181, '31/03/2022 16:59:36', 'Deslogou do sistema: TONY AUGUSTO ALVES LIMA, maquina:COOGI-390780', 10),
(1182, '01/04/2022 08:48:25', 'Logou no sistema: TONY AUGUSTO ALVES LIMA, maquina: COOGI-390780', 10),
(1183, '01/04/2022 09:24:30', 'Deslogou do sistema: TONY AUGUSTO ALVES LIMA, maquina:COOGI-390780', 10),
(1184, '01/04/2022 09:24:38', 'Logou no sistema: TONY AUGUSTO ALVES LIMA, maquina: COOGI-390780', 10),
(1185, '01/04/2022 09:38:38', 'Logou no sistema: FERNANDO MAURICIO IMTHURM, maquina: COOGI-390880', 8),
(1186, '01/04/2022 10:14:31', 'Cadatrado novo funcionário: ANTÔNIO VAZ DE SOUZA', 8),
(1187, '01/04/2022 10:49:54', 'Alterada celular: 352403090358110', 8),
(1188, '01/04/2022 11:20:29', 'Deslogou do sistema: TONY AUGUSTO ALVES LIMA, maquina:COOGI-390780', 10),
(1189, '01/04/2022 11:47:47', 'Deslogou do sistema: FERNANDO MAURICIO IMTHURM, maquina:COOGI-390880', 8),
(1190, '01/04/2022 13:56:39', 'Logou no sistema: FERNANDO MAURICIO IMTHURM, maquina: COOGI-390880', 8),
(1191, '01/04/2022 14:13:36', 'Logou no sistema: TONY AUGUSTO ALVES LIMA, maquina: COOGI-390780', 10),
(1198, '01/04/2022 16:37:33', 'Logou no sistema: OTONIEL AMANCIO ALVES, maquina: COOGI-390861', 2),
(1199, '01/04/2022 16:43:47', 'Deslogou do sistema: OTONIEL AMANCIO ALVES, maquina:COOGI-390861', 2),
(1200, '01/04/2022 16:44:18', 'Logou no sistema: OTONIEL AMANCIO ALVES, maquina: COOGI-390861', 2),
(1201, '01/04/2022 16:45:15', 'Deslogou do sistema: OTONIEL AMANCIO ALVES, maquina:COOGI-390861', 2),
(1202, '01/04/2022 16:53:55', 'Logou no sistema: OTONIEL AMANCIO ALVES, maquina: COOGI-390903', 2),
(1203, '01/04/2022 16:57:02', 'Deslogou do sistema: OTONIEL AMANCIO ALVES, maquina:COOGI-390903', 2),
(1204, '04/04/2022 10:42:52', 'Logou no sistema: FERNANDO MAURICIO IMTHURM, maquina: COOGI-390880', 8),
(1205, '04/04/2022 11:06:19', 'Logou no sistema: OTONIEL AMANCIO ALVES, maquina: COOGI-390861', 2),
(1206, '04/04/2022 11:08:51', 'Deslogou do sistema: OTONIEL AMANCIO ALVES, maquina:COOGI-390861', 2),
(1207, '04/04/2022 11:08:59', 'Logou no sistema: OTONIEL AMANCIO ALVES, maquina: COOGI-390861', 2),
(1208, '04/04/2022 11:09:05', 'Deslogou do sistema: FERNANDO MAURICIO IMTHURM, maquina:COOGI-390880', 8),
(1209, '04/04/2022 11:10:41', 'Deslogou do sistema: OTONIEL AMANCIO ALVES, maquina:COOGI-390861', 2),
(1210, '04/04/2022 11:10:48', 'Logou no sistema: OTONIEL AMANCIO ALVES, maquina: COOGI-390861', 2),
(1211, '04/04/2022 11:12:14', 'Reemitir termo:68 do funcionário: GUSTAVO ANTONIO MORAES DE JESUS', 2),
(1212, '04/04/2022 11:13:29', 'Deslogou do sistema: OTONIEL AMANCIO ALVES, maquina:COOGI-390861', 2),
(1213, '04/04/2022 11:14:28', 'Logou no sistema: FERNANDO MAURICIO IMTHURM, maquina: COOGI-390880', 8),
(1214, '04/04/2022 11:16:40', 'Logou no sistema: OTONIEL AMANCIO ALVES, maquina: COOGI-390861', 2),
(1215, '04/04/2022 11:18:38', 'Deslogou do sistema: OTONIEL AMANCIO ALVES, maquina:COOGI-390861', 2),
(1216, '04/04/2022 11:26:22', 'Logou no sistema: OTONIEL AMANCIO ALVES, maquina: COOGI-390861', 2),
(1217, '04/04/2022 11:27:41', 'Deslogou do sistema: OTONIEL AMANCIO ALVES, maquina:COOGI-390861', 2),
(1218, '05/04/2022 14:06:25', 'Logou no sistema: FERNANDO MAURICIO IMTHURM, maquina: COOGI-390880', 8),
(1219, '05/04/2022 14:07:04', 'Logou no sistema: OTONIEL AMANCIO ALVES, maquina: COOGI-390861', 2),
(1220, '05/04/2022 14:07:12', 'Deslogou do sistema: OTONIEL AMANCIO ALVES, maquina:COOGI-390861', 2),
(1221, '05/04/2022 14:17:08', 'Alterar funcionário: MOISÉS DO LAGO SANTOS', 8),
(1222, '05/04/2022 14:17:37', 'Novo Emprestimo, para: MOISÉS DO LAGO SANTOS , aparelho:  , imei:  chip:   .   .   - ', 8),
(1223, '05/04/2022 14:23:36', 'Deslogou do sistema: FERNANDO MAURICIO IMTHURM, maquina:COOGI-390880', 8),
(1224, '05/04/2022 14:23:54', 'Logou no sistema: FERNANDO MAURICIO IMTHURM, maquina: COOGI-390880', 8),
(1225, '05/04/2022 14:40:25', 'Cadatrado novo funcionário: JAKSON MARCELO MARTINS', 8),
(1226, '05/04/2022 14:41:24', 'Cadatrado novo funcionário: MAICON LUIZ DA CUNHA', 8),
(1227, '05/04/2022 15:31:34', 'Novo Emprestimo, para: JAKSON MARCELO MARTINS , aparelho: SMARTPHONE , imei: 861697044970052 chip: 18.828.705-0', 8),
(1228, '05/04/2022 15:44:29', 'Reemitir termo:220 do funcionário: JAKSON MARCELO MARTINS', 8),
(1229, '05/04/2022 15:45:07', 'Logou no sistema: OTONIEL AMANCIO ALVES, maquina: COOGI-390861', 2),
(1230, '05/04/2022 15:48:20', 'Novo Emprestimo, para: MAICON LUIZ DA CUNHA , aparelho: SMARTPHONE , imei: 861697042356270 chip: 18.828.923-1', 8),
(1231, '05/04/2022 15:54:59', 'Deslogou do sistema: FERNANDO MAURICIO IMTHURM, maquina:COOGI-390880', 8),
(1232, '05/04/2022 16:21:39', 'Deslogou do sistema: OTONIEL AMANCIO ALVES, maquina:COOGI-390861', 2),
(1233, '05/04/2022 16:28:06', 'Logou no sistema: TONY AUGUSTO ALVES LIMA, maquina: COOGI-390780', 10),
(1234, '05/04/2022 16:37:17', 'Logou no sistema: FERNANDO MAURICIO IMTHURM, maquina: COOGI-390880', 8),
(1235, '05/04/2022 16:43:53', 'Deslogou do sistema: FERNANDO MAURICIO IMTHURM, maquina:COOGI-390880', 8),
(1236, '05/04/2022 16:57:36', 'Deslogou do sistema: TONY AUGUSTO ALVES LIMA, maquina:COOGI-390780', 10),
(1237, '06/04/2022 08:39:29', 'Logou no sistema: FERNANDO MAURICIO IMTHURM, maquina: COOGI-390880', 8),
(1238, '06/04/2022 10:46:17', 'Logou no sistema: FERNANDO MAURICIO IMTHURM, maquina: COOGI-390880', 8),
(1239, '06/04/2022 10:56:05', 'Logou no sistema: TONY AUGUSTO ALVES LIMA, maquina: COOGI-390780', 10),
(1240, '06/04/2022 11:01:09', 'Cadatrado novo funcionário: ANTONIO CARLOS SIDRIN   ', 10),
(1241, '06/04/2022 11:03:59', 'Novo Emprestimo, para: ANTONIO CARLOS SIDRIN    , aparelho: SMARTPHONE , imei: 861697044800036 chip: 18.832.039-2', 10),
(1242, '06/04/2022 16:57:42', 'Deslogou do sistema: TONY AUGUSTO ALVES LIMA, maquina:COOGI-390780', 10),
(1243, '07/04/2022 14:10:38', 'Logou no sistema: TONY AUGUSTO ALVES LIMA, maquina: COOGI-390780', 10),
(1244, '07/04/2022 16:04:56', 'Deslogou do sistema: TONY AUGUSTO ALVES LIMA, maquina:COOGI-390780', 10),
(1245, '07/04/2022 16:13:20', 'Deslogou do sistema: FERNANDO MAURICIO IMTHURM, maquina:COOGI-390880', 8),
(1246, '08/04/2022 15:47:53', 'Logou no sistema: TONY AUGUSTO ALVES LIMA, maquina: COOGI-390780', 10),
(1247, '08/04/2022 15:55:27', 'Logou no sistema: FERNANDO MAURICIO IMTHURM, maquina: COOGI-390880', 8),
(1248, '08/04/2022 16:22:30', 'Deslogou do sistema: FERNANDO MAURICIO IMTHURM, maquina:COOGI-390880', 8),
(1249, '08/04/2022 16:56:23', 'Deslogou do sistema: TONY AUGUSTO ALVES LIMA, maquina:COOGI-390780', 10),
(1250, '12/04/2022 11:23:28', 'Logou no sistema: FERNANDO MAURICIO IMTHURM, maquina: COOGI-390880', 8),
(1251, '12/04/2022 11:27:52', 'Alterada celular: 352403090393273', 8),
(1252, '12/04/2022 11:54:20', 'Logou no sistema: TONY AUGUSTO ALVES LIMA, maquina: COOGI-390780', 10),
(1253, '12/04/2022 11:59:49', 'Logou no sistema: FARID GELASCO MALSCHITZKY, maquina: COOGI-390792', 5),
(1254, '12/04/2022 12:00:50', 'Logou no sistema: OTONIEL AMANCIO ALVES, maquina: COOGI-390861', 2),
(1255, '12/04/2022 12:03:07', 'Deslogou do sistema: OTONIEL AMANCIO ALVES, maquina:COOGI-390861', 2),
(1256, '12/04/2022 12:04:17', 'Deslogou do sistema: FARID GELASCO MALSCHITZKY, maquina:COOGI-390792', 5),
(1257, '12/04/2022 15:32:12', 'Deslogou do sistema: FERNANDO MAURICIO IMTHURM, maquina:COOGI-390880', 8),
(1258, '12/04/2022 15:32:24', 'Logou no sistema: FERNANDO MAURICIO IMTHURM, maquina: COOGI-390880', 8),
(1259, '12/04/2022 15:49:26', 'Logou no sistema: FERNANDO MAURICIO IMTHURM, maquina: COOGI-390880', 8),
(1260, '12/04/2022 15:51:26', 'Cadatrado chip: 89550641359000346182', 8),
(1261, '12/04/2022 15:59:21', 'Novo Emprestimo, para: NELSON TOTH , aparelho:  , imei:  chip: 18.856.430-5', 8),
(1262, '12/04/2022 16:48:46', 'Deslogou do sistema: FERNANDO MAURICIO IMTHURM, maquina:COOGI-390880', 8),
(1263, '12/04/2022 16:48:49', 'Deslogou do sistema: FERNANDO MAURICIO IMTHURM, maquina:COOGI-390880', 8),
(1264, '12/04/2022 16:56:26', 'Deslogou do sistema: TONY AUGUSTO ALVES LIMA, maquina:COOGI-390780', 10),
(1265, '13/04/2022 14:31:38', 'Logou no sistema: TONY AUGUSTO ALVES LIMA, maquina: COOGI-390780', 10),
(1266, '13/04/2022 14:43:43', 'Logou no sistema: FERNANDO MAURICIO IMTHURM, maquina: COOGI-390880', 8),
(1267, '13/04/2022 15:32:09', 'Deslogou do sistema: FERNANDO MAURICIO IMTHURM, maquina:COOGI-390880', 8),
(1268, '13/04/2022 16:47:18', 'Deslogou do sistema: TONY AUGUSTO ALVES LIMA, maquina:COOGI-390780', 10),
(1269, '18/04/2022 11:10:11', 'Logou no sistema: TONY AUGUSTO ALVES LIMA, maquina: COOGI-390780', 10),
(1270, '18/04/2022 11:11:20', 'Deslogou do sistema: TONY AUGUSTO ALVES LIMA, maquina:COOGI-390780', 10),
(1271, '18/04/2022 11:12:02', 'Logou no sistema: TONY AUGUSTO ALVES LIMA, maquina: COOGI-390780', 10),
(1272, '18/04/2022 14:18:26', 'Deslogou do sistema: TONY AUGUSTO ALVES LIMA, maquina:COOGI-390780', 10),
(1273, '19/04/2022 10:55:28', 'Logou no sistema: FERNANDO MAURICIO IMTHURM, maquina: COOGI-390880', 8),
(1274, '19/04/2022 10:56:43', 'Logou no sistema: TONY AUGUSTO ALVES LIMA, maquina: COOGI-390780', 10),
(1275, '19/04/2022 12:08:55', 'Deslogou do sistema: FERNANDO MAURICIO IMTHURM, maquina:COOGI-390880', 8),
(1276, '19/04/2022 16:37:27', 'Logou no sistema: FERNANDO MAURICIO IMTHURM, maquina: COOGI-390880', 8),
(1277, '19/04/2022 16:38:47', 'Cadatrado novo funcionário: NILSON FRANCISCO ALVES DA LUZ', 8),
(1278, '19/04/2022 16:43:55', 'Cadatrado chip: 89550641139000041151', 8),
(1279, '19/04/2022 16:44:32', 'Novo Emprestimo, para: NILSON FRANCISCO ALVES DA LUZ , aparelho: SMARTPHONE , imei: 352403090241373 chip:   .   .   - ', 8),
(1280, '19/04/2022 16:58:04', 'Alterar Emprestimo, de: NILSON FRANCISCO ALVES DA LUZ , aparelho: SMARTPHONE , imei: 352403090241373 chip: 18.876.839-3', 8),
(1281, '19/04/2022 16:58:21', 'Deslogou do sistema: TONY AUGUSTO ALVES LIMA, maquina:COOGI-390780', 10),
(1282, '19/04/2022 16:58:28', 'Alterar Emprestimo, de: NILSON FRANCISCO ALVES DA LUZ , aparelho: SMARTPHONE , imei: 352403090241373 chip: 18.876.839-3', 8),
(1283, '19/04/2022 16:58:35', 'Reemitir termo:224 do funcionário: NILSON FRANCISCO ALVES DA LUZ', 8),
(1284, '19/04/2022 17:00:57', 'Deslogou do sistema: FERNANDO MAURICIO IMTHURM, maquina:COOGI-390880', 8),
(1285, '20/04/2022 10:17:14', 'Logou no sistema: FERNANDO MAURICIO IMTHURM, maquina: COOGI-390880', 8),
(1286, '20/04/2022 10:18:13', 'Deslogou do sistema: FERNANDO MAURICIO IMTHURM, maquina:COOGI-390880', 8),
(1287, '20/04/2022 14:26:32', 'Logou no sistema: FERNANDO MAURICIO IMTHURM, maquina: COOGI-390880', 8),
(1288, '20/04/2022 14:28:02', 'Reemitir termo:64 do funcionário: ADENILSON CATUZO DA SILVA ', 8),
(1289, '20/04/2022 14:28:23', 'Reemitir termo:224 do funcionário: NILSON FRANCISCO ALVES DA LUZ', 8),
(1290, '20/04/2022 14:30:02', 'Deslogou do sistema: FERNANDO MAURICIO IMTHURM, maquina:COOGI-390880', 8),
(1291, '25/04/2022 13:33:25', 'Logou no sistema: FERNANDO MAURICIO IMTHURM, maquina: COOGI-390880', 8),
(1292, '25/04/2022 14:35:52', 'Logou no sistema: TONY AUGUSTO ALVES LIMA, maquina: COOGI-390780', 10),
(1293, '25/04/2022 16:24:20', 'Reemitir termo:219 do funcionário: MOISÉS DO LAGO SANTOS', 8),
(1294, '25/04/2022 16:26:04', 'Deslogou do sistema: FERNANDO MAURICIO IMTHURM, maquina:COOGI-390880', 8),
(1295, '25/04/2022 16:28:13', 'Deslogou do sistema: TONY AUGUSTO ALVES LIMA, maquina:COOGI-390780', 10),
(1296, '25/04/2022 16:28:22', 'Logou no sistema: TONY AUGUSTO ALVES LIMA, maquina: COOGI-390780', 10),
(1297, '25/04/2022 16:32:37', 'Logou no sistema: FERNANDO MAURICIO IMTHURM, maquina: COOGI-390880', 8),
(1298, '25/04/2022 16:39:18', 'Deslogou do sistema: FERNANDO MAURICIO IMTHURM, maquina:COOGI-390880', 8),
(1299, '25/04/2022 16:43:22', 'Logou no sistema: FERNANDO MAURICIO IMTHURM, maquina: COOGI-390880', 8),
(1300, '25/04/2022 16:52:08', 'Excluído celular: 352403090246331', 8),
(1301, '25/04/2022 16:55:20', 'Alterada celular: 352403090246331', 8),
(1302, '25/04/2022 16:57:25', 'Deslogou do sistema: TONY AUGUSTO ALVES LIMA, maquina:COOGI-390780', 10),
(1303, '26/04/2022 10:10:53', 'Novo Emprestimo, para: NILSON FRANCISCO ALVES DA LUZ , aparelho: SMARTPHONE , imei: 352403090241373 chip:   .   .   - ', 8),
(1304, '27/04/2022 08:36:03', 'Logou no sistema: TONY AUGUSTO ALVES LIMA, maquina: COOGI-390780', 10);
INSERT INTO `logsistema` (`idLog`, `data`, `atividade`, `usuario_id`) VALUES
(1305, '27/04/2022 08:37:16', 'Cadatrado novo funcionário: MARCIO CLEBER SECHI PINAFFI ', 10),
(1306, '27/04/2022 08:47:47', 'Novo Emprestimo, para: MARCIO CLEBER SECHI PINAFFI  , aparelho: SMARTPHONE , imei: 861915040345511 chip: 18.898.059-7', 10),
(1307, '27/04/2022 08:55:32', 'Cadatrado novo funcionário: JULIANA CASSIA ALVES PEREIRA MULLER  ', 10),
(1308, '27/04/2022 09:03:17', 'Cadatrado novo funcionário: ALEXANDRE MULINARI MATERA ', 10),
(1309, '27/04/2022 09:05:34', 'Novo Emprestimo, para: ALEXANDRE MULINARI MATERA  , aparelho: SMARTPHONE , imei: 861915045699714 chip: 18.898.217-4', 10),
(1310, '27/04/2022 09:13:37', 'Cadatrado novo funcionário: OSMAR AGOSTINHO CAMARGO', 10),
(1311, '27/04/2022 09:15:43', 'Novo Emprestimo, para: OSMAR AGOSTINHO CAMARGO , aparelho: SMARTPHONE , imei: 861915046994296 chip: 18.898.059-7', 10),
(1312, '27/04/2022 09:22:38', 'Cadatrado novo funcionário: CLEVERSON MOLOSSI ', 10),
(1313, '27/04/2022 09:23:41', 'Novo Emprestimo, para: CLEVERSON MOLOSSI  , aparelho: SMARTPHONE , imei: 861697044937192 chip:   .   .   - ', 10),
(1314, '27/04/2022 09:27:24', 'Alterar Emprestimo, de: CLEVERSON MOLOSSI  , aparelho: SMARTPHONE , imei: 861697044937192 chip: 18.898.429-0', 10),
(1315, '27/04/2022 09:27:29', 'Reemitir termo:229 do funcionário: CLEVERSON MOLOSSI ', 10),
(1316, '27/04/2022 09:35:49', 'Cadatrado novo funcionário: FERNANDO CÁSSIO BINI ', 10),
(1317, '27/04/2022 09:37:59', 'Novo Emprestimo, para: FERNANDO CÁSSIO BINI  , aparelho: SMARTPHONE , imei: 861697044884410 chip: 18.898.542-4', 10),
(1318, '27/04/2022 09:41:24', 'Cadatrado novo funcionário: JOSÉ VIEIRA DOS SANTOS ', 10),
(1319, '27/04/2022 09:43:58', 'Novo Emprestimo, para: JOSÉ VIEIRA DOS SANTOS  , aparelho: SMARTPHONE , imei: 861697044847417 chip: 18.898.606-4', 10),
(1320, '27/04/2022 10:01:55', 'Novo Emprestimo, para: ANTÔNIO VAZ DE SOUZA , aparelho: SMARTPHONE , imei: 861915040073790 chip: 18.898.780-0', 10),
(1321, '27/04/2022 10:15:56', 'Alterar funcionário: MARCIO CLEBER SECHI PINAFFI ', 10),
(1322, '27/04/2022 10:21:24', 'Alterar Emprestimo, de: MARCIO CLEBER SECHI PINAFFI  , aparelho: SMARTPHONE , imei: 861915040345511 chip: 18.898.059-7', 10),
(1323, '27/04/2022 10:21:28', 'Reemitir termo:226 do funcionário: MARCIO CLEBER SECHI PINAFFI ', 10),
(1324, '27/04/2022 10:31:00', 'Alterar funcionário: JULIANA CASSIA ALVES PEREIRA MULLER  ', 10),
(1325, '27/04/2022 10:33:04', 'Novo Emprestimo, para: JULIANA CASSIA ALVES PEREIRA MULLER   , aparelho: SMARTPHONE , imei: 866638046940250 chip: 18.899.101-7', 10),
(1326, '27/04/2022 16:46:29', 'Deslogou do sistema: TONY AUGUSTO ALVES LIMA, maquina:COOGI-390780', 10),
(1327, '28/04/2022 14:44:49', 'Deslogou do sistema: FERNANDO MAURICIO IMTHURM, maquina:COOGI-390880', 8),
(1328, '28/04/2022 14:45:00', 'Logou no sistema: FERNANDO MAURICIO IMTHURM, maquina: COOGI-390880', 8),
(1329, '28/04/2022 14:53:45', 'Cadatrado chip: 8955064113900004730', 8),
(1330, '28/04/2022 14:55:16', 'Cadatrado novo funcionário: MARCELO BERTIPALHA CABRAL', 8),
(1331, '28/04/2022 14:59:10', 'Excluído celular: 35493113949766', 8),
(1332, '28/04/2022 15:04:14', 'Novo Emprestimo, para: MARCELO BERTIPALHA CABRAL , aparelho: SMARTPHONE , imei: 35493113949766 chip: 18.906.430-6', 8),
(1333, '28/04/2022 15:09:20', 'Deslogou do sistema: FERNANDO MAURICIO IMTHURM, maquina:COOGI-390880', 8),
(1334, '28/04/2022 15:20:17', 'Logou no sistema: FERNANDO MAURICIO IMTHURM, maquina: COOGI-390880', 8),
(1335, '28/04/2022 15:54:34', 'Deslogou do sistema: FERNANDO MAURICIO IMTHURM, maquina:COOGI-390880', 8),
(1336, '28/04/2022 16:12:20', 'Logou no sistema: TONY AUGUSTO ALVES LIMA, maquina: COOGI-390780', 10),
(1337, '28/04/2022 16:13:03', 'Deslogou do sistema: TONY AUGUSTO ALVES LIMA, maquina:COOGI-390780', 10),
(1338, '29/04/2022 09:15:48', 'Logou no sistema: TONY AUGUSTO ALVES LIMA, maquina: COOGI-390780', 10),
(1339, '29/04/2022 09:16:24', 'Cadatrado novo funcionário: HUGO A. HAFEMANN', 10),
(1340, '29/04/2022 09:29:31', 'Novo Emprestimo, para: HUGO A. HAFEMANN , aparelho: SMARTPHONE , imei: 861697044936954 chip: 18.909.227-0', 10),
(1341, '29/04/2022 09:35:46', 'Cadatrado novo funcionário: SILVIO BARTZ', 10),
(1342, '29/04/2022 09:38:56', 'Novo Emprestimo, para: SILVIO BARTZ , aparelho: SMARTPHONE , imei: 861915046940612 chip: 18.909.312-8', 10),
(1343, '29/04/2022 09:46:53', 'Cadatrado novo funcionário: FRANCISCO MAIA NETO', 10),
(1344, '29/04/2022 09:48:54', 'Novo Emprestimo, para: FRANCISCO MAIA NETO , aparelho: SMARTPHONE , imei: 861697044911973 chip: 18.909.436-1', 10),
(1345, '29/04/2022 09:55:49', 'Novo Emprestimo, para: FABIANO HENRIQUE BARATI , aparelho: SMARTPHONE , imei: 861697044800317 chip: 18.909.516-3', 10),
(1346, '29/04/2022 10:10:12', 'Novo Emprestimo, para: BRUNO MUSSALAM SANTANA , aparelho: SMARTPHONE , imei: 861697044886597 chip: 18.909.673-9', 10),
(1347, '29/04/2022 11:35:18', 'Deslogou do sistema: TONY AUGUSTO ALVES LIMA, maquina:COOGI-390780', 10),
(1348, '29/04/2022 13:53:13', 'Logou no sistema: OTONIEL AMANCIO ALVES, maquina: COOGI-390861', 2),
(1349, '29/04/2022 13:58:11', 'Deslogou do sistema: OTONIEL AMANCIO ALVES, maquina:COOGI-390861', 2),
(1350, '29/04/2022 14:19:13', 'Logou no sistema: OTONIEL AMANCIO ALVES, maquina: COOGI-390861', 2),
(1351, '29/04/2022 14:20:16', 'Deslogou do sistema: OTONIEL AMANCIO ALVES, maquina:COOGI-390861', 2),
(1352, '29/04/2022 14:24:07', 'Logou no sistema: OTONIEL AMANCIO ALVES, maquina: COOGI-390861', 2),
(1353, '29/04/2022 14:26:03', 'Deslogou do sistema: OTONIEL AMANCIO ALVES, maquina:COOGI-390861', 2),
(1354, '29/04/2022 14:26:44', 'Logou no sistema: OTONIEL AMANCIO ALVES, maquina: COOGI-390861', 2),
(1355, '29/04/2022 14:27:50', 'Deslogou do sistema: OTONIEL AMANCIO ALVES, maquina:COOGI-390861', 2),
(1356, '29/04/2022 16:49:53', 'Logou no sistema: FERNANDO MAURICIO IMTHURM, maquina: COOGI-390880', 8),
(1357, '03/05/2022 09:46:09', 'Logou no sistema: FERNANDO MAURICIO IMTHURM, maquina: COOGI-390880', 8),
(1358, '03/05/2022 16:47:13', 'Deslogou do sistema: FERNANDO MAURICIO IMTHURM, maquina:COOGI-390880', 8),
(1359, '04/05/2022 09:17:52', 'Logou no sistema: TONY AUGUSTO ALVES LIMA, maquina: COOGI-390780', 10),
(1360, '04/05/2022 13:58:51', 'Deslogou do sistema: TONY AUGUSTO ALVES LIMA, maquina:COOGI-390780', 10),
(1361, '04/05/2022 14:35:37', 'Logou no sistema: FERNANDO MAURICIO IMTHURM, maquina: COOGI-390880', 8),
(1362, '04/05/2022 14:41:03', 'Cadatrado novo funcionário: KEMILLY LARISSA BARBOZA VIEIRA', 8),
(1363, '04/05/2022 14:42:31', 'Deslogou do sistema: FERNANDO MAURICIO IMTHURM, maquina:COOGI-390880', 8),
(1364, '04/05/2022 14:42:46', 'Logou no sistema: FERNANDO MAURICIO IMTHURM, maquina: COOGI-390880', 8),
(1365, '04/05/2022 15:28:36', 'Novo Emprestimo, para: KEMILLY LARISSA BARBOZA VIEIRA , aparelho: SMARTPHONE , imei: 866498046285614 chip: 18.930.085-9', 8),
(1366, '04/05/2022 15:48:02', 'Novo Emprestimo, para: KEMILLY LARISSA BARBOZA VIEIRA , aparelho: SMARTPHONE , imei: 861915047414534 chip: 18.930.253-3', 8),
(1367, '04/05/2022 15:53:44', 'Deslogou do sistema: FERNANDO MAURICIO IMTHURM, maquina:COOGI-390880', 8),
(1368, '04/05/2022 15:54:34', 'Logou no sistema: TONY AUGUSTO ALVES LIMA, maquina: COOGI-390780', 10),
(1369, '04/05/2022 16:25:45', 'Logou no sistema: FERNANDO MAURICIO IMTHURM, maquina: COOGI-390880', 8),
(1370, '04/05/2022 16:57:58', 'Deslogou do sistema: TONY AUGUSTO ALVES LIMA, maquina:COOGI-390780', 10),
(1371, '05/05/2022 08:56:58', 'Logou no sistema: TONY AUGUSTO ALVES LIMA, maquina: COOGI-390780', 10),
(1372, '05/05/2022 10:59:29', 'Deslogou do sistema: TONY AUGUSTO ALVES LIMA, maquina:COOGI-390780', 10),
(1373, '05/05/2022 11:17:18', 'Logou no sistema: TONY AUGUSTO ALVES LIMA, maquina: COOGI-390780', 10),
(1374, '05/05/2022 11:21:04', 'Cadatrado novo funcionário: NADYA COLDEBELLA', 10),
(1375, '05/05/2022 11:29:59', 'Novo Emprestimo, para: NADYA COLDEBELLA , aparelho: SMARTPHONE , imei: 863466042048537 chip: 18.933.477-0', 10),
(1376, '05/05/2022 12:16:16', 'Deslogou do sistema: TONY AUGUSTO ALVES LIMA, maquina:COOGI-390780', 10),
(1377, '06/05/2022 08:29:12', 'Reemitir termo:167 do funcionário: VALMIR MORESCHI', 8),
(1378, '06/05/2022 08:38:19', 'Novo Emprestimo, para: VALMIR MORESCHI , aparelho:  , imei:  chip: 18.937.285-0', 8),
(1379, '06/05/2022 08:40:30', 'Deslogou do sistema: FERNANDO MAURICIO IMTHURM, maquina:COOGI-390880', 8),
(1380, '06/05/2022 10:12:53', 'Logou no sistema: FERNANDO MAURICIO IMTHURM, maquina: COOGI-390880', 8),
(1381, '06/05/2022 10:16:27', 'Reemitir termo:144 do funcionário: VALMIR MORESCHI', 8),
(1382, '06/05/2022 11:30:31', 'Logou no sistema: TONY AUGUSTO ALVES LIMA, maquina: COOGI-390780', 10),
(1383, '06/05/2022 11:31:39', 'Deslogou do sistema: TONY AUGUSTO ALVES LIMA, maquina:COOGI-390780', 10),
(1384, '09/05/2022 09:09:10', 'Logou no sistema: TONY AUGUSTO ALVES LIMA, maquina: COOGI-390780', 10),
(1385, '09/05/2022 09:24:36', 'Logou no sistema: FERNANDO MAURICIO IMTHURM, maquina: COOGI-390880', 8),
(1386, '09/05/2022 09:25:55', 'Deslogou do sistema: FERNANDO MAURICIO IMTHURM, maquina:COOGI-390880', 8),
(1387, '09/05/2022 11:12:31', 'Logou no sistema: FARID GELASCO MALSCHITZKY, maquina: COOGI-390792', 5),
(1388, '09/05/2022 11:22:13', 'Deslogou do sistema: TONY AUGUSTO ALVES LIMA, maquina:COOGI-390780', 10),
(1389, '09/05/2022 11:22:21', 'Logou no sistema: TONY AUGUSTO ALVES LIMA, maquina: COOGI-390780', 10),
(1390, '09/05/2022 11:34:10', 'Cadatrado novo funcionário: RICARDO DE OLIVEIRA EGIDO', 10),
(1391, '09/05/2022 11:43:43', 'Novo Emprestimo, para: RICARDO DE OLIVEIRA EGIDO , aparelho: SMARTPHONE , imei: 861697044880251 chip: 18.945.100-8', 10),
(1392, '09/05/2022 11:44:56', 'Deslogou do sistema: FARID GELASCO MALSCHITZKY, maquina:COOGI-390792', 5),
(1393, '09/05/2022 11:47:38', 'Alterar funcionário: MARCOS BARBOSA DA SILVA', 10),
(1394, '09/05/2022 11:51:41', 'Novo Emprestimo, para: MARCOS BARBOSA DA SILVA , aparelho: SMARTPHONE , imei: 861697044858059 chip: 18.945.167-9', 10),
(1395, '09/05/2022 11:53:45', 'Reemitir termo:245 do funcionário: MARCOS BARBOSA DA SILVA', 10),
(1396, '09/05/2022 11:59:34', 'Alterar funcionário: MARCOS ROBERTO MODOS', 10),
(1397, '09/05/2022 12:06:21', 'Novo Emprestimo, para: MARCOS ROBERTO MODOS , aparelho: SMARTPHONE , imei: 866498044630316 chip: 18.945.242-0', 10),
(1398, '09/05/2022 12:10:41', 'Cadatrado novo funcionário: JOSIAS ALVES CONCEIÇÃO', 10),
(1399, '09/05/2022 12:13:27', 'Novo Emprestimo, para: JOSIAS ALVES CONCEIÇÃO , aparelho: SMARTPHONE , imei: 863466044594694 chip: 18.945.293-4', 10),
(1400, '09/05/2022 12:16:09', 'Cadatrado novo funcionário: VALSANDRO GERALDO PAULINO', 10),
(1401, '09/05/2022 12:18:40', 'Novo Emprestimo, para: VALSANDRO GERALDO PAULINO , aparelho: SMARTPHONE , imei: 861697044939578 chip: 18.945.319-1', 10),
(1402, '09/05/2022 14:29:33', 'Alterada celular: 861697044880251', 10),
(1403, '09/05/2022 14:29:41', 'Alterada celular: 861697044858059', 10),
(1404, '09/05/2022 14:30:33', 'Alterada celular: 866498044630316', 10),
(1405, '09/05/2022 14:31:11', 'Alterada celular: 863466044594694', 10),
(1406, '09/05/2022 14:31:51', 'Alterada celular: 861697044939578', 10),
(1407, '09/05/2022 16:57:08', 'Deslogou do sistema: TONY AUGUSTO ALVES LIMA, maquina:COOGI-390780', 10),
(1408, '10/05/2022 09:26:53', 'Logou no sistema: FERNANDO MAURICIO IMTHURM, maquina: COOGI-390880', 8),
(1409, '10/05/2022 10:01:24', 'Logou no sistema: TONY AUGUSTO ALVES LIMA, maquina: COOGI-390780', 10),
(1410, '10/05/2022 10:25:47', 'Deslogou do sistema: TONY AUGUSTO ALVES LIMA, maquina:COOGI-390780', 10),
(1411, '10/05/2022 11:30:14', 'Logou no sistema: TONY AUGUSTO ALVES LIMA, maquina: COOGI-390780', 10),
(1412, '10/05/2022 14:44:27', 'Deslogou do sistema: TONY AUGUSTO ALVES LIMA, maquina:COOGI-390780', 10),
(1413, '10/05/2022 15:42:11', 'Deslogou do sistema: FERNANDO MAURICIO IMTHURM, maquina:COOGI-390880', 8),
(1414, '10/05/2022 16:04:43', 'Logou no sistema: TONY AUGUSTO ALVES LIMA, maquina: COOGI-390780', 10),
(1415, '10/05/2022 16:57:14', 'Deslogou do sistema: TONY AUGUSTO ALVES LIMA, maquina:COOGI-390780', 10),
(1416, '11/05/2022 08:40:01', 'Logou no sistema: TONY AUGUSTO ALVES LIMA, maquina: COOGI-390780', 10),
(1417, '11/05/2022 08:40:33', 'Cadatrado novo funcionário: ANTONIO CARLOS RODRIGUES ', 10),
(1418, '11/05/2022 08:44:52', 'Novo Emprestimo, para: ANTONIO CARLOS RODRIGUES  , aparelho: SMARTPHONE , imei: 861697044839919 chip: 18.954.527-4', 10),
(1419, '11/05/2022 08:48:36', 'Cadatrado novo funcionário: MARIO DONIZETE RODRIGUES ', 10),
(1420, '11/05/2022 08:50:43', 'Novo Emprestimo, para: MARIO DONIZETE RODRIGUES  , aparelho: SMARTPHONE , imei: 861697044780576 chip: 18.954.591-6', 10),
(1421, '11/05/2022 08:53:07', 'Alterar funcionário: MARIO DONIZETTI RODRIGUES ', 10),
(1422, '11/05/2022 08:53:42', 'Reemitir termo:250 do funcionário: MARIO DONIZETTI RODRIGUES ', 10),
(1423, '11/05/2022 08:55:57', 'Alterar funcionário: MARIO DONIZETTI FERNANDES', 10),
(1424, '11/05/2022 08:56:16', 'Reemitir termo:250 do funcionário: MARIO DONIZETTI FERNANDES', 10),
(1425, '11/05/2022 09:00:35', 'Reemitir termo:250 do funcionário: MARIO DONIZETTI FERNANDES', 10),
(1426, '11/05/2022 09:02:37', 'Logou no sistema: OTONIEL AMANCIO ALVES, maquina: COOGI-390861', 2),
(1427, '11/05/2022 09:03:22', 'Deslogou do sistema: OTONIEL AMANCIO ALVES, maquina:COOGI-390861', 2),
(1428, '11/05/2022 09:03:34', 'Logou no sistema: OTONIEL AMANCIO ALVES, maquina: COOGI-390861', 2),
(1429, '11/05/2022 09:04:24', 'Deslogou do sistema: OTONIEL AMANCIO ALVES, maquina:COOGI-390861', 2),
(1430, '11/05/2022 09:05:33', 'Logou no sistema: OTONIEL AMANCIO ALVES, maquina: COOGI-390861', 2),
(1431, '11/05/2022 09:05:57', 'Deslogou do sistema: OTONIEL AMANCIO ALVES, maquina:COOGI-390861', 2),
(1432, '11/05/2022 09:07:34', 'Logou no sistema: OTONIEL AMANCIO ALVES, maquina: COOGI-390861', 2),
(1433, '11/05/2022 09:08:27', 'Deslogou do sistema: OTONIEL AMANCIO ALVES, maquina:COOGI-390861', 2),
(1434, '11/05/2022 09:08:37', 'Logou no sistema: OTONIEL AMANCIO ALVES, maquina: COOGI-390861', 2),
(1435, '11/05/2022 09:09:23', 'Deslogou do sistema: OTONIEL AMANCIO ALVES, maquina:COOGI-390861', 2),
(1436, '11/05/2022 09:17:37', 'Logou no sistema: FERNANDO MAURICIO IMTHURM, maquina: COOGI-390880', 8),
(1437, '11/05/2022 09:18:58', 'Reemitir termo:77 do funcionário: ANDERSON THIAGO ATANAZO', 8),
(1438, '11/05/2022 09:20:28', 'Logou no sistema: OTONIEL AMANCIO ALVES, maquina: COOGI-390861', 2),
(1439, '11/05/2022 09:21:40', 'Deslogou do sistema: OTONIEL AMANCIO ALVES, maquina:COOGI-390861', 2),
(1440, '11/05/2022 09:21:50', 'Logou no sistema: OTONIEL AMANCIO ALVES, maquina: COOGI-390861', 2),
(1441, '11/05/2022 09:23:48', 'Deslogou do sistema: OTONIEL AMANCIO ALVES, maquina:COOGI-390861', 2),
(1442, '11/05/2022 09:24:00', 'Logou no sistema: OTONIEL AMANCIO ALVES, maquina: COOGI-390861', 2),
(1443, '11/05/2022 09:31:55', 'Reemitir termo:77 do funcionário: ANDERSON THIAGO ATANAZO', 8),
(1444, '11/05/2022 09:35:18', 'Deslogou do sistema: OTONIEL AMANCIO ALVES, maquina:COOGI-390861', 2),
(1445, '11/05/2022 09:35:34', 'Logou no sistema: OTONIEL AMANCIO ALVES, maquina: COOGI-390861', 2),
(1446, '11/05/2022 09:36:41', 'Deslogou do sistema: OTONIEL AMANCIO ALVES, maquina:COOGI-390861', 2),
(1447, '11/05/2022 09:41:06', 'Logou no sistema: OTONIEL AMANCIO ALVES, maquina: COOGI-390861', 2),
(1448, '11/05/2022 09:43:54', 'Deslogou do sistema: OTONIEL AMANCIO ALVES, maquina:COOGI-390861', 2),
(1449, '11/05/2022 09:44:02', 'Logou no sistema: OTONIEL AMANCIO ALVES, maquina: COOGI-390861', 2),
(1450, '11/05/2022 09:44:39', 'Deslogou do sistema: OTONIEL AMANCIO ALVES, maquina:COOGI-390861', 2),
(1451, '11/05/2022 09:45:35', 'Logou no sistema: OTONIEL AMANCIO ALVES, maquina: COOGI-390861', 2),
(1452, '11/05/2022 09:46:10', 'Deslogou do sistema: OTONIEL AMANCIO ALVES, maquina:COOGI-390861', 2),
(1453, '11/05/2022 09:46:22', 'Logou no sistema: OTONIEL AMANCIO ALVES, maquina: COOGI-390861', 2),
(1454, '11/05/2022 10:17:53', 'Logou no sistema: OTONIEL AMANCIO ALVES, maquina: COOGI-390861', 2),
(1455, '11/05/2022 10:18:46', 'Excluído celular: 358668081083554', 2),
(1456, '11/05/2022 10:25:32', 'Deslogou do sistema: OTONIEL AMANCIO ALVES, maquina:COOGI-390861', 2),
(1457, '11/05/2022 11:27:39', 'Deslogou do sistema: TONY AUGUSTO ALVES LIMA, maquina:COOGI-390780', 10),
(1458, '11/05/2022 11:30:05', 'Logou no sistema: TONY AUGUSTO ALVES LIMA, maquina: COOGI-390780', 10),
(1459, '11/05/2022 11:45:31', 'Logou no sistema: TONY AUGUSTO ALVES LIMA, maquina: COOGI-390780', 10),
(1460, '11/05/2022 11:54:00', 'Logou no sistema: OTONIEL AMANCIO ALVES, maquina: COOGI-390861', 2),
(1461, '11/05/2022 11:58:39', 'Deslogou do sistema: OTONIEL AMANCIO ALVES, maquina:COOGI-390861', 2),
(1462, '11/05/2022 12:17:58', 'Deslogou do sistema: TONY AUGUSTO ALVES LIMA, maquina:COOGI-390780', 10),
(1463, '11/05/2022 12:17:59', 'Deslogou do sistema: TONY AUGUSTO ALVES LIMA, maquina:COOGI-390780', 10),
(1464, '11/05/2022 14:50:34', 'Logou no sistema: TONY AUGUSTO ALVES LIMA, maquina: COOGI-390780', 10),
(1465, '11/05/2022 14:51:07', 'Cadatrado novo funcionário: ANTONIO HONORATO', 10),
(1466, '11/05/2022 14:53:29', 'Novo Emprestimo, para: ANTONIO HONORATO , aparelho: SMARTPHONE , imei: 861697044922079 chip: 18.957.573-4', 10),
(1467, '11/05/2022 14:57:32', 'Cadatrado novo funcionário: CRISTIANE MUNIZ', 10),
(1468, '11/05/2022 14:59:55', 'Novo Emprestimo, para: CRISTIANE MUNIZ , aparelho: SMARTPHONE , imei: 861697044804731 chip: 18.957.626-9', 10),
(1469, '11/05/2022 15:02:29', 'Cadatrado novo funcionário: HELIO MUDRAK', 10),
(1470, '11/05/2022 15:05:25', 'Novo Emprestimo, para: HELIO MUDRAK , aparelho: SMARTPHONE , imei: 861697044910256 chip: 18.957.670-6', 10),
(1471, '11/05/2022 15:12:37', 'Novo Emprestimo, para: SERGIO VIANNA GURSKI , aparelho: SMARTPHONE , imei: 861697044848118 chip: 18.957.732-0', 10),
(1472, '11/05/2022 15:20:22', 'Novo Emprestimo, para: EDUARDO HENRIQUE SCHAIA ROCHA , aparelho: SMARTPHONE , imei: 863466041492231 chip: 18.957.805-9', 10),
(1473, '11/05/2022 16:39:39', 'Deslogou do sistema: TONY AUGUSTO ALVES LIMA, maquina:COOGI-390780', 10),
(1474, '11/05/2022 16:58:59', 'Deslogou do sistema: FERNANDO MAURICIO IMTHURM, maquina:COOGI-390880', 8),
(1475, '12/05/2022 09:02:12', 'Logou no sistema: FERNANDO MAURICIO IMTHURM, maquina: COOGI-390880', 8),
(1476, '12/05/2022 10:20:18', 'Logou no sistema: TONY AUGUSTO ALVES LIMA, maquina: COOGI-390780', 10),
(1477, '12/05/2022 10:20:33', 'Alterada celular: 861697044922079', 10),
(1478, '12/05/2022 10:29:18', 'Deslogou do sistema: TONY AUGUSTO ALVES LIMA, maquina:COOGI-390780', 10),
(1479, '12/05/2022 14:37:20', 'Deslogou do sistema: FERNANDO MAURICIO IMTHURM, maquina:COOGI-390880', 8),
(1480, '13/05/2022 08:15:46', 'Logou no sistema: TONY AUGUSTO ALVES LIMA, maquina: COOGI-390780', 10),
(1481, '13/05/2022 08:16:17', 'Cadatrado novo funcionário: ELYZANDRO FONSECA GUIMARÃES', 10),
(1482, '13/05/2022 08:18:40', 'Novo Emprestimo, para: ELYZANDRO FONSECA GUIMARÃES , aparelho: SMARTPHONE , imei: 861697044848993 chip: 18.965.318-2', 10),
(1483, '13/05/2022 08:21:22', 'Cadatrado novo funcionário: FERNANDO FERRAZ', 10),
(1484, '13/05/2022 08:23:32', 'Novo Emprestimo, para: FERNANDO FERRAZ , aparelho: SMARTPHONE , imei: 861697044964477 chip: 18.965.346-8', 10),
(1485, '13/05/2022 08:26:12', 'Cadatrado novo funcionário: ANDERSON JOSÉ DE OLIVEIRA', 10),
(1486, '13/05/2022 08:28:18', 'Novo Emprestimo, para: ANDERSON JOSÉ DE OLIVEIRA , aparelho: SMARTPHONE , imei: 861915047429052 chip: 18.965.376-0', 10),
(1487, '13/05/2022 08:30:30', 'Cadatrado novo funcionário: VALDINEI ROGÉRIO TRANCOSO', 10),
(1488, '13/05/2022 09:13:10', 'Novo Emprestimo, para: VALDINEI ROGÉRIO TRANCOSO , aparelho: SMARTPHONE , imei: 861915047564312 chip: 18.965.689-0', 10),
(1489, '13/05/2022 09:15:50', 'Cadatrado novo funcionário: RICARDO TOSHIYUKI KOGA ', 10),
(1490, '13/05/2022 09:18:06', 'Novo Emprestimo, para: RICARDO TOSHIYUKI KOGA  , aparelho: SMARTPHONE , imei: 861915047557936 chip: 18.965.728-5', 10),
(1491, '13/05/2022 10:48:21', 'Alterada celular: 861697044848993', 10),
(1492, '13/05/2022 10:48:27', 'Alterada celular: 861697044964477', 10),
(1493, '13/05/2022 12:18:35', 'Logou no sistema: FERNANDO MAURICIO IMTHURM, maquina: COOGI-390880', 8),
(1494, '13/05/2022 15:23:15', 'Logou no sistema: OTONIEL AMANCIO ALVES, maquina: COOGI-390861', 2),
(1495, '13/05/2022 15:25:02', 'Reemitir termo:204 do funcionário: FARID GELASCO MALSCHITZKY', 2),
(1496, '13/05/2022 15:25:30', 'Reemitir termo:182 do funcionário: SILVIA RENATA FARINCHO ABRANTES', 2),
(1497, '13/05/2022 15:27:06', 'Deslogou do sistema: OTONIEL AMANCIO ALVES, maquina:COOGI-390861', 2),
(1498, '13/05/2022 15:28:00', 'Logou no sistema: OTONIEL AMANCIO ALVES, maquina: COOGI-390861', 2),
(1499, '13/05/2022 15:28:27', 'Deslogou do sistema: OTONIEL AMANCIO ALVES, maquina:COOGI-390861', 2),
(1500, '13/05/2022 16:56:41', 'Deslogou do sistema: TONY AUGUSTO ALVES LIMA, maquina:COOGI-390780', 10),
(1501, '16/05/2022 10:30:46', 'Logou no sistema: FERNANDO MAURICIO IMTHURM, maquina: COOGI-390880', 8),
(1502, '16/05/2022 10:31:41', 'Reemitir termo:77 do funcionário: ANDERSON THIAGO ATANAZO', 8),
(1503, '16/05/2022 10:43:33', 'Reemitir termo:82 do funcionário: DANIEL ALVES DOS SANTOS', 8),
(1504, '16/05/2022 11:11:40', 'Deslogou do sistema: FERNANDO MAURICIO IMTHURM, maquina:COOGI-390880', 8),
(1505, '16/05/2022 11:11:59', 'Logou no sistema: FERNANDO MAURICIO IMTHURM, maquina: COOGI-390880', 8),
(1506, '16/05/2022 11:12:30', 'Reemitir termo:82 do funcionário: DANIEL ALVES DOS SANTOS', 8),
(1507, '16/05/2022 11:13:05', 'Deslogou do sistema: FERNANDO MAURICIO IMTHURM, maquina:COOGI-390880', 8),
(1508, '16/05/2022 11:13:16', 'Logou no sistema: FERNANDO MAURICIO IMTHURM, maquina: COOGI-390880', 8),
(1509, '16/05/2022 11:15:54', 'Logou no sistema: TONY AUGUSTO ALVES LIMA, maquina: COOGI-390780', 10),
(1510, '16/05/2022 11:22:35', 'Deslogou do sistema: FERNANDO MAURICIO IMTHURM, maquina:COOGI-390880', 8),
(1511, '16/05/2022 11:48:18', 'Deslogou do sistema: TONY AUGUSTO ALVES LIMA, maquina:COOGI-390780', 10),
(1512, '16/05/2022 13:52:19', 'Logou no sistema: FERNANDO MAURICIO IMTHURM, maquina: COOGI-390880', 8),
(1513, '16/05/2022 14:29:21', 'Reemitir termo:77 do funcionário: ANDERSON THIAGO ATANAZO', 8),
(1514, '16/05/2022 14:33:26', 'Novo Emprestimo, para: ANDERSON THIAGO ATANAZO , aparelho: SMARTPHONE , imei: 864012054203989 chip: 18.523.441-0', 8),
(1515, '16/05/2022 14:46:36', 'Reemitir termo:261 do funcionário: ANDERSON THIAGO ATANAZO', 8),
(1516, '16/05/2022 16:02:04', 'Reemitir termo:261 do funcionário: ANDERSON THIAGO ATANAZO', 8),
(1517, '16/05/2022 16:03:05', 'Reemitir termo:82 do funcionário: DANIEL ALVES DOS SANTOS', 8),
(1518, '16/05/2022 16:03:50', 'Reemitir termo:79 do funcionário: CARLOS GELSON SUOTA', 8),
(1519, '16/05/2022 16:20:04', 'Deslogou do sistema: FERNANDO MAURICIO IMTHURM, maquina:COOGI-390880', 8),
(1520, '16/05/2022 16:21:37', 'Logou no sistema: FERNANDO MAURICIO IMTHURM, maquina: COOGI-390880', 8),
(1521, '17/05/2022 08:17:58', 'Logou no sistema: FERNANDO MAURICIO IMTHURM, maquina: COOGI-390880', 8),
(1522, '17/05/2022 08:20:13', 'Cadatrado chip: 89550641359000345945', 8),
(1523, '17/05/2022 08:57:28', 'Logou no sistema: TONY AUGUSTO ALVES LIMA, maquina: COOGI-390780', 10),
(1524, '17/05/2022 08:58:04', 'Cadatrado novo funcionário: CARLA CRISTINA FILUS ', 8),
(1525, '17/05/2022 08:58:10', 'Cadatrado novo funcionário: ELOI DE CARVALHO SILVA', 10),
(1526, '17/05/2022 09:00:28', 'Novo Emprestimo, para: ELOI DE CARVALHO SILVA , aparelho: SMARTPHONE , imei: 868697054245109 chip: 18.978.370-1', 10),
(1527, '17/05/2022 09:01:42', 'Excluído chip: 89550641139000085032', 8),
(1528, '17/05/2022 09:02:42', 'Deslogou do sistema: FERNANDO MAURICIO IMTHURM, maquina:COOGI-390880', 8),
(1529, '17/05/2022 09:07:04', 'Novo Emprestimo, para: CARLA CRISTINA FILUS  , aparelho:  , imei:  chip: 18.978.404-0', 8),
(1530, '17/05/2022 09:16:34', 'Cadatrado novo funcionário: ROSIMERI CAMPERA WEBER', 10),
(1531, '17/05/2022 09:18:56', 'Novo Emprestimo, para: ROSIMERI CAMPERA WEBER , aparelho: SMARTPHONE , imei: 863466046591417 chip: 18.978.471-6', 10),
(1532, '17/05/2022 09:21:47', 'Alterar funcionário: MARCIA TAFAREL CARBONI', 10),
(1533, '17/05/2022 09:24:32', 'Novo Emprestimo, para: MARCIA TAFAREL CARBONI , aparelho: SMARTPHONE , imei: 861697044848076 chip: 18.978.506-2', 10),
(1534, '17/05/2022 09:27:48', 'Alterar funcionário: JOSÉ OSÓRIO DUARTE', 10),
(1535, '17/05/2022 09:28:04', 'Alterar funcionário: JOSÉ OSÓRIO DUARTE', 10),
(1536, '17/05/2022 09:30:27', 'Novo Emprestimo, para: JOSÉ OSÓRIO DUARTE , aparelho: SMARTPHONE , imei: 861915046266836 chip: 18.978.557-7', 10),
(1537, '17/05/2022 09:32:36', 'Cadatrado novo funcionário: KARINA ISER', 10),
(1538, '17/05/2022 09:37:11', 'Novo Emprestimo, para: KARINA ISER , aparelho: SMARTPHONE , imei: 863466043095917 chip: 18.978.607-7', 10),
(1539, '17/05/2022 09:46:20', 'Reemitir termo:266 do funcionário: JOSÉ OSÓRIO DUARTE', 10),
(1540, '17/05/2022 09:47:25', 'Logou no sistema: OTONIEL AMANCIO ALVES, maquina: COOGI-390861', 2),
(1541, '17/05/2022 09:48:43', 'Reemitir termo:203 do funcionário: TALITA CRISTINA DOS SANTOS COLOGNHEZI', 2),
(1542, '17/05/2022 09:52:22', 'Deslogou do sistema: OTONIEL AMANCIO ALVES, maquina:COOGI-390861', 2),
(1543, '17/05/2022 10:18:10', 'Logou no sistema: OTONIEL AMANCIO ALVES, maquina: COOGI-390861', 2),
(1544, '17/05/2022 10:19:03', 'Deslogou do sistema: OTONIEL AMANCIO ALVES, maquina:COOGI-390861', 2),
(1545, '17/05/2022 10:19:14', 'Logou no sistema: OTONIEL AMANCIO ALVES, maquina: COOGI-390861', 2),
(1546, '17/05/2022 10:19:59', 'Deslogou do sistema: OTONIEL AMANCIO ALVES, maquina:COOGI-390861', 2),
(1547, '17/05/2022 10:20:07', 'Logou no sistema: OTONIEL AMANCIO ALVES, maquina: COOGI-390861', 2),
(1548, '17/05/2022 10:20:23', 'Deslogou do sistema: OTONIEL AMANCIO ALVES, maquina:COOGI-390861', 2),
(1549, '17/05/2022 10:24:09', 'Logou no sistema: OTONIEL AMANCIO ALVES, maquina: COOGI-390861', 2),
(1550, '17/05/2022 10:30:27', 'Deslogou do sistema: OTONIEL AMANCIO ALVES, maquina:COOGI-390861', 2),
(1551, '17/05/2022 10:46:47', 'Logou no sistema: OTONIEL AMANCIO ALVES, maquina: COOGI-390861', 2),
(1552, '17/05/2022 10:52:25', 'Reemitir termo:70 do funcionário: JULIO CESAR GONÇALVES', 2),
(1553, '17/05/2022 11:04:02', 'Deslogou do sistema: OTONIEL AMANCIO ALVES, maquina:COOGI-390861', 2),
(1554, '17/05/2022 11:04:19', 'Logou no sistema: OTONIEL AMANCIO ALVES, maquina: COOGI-390861', 2),
(1555, '17/05/2022 11:04:30', 'Reemitir termo:84 do funcionário: CARLOS ALBERTO BRITO', 2),
(1556, '17/05/2022 11:05:56', 'Reemitir termo:75 do funcionário: JOSE CORDEIRO', 2),
(1557, '17/05/2022 11:06:28', 'Deslogou do sistema: OTONIEL AMANCIO ALVES, maquina:COOGI-390861', 2),
(1558, '17/05/2022 11:06:49', 'Logou no sistema: OTONIEL AMANCIO ALVES, maquina: COOGI-390861', 2),
(1559, '17/05/2022 11:06:55', 'Reemitir termo:81 do funcionário: DANIEL SUTIL DE OLIVEIRA', 2),
(1560, '17/05/2022 11:07:11', 'Reemitir termo:262 do funcionário: ELOI DE CARVALHO SILVA', 2),
(1561, '17/05/2022 11:07:19', 'Reemitir termo:261 do funcionário: ANDERSON THIAGO ATANAZO', 2),
(1562, '17/05/2022 11:08:34', 'Deslogou do sistema: TONY AUGUSTO ALVES LIMA, maquina:COOGI-390780', 10),
(1563, '17/05/2022 11:11:27', 'Deslogou do sistema: OTONIEL AMANCIO ALVES, maquina:COOGI-390861', 2),
(1564, '17/05/2022 11:11:41', 'Logou no sistema: OTONIEL AMANCIO ALVES, maquina: COOGI-390861', 2),
(1565, '17/05/2022 11:11:47', 'Reemitir termo:89 do funcionário: MARCELO DANTAS LEITE', 2),
(1566, '17/05/2022 11:18:16', 'Logou no sistema: TONY AUGUSTO ALVES LIMA, maquina: COOGI-390780', 10),
(1567, '17/05/2022 11:20:48', 'Deslogou do sistema: TONY AUGUSTO ALVES LIMA, maquina:COOGI-390780', 10),
(1568, '17/05/2022 11:25:28', 'Logou no sistema: OTONIEL AMANCIO ALVES, maquina: COOGI-390861', 2),
(1569, '17/05/2022 11:25:34', 'Reemitir termo:84 do funcionário: CARLOS ALBERTO BRITO', 2),
(1570, '17/05/2022 11:25:53', 'Deslogou do sistema: OTONIEL AMANCIO ALVES, maquina:COOGI-390861', 2),
(1571, '17/05/2022 11:26:01', 'Logou no sistema: OTONIEL AMANCIO ALVES, maquina: COOGI-390861', 2),
(1572, '17/05/2022 11:26:07', 'Reemitir termo:75 do funcionário: JOSE CORDEIRO', 2),
(1573, '17/05/2022 11:27:48', 'Deslogou do sistema: OTONIEL AMANCIO ALVES, maquina:COOGI-390861', 2),
(1574, '17/05/2022 11:27:56', 'Logou no sistema: OTONIEL AMANCIO ALVES, maquina: COOGI-390861', 2),
(1575, '17/05/2022 11:28:01', 'Reemitir termo:78 do funcionário: IVAN DANIEL DE JESUS CUNHA', 2),
(1576, '17/05/2022 11:33:49', 'Logou no sistema: OTONIEL AMANCIO ALVES, maquina: COOGI-390861', 2),
(1577, '17/05/2022 11:33:56', 'Reemitir termo:70 do funcionário: JULIO CESAR GONÇALVES', 2),
(1578, '17/05/2022 11:34:00', 'Reemitir termo:74 do funcionário: EUNOQUE SALUSTIANO DE MELLO', 2),
(1579, '17/05/2022 11:40:04', 'Logou no sistema: TONY AUGUSTO ALVES LIMA, maquina: COOGI-390780', 10),
(1580, '17/05/2022 11:43:37', 'Deslogou do sistema: FERNANDO MAURICIO IMTHURM, maquina:COOGI-390880', 8),
(1581, '17/05/2022 11:44:18', 'Logou no sistema: FERNANDO MAURICIO IMTHURM, maquina: COOGI-390880', 8),
(1582, '17/05/2022 11:52:38', 'Logou no sistema: OTONIEL AMANCIO ALVES, maquina: COOGI-390861', 2),
(1583, '17/05/2022 11:52:56', 'Reemitir termo:156 do funcionário: EDUARDO CASSEMIRO DA SILVA', 2),
(1584, '17/05/2022 11:53:19', 'Reemitir termo:156 do funcionário: EDUARDO CASSEMIRO DA SILVA', 2),
(1585, '17/05/2022 11:54:19', 'Deslogou do sistema: OTONIEL AMANCIO ALVES, maquina:COOGI-390861', 2),
(1586, '17/05/2022 11:54:47', 'Reemitir termo:82 do funcionário: DANIEL ALVES DOS SANTOS', 8),
(1587, '17/05/2022 12:03:31', 'Deslogou do sistema: TONY AUGUSTO ALVES LIMA, maquina:COOGI-390780', 10),
(1588, '17/05/2022 12:08:50', 'Deslogou do sistema: FERNANDO MAURICIO IMTHURM, maquina:COOGI-390880', 8),
(1589, '17/05/2022 13:02:54', 'Logou no sistema: FERNANDO MAURICIO IMTHURM, maquina: COOGI-390880', 8),
(1590, '17/05/2022 13:53:16', 'Cadatrado novo funcionário: MARCOS ROBERTO FRANCISCO', 8),
(1591, '17/05/2022 13:56:37', 'Novo Emprestimo, para: MARCOS ROBERTO FRANCISCO , aparelho: SMARTPHONE , imei: 863667057180723 chip: 18.980.151-3', 8),
(1592, '17/05/2022 14:48:20', 'Logou no sistema: TONY AUGUSTO ALVES LIMA, maquina: COOGI-390780', 10),
(1593, '17/05/2022 14:52:22', 'Deslogou do sistema: TONY AUGUSTO ALVES LIMA, maquina:COOGI-390780', 10),
(1594, '17/05/2022 15:14:05', 'Logou no sistema: TONY AUGUSTO ALVES LIMA, maquina: COOGI-390780', 10),
(1595, '17/05/2022 15:56:29', 'Deslogou do sistema: TONY AUGUSTO ALVES LIMA, maquina:COOGI-390780', 10),
(1596, '17/05/2022 16:19:07', 'Logou no sistema: TONY AUGUSTO ALVES LIMA, maquina: COOGI-390780', 10),
(1597, '17/05/2022 16:22:20', 'Deslogou do sistema: FERNANDO MAURICIO IMTHURM, maquina:COOGI-390880', 8),
(1598, '17/05/2022 16:47:04', 'Logou no sistema: OTONIEL AMANCIO ALVES, maquina: COOGI-390861', 2),
(1599, '17/05/2022 16:47:13', 'Reemitir termo:91 do funcionário: CAMILA REGINA FURLAN', 2),
(1600, '17/05/2022 16:47:29', 'Reemitir termo:91 do funcionário: CAMILA REGINA FURLAN', 2),
(1601, '17/05/2022 16:47:54', 'Deslogou do sistema: OTONIEL AMANCIO ALVES, maquina:COOGI-390861', 2),
(1602, '17/05/2022 16:51:06', 'Logou no sistema: OTONIEL AMANCIO ALVES, maquina: COOGI-390861', 2),
(1603, '17/05/2022 16:51:12', 'Reemitir termo:91 do funcionário: CAMILA REGINA FURLAN', 2),
(1604, '17/05/2022 16:52:38', 'Deslogou do sistema: OTONIEL AMANCIO ALVES, maquina:COOGI-390861', 2),
(1605, '17/05/2022 16:52:52', 'Logou no sistema: OTONIEL AMANCIO ALVES, maquina: COOGI-390861', 2),
(1606, '17/05/2022 16:53:02', 'Reemitir termo:91 do funcionário: CAMILA REGINA FURLAN', 2),
(1607, '17/05/2022 16:53:57', 'Deslogou do sistema: OTONIEL AMANCIO ALVES, maquina:COOGI-390861', 2),
(1608, '17/05/2022 16:56:48', 'Deslogou do sistema: TONY AUGUSTO ALVES LIMA, maquina:COOGI-390780', 10),
(1609, '18/05/2022 08:18:42', 'Logou no sistema: OTONIEL AMANCIO ALVES, maquina: COOGI-390861', 2),
(1610, '18/05/2022 08:18:50', 'Reemitir termo:108 do funcionário: REGIANI JUCIANI LACERDA', 2),
(1611, '18/05/2022 08:19:03', 'Reemitir termo:85 do funcionário: FERNANDO MAURICIO IMTHURM', 2),
(1612, '18/05/2022 08:19:18', 'Reemitir termo:84 do funcionário: CARLOS ALBERTO BRITO', 2),
(1613, '18/05/2022 08:19:28', 'Reemitir termo:91 do funcionário: CAMILA REGINA FURLAN', 2),
(1614, '18/05/2022 08:19:34', 'Reemitir termo:85 do funcionário: FERNANDO MAURICIO IMTHURM', 2),
(1615, '18/05/2022 08:20:41', 'Reemitir termo:72 do funcionário: TANIA MARA ASSUMPÇÃO DE OLIVEIRA', 2),
(1616, '18/05/2022 08:20:47', 'Reemitir termo:70 do funcionário: JULIO CESAR GONÇALVES', 2),
(1617, '18/05/2022 08:21:25', 'Deslogou do sistema: OTONIEL AMANCIO ALVES, maquina:COOGI-390861', 2),
(1618, '18/05/2022 08:22:41', 'Logou no sistema: OTONIEL AMANCIO ALVES, maquina: COOGI-390861', 2),
(1619, '18/05/2022 08:22:49', 'Reemitir termo:91 do funcionário: CAMILA REGINA FURLAN', 2),
(1620, '18/05/2022 08:22:56', 'Reemitir termo:91 do funcionário: CAMILA REGINA FURLAN', 2),
(1621, '18/05/2022 08:23:01', 'Reemitir termo:92 do funcionário: CAMILA REGINA FURLAN', 2),
(1622, '18/05/2022 08:24:07', 'Deslogou do sistema: OTONIEL AMANCIO ALVES, maquina:COOGI-390861', 2),
(1623, '18/05/2022 08:24:49', 'Logou no sistema: OTONIEL AMANCIO ALVES, maquina: COOGI-390861', 2),
(1624, '18/05/2022 08:24:59', 'Reemitir termo:72 do funcionário: TANIA MARA ASSUMPÇÃO DE OLIVEIRA', 2),
(1625, '18/05/2022 08:25:07', 'Reemitir termo:91 do funcionário: CAMILA REGINA FURLAN', 2),
(1626, '18/05/2022 08:25:11', 'Reemitir termo:92 do funcionário: CAMILA REGINA FURLAN', 2),
(1627, '18/05/2022 08:25:24', 'Reemitir termo:106 do funcionário: WELINGTON DIONATA TONEZE', 2),
(1628, '18/05/2022 08:25:27', 'Reemitir termo:105 do funcionário: ROSANI COSTA MORAIS', 2),
(1629, '18/05/2022 08:25:55', 'Logou no sistema: FERNANDO MAURICIO IMTHURM, maquina: COOGI-390880', 8),
(1630, '18/05/2022 08:26:45', 'Deslogou do sistema: OTONIEL AMANCIO ALVES, maquina:COOGI-390861', 2),
(1631, '18/05/2022 08:27:11', 'Logou no sistema: OTONIEL AMANCIO ALVES, maquina: COOGI-390861', 2),
(1632, '18/05/2022 08:27:24', 'Deslogou do sistema: OTONIEL AMANCIO ALVES, maquina:COOGI-390861', 2),
(1633, '18/05/2022 08:27:40', 'Logou no sistema: OTONIEL AMANCIO ALVES, maquina: COOGI-390861', 2),
(1634, '18/05/2022 08:28:54', 'Deslogou do sistema: OTONIEL AMANCIO ALVES, maquina:COOGI-390861', 2),
(1635, '18/05/2022 08:29:06', 'Logou no sistema: OTONIEL AMANCIO ALVES, maquina: COOGI-390861', 2),
(1636, '18/05/2022 08:29:14', 'Reemitir termo:91 do funcionário: CAMILA REGINA FURLAN', 2),
(1637, '18/05/2022 08:29:20', 'Reemitir termo:106 do funcionário: WELINGTON DIONATA TONEZE', 2),
(1638, '18/05/2022 08:29:27', 'Deslogou do sistema: OTONIEL AMANCIO ALVES, maquina:COOGI-390861', 2),
(1639, '18/05/2022 08:30:30', 'Logou no sistema: OTONIEL AMANCIO ALVES, maquina: COOGI-390861', 2),
(1640, '18/05/2022 08:31:34', 'Deslogou do sistema: OTONIEL AMANCIO ALVES, maquina:COOGI-390861', 2),
(1641, '18/05/2022 08:32:07', 'Logou no sistema: OTONIEL AMANCIO ALVES, maquina: COOGI-390861', 2),
(1642, '18/05/2022 08:34:46', 'Deslogou do sistema: OTONIEL AMANCIO ALVES, maquina:COOGI-390861', 2),
(1643, '18/05/2022 08:34:57', 'Logou no sistema: OTONIEL AMANCIO ALVES, maquina: COOGI-390861', 2),
(1644, '18/05/2022 08:36:46', 'Deslogou do sistema: OTONIEL AMANCIO ALVES, maquina:COOGI-390861', 2),
(1645, '18/05/2022 08:37:48', 'Logou no sistema: OTONIEL AMANCIO ALVES, maquina: COOGI-390861', 2),
(1646, '18/05/2022 08:37:55', 'Reemitir termo:116 do funcionário: EDUARDO ANTONIEVICZ', 2),
(1647, '18/05/2022 08:38:00', 'Reemitir termo:121 do funcionário: MARCIA TAFAREL CARBONI', 2),
(1648, '18/05/2022 08:38:09', 'Reemitir termo:160 do funcionário: JOSÉ ROBERTO DE MATTOS', 2),
(1649, '18/05/2022 08:38:54', 'Deslogou do sistema: OTONIEL AMANCIO ALVES, maquina:COOGI-390861', 2),
(1650, '18/05/2022 08:40:39', 'Logou no sistema: OTONIEL AMANCIO ALVES, maquina: COOGI-390861', 2),
(1651, '18/05/2022 08:41:12', 'Deslogou do sistema: OTONIEL AMANCIO ALVES, maquina:COOGI-390861', 2),
(1652, '18/05/2022 12:23:49', 'Deslogou do sistema: FERNANDO MAURICIO IMTHURM, maquina:COOGI-390880', 8),
(1653, '18/05/2022 12:23:59', 'Logou no sistema: FERNANDO MAURICIO IMTHURM, maquina: COOGI-390880', 8),
(1654, '18/05/2022 12:27:57', 'Cadatrado chip: 8955064145900001966259', 8),
(1655, '18/05/2022 14:22:57', 'Cadatrado novo funcionário: RAFAEL JARENKO DA CRUZ', 8),
(1656, '18/05/2022 14:34:08', 'Alterada celular: 358668081270540', 8),
(1657, '18/05/2022 14:39:14', 'Novo Emprestimo, para: RAFAEL JARENKO DA CRUZ , aparelho: SMARTPHONE , imei: 358668081270540 chip: 18.985.094-8', 8),
(1658, '18/05/2022 14:41:58', 'Deslogou do sistema: FERNANDO MAURICIO IMTHURM, maquina:COOGI-390880', 8),
(1659, '18/05/2022 14:43:03', 'Logou no sistema: TONY AUGUSTO ALVES LIMA, maquina: COOGI-390780', 10),
(1660, '18/05/2022 14:43:36', 'Cadatrado novo funcionário: MAYKON FANTATTO ENCINAS  ', 10),
(1661, '18/05/2022 14:45:48', 'Logou no sistema: FERNANDO MAURICIO IMTHURM, maquina: COOGI-390880', 8),
(1662, '18/05/2022 14:46:10', 'Novo Emprestimo, para: MAYKON FANTATTO ENCINAS   , aparelho: SMARTPHONE , imei: 868489044288930 chip: 18.985.146-4', 10),
(1663, '18/05/2022 14:48:51', 'Cadatrado novo funcionário: ELIO CASAGRANDE JUNIOR  ', 10),
(1664, '18/05/2022 14:51:46', 'Novo Emprestimo, para: ELIO CASAGRANDE JUNIOR   , aparelho: SMARTPHONE , imei: 863466046528112 chip: 18.985.213-4', 10),
(1665, '18/05/2022 14:55:57', 'Cadatrado novo funcionário: ELVIS GONÇALVES CAPEL', 10),
(1666, '18/05/2022 14:58:12', 'Novo Emprestimo, para: ELVIS GONÇALVES CAPEL , aparelho: SMARTPHONE , imei: 868489043993050 chip: 18.985.278-9', 10),
(1667, '18/05/2022 15:00:43', 'Cadatrado novo funcionário: ELISANGELA DE OLIVEIRA', 10),
(1668, '18/05/2022 15:02:44', 'Logou no sistema: OTONIEL AMANCIO ALVES, maquina: COOGI-390861', 2),
(1669, '18/05/2022 15:03:08', 'Novo Emprestimo, para: ELISANGELA DE OLIVEIRA , aparelho: SMARTPHONE , imei: 861697044925353 chip: 18.985.327-0', 10),
(1670, '18/05/2022 15:05:11', 'Deslogou do sistema: OTONIEL AMANCIO ALVES, maquina:COOGI-390861', 2),
(1671, '18/05/2022 15:05:55', 'Cadatrado novo funcionário: LEONARDO BERTO DE ALMIDA RAMOS', 10),
(1672, '18/05/2022 15:08:11', 'Novo Emprestimo, para: LEONARDO BERTO DE ALMIDA RAMOS , aparelho: SMARTPHONE , imei: 868489047096454 chip: 18.985.371-8', 10),
(1673, '18/05/2022 15:11:32', 'Logou no sistema: OTONIEL AMANCIO ALVES, maquina: COOGI-390861', 2),
(1674, '18/05/2022 15:21:27', 'Deslogou do sistema: OTONIEL AMANCIO ALVES, maquina:COOGI-390861', 2),
(1675, '18/05/2022 15:21:36', 'Logou no sistema: OTONIEL AMANCIO ALVES, maquina: COOGI-390861', 2),
(1676, '18/05/2022 15:21:50', 'Deslogou do sistema: OTONIEL AMANCIO ALVES, maquina:COOGI-390861', 2),
(1677, '18/05/2022 15:22:18', 'Logou no sistema: OTONIEL AMANCIO ALVES, maquina: COOGI-390861', 2),
(1678, '18/05/2022 15:23:41', 'Deslogou do sistema: OTONIEL AMANCIO ALVES, maquina:COOGI-390861', 2),
(1679, '18/05/2022 15:23:57', 'Logou no sistema: OTONIEL AMANCIO ALVES, maquina: COOGI-390861', 2),
(1680, '18/05/2022 15:25:21', 'Deslogou do sistema: OTONIEL AMANCIO ALVES, maquina:COOGI-390861', 2),
(1681, '18/05/2022 15:25:31', 'Logou no sistema: OTONIEL AMANCIO ALVES, maquina: COOGI-390861', 2),
(1682, '18/05/2022 15:38:28', 'Deslogou do sistema: OTONIEL AMANCIO ALVES, maquina:COOGI-390861', 2),
(1683, '18/05/2022 15:39:01', 'Logou no sistema: OTONIEL AMANCIO ALVES, maquina: COOGI-390861', 2),
(1684, '18/05/2022 15:40:46', 'Deslogou do sistema: OTONIEL AMANCIO ALVES, maquina:COOGI-390861', 2),
(1685, '18/05/2022 15:40:54', 'Logou no sistema: OTONIEL AMANCIO ALVES, maquina: COOGI-390861', 2),
(1686, '18/05/2022 15:42:31', 'Logou no sistema: OTONIEL AMANCIO ALVES, maquina: COOGI-390861', 2),
(1687, '18/05/2022 15:42:43', 'Deslogou do sistema: TONY AUGUSTO ALVES LIMA, maquina:COOGI-390780', 10),
(1688, '18/05/2022 15:43:45', 'Deslogou do sistema: OTONIEL AMANCIO ALVES, maquina:COOGI-390861', 2),
(1689, '18/05/2022 15:43:52', 'Logou no sistema: OTONIEL AMANCIO ALVES, maquina: COOGI-390861', 2),
(1690, '18/05/2022 15:49:22', 'Deslogou do sistema: OTONIEL AMANCIO ALVES, maquina:COOGI-390861', 2),
(1691, '18/05/2022 15:49:24', 'Deslogou do sistema: OTONIEL AMANCIO ALVES, maquina:COOGI-390861', 2),
(1692, '18/05/2022 15:49:33', 'Logou no sistema: OTONIEL AMANCIO ALVES, maquina: COOGI-390861', 2),
(1693, '18/05/2022 15:53:19', 'Deslogou do sistema: OTONIEL AMANCIO ALVES, maquina:COOGI-390861', 2),
(1694, '18/05/2022 15:53:27', 'Logou no sistema: OTONIEL AMANCIO ALVES, maquina: COOGI-390861', 2),
(1695, '18/05/2022 15:53:53', 'Deslogou do sistema: OTONIEL AMANCIO ALVES, maquina:COOGI-390861', 2),
(1696, '18/05/2022 15:54:01', 'Logou no sistema: OTONIEL AMANCIO ALVES, maquina: COOGI-390861', 2),
(1697, '18/05/2022 15:55:02', 'Deslogou do sistema: OTONIEL AMANCIO ALVES, maquina:COOGI-390861', 2),
(1698, '18/05/2022 15:55:11', 'Logou no sistema: OTONIEL AMANCIO ALVES, maquina: COOGI-390861', 2),
(1699, '18/05/2022 15:56:11', 'Deslogou do sistema: OTONIEL AMANCIO ALVES, maquina:COOGI-390861', 2),
(1700, '18/05/2022 15:56:19', 'Logou no sistema: OTONIEL AMANCIO ALVES, maquina: COOGI-390861', 2),
(1701, '18/05/2022 15:57:34', 'Deslogou do sistema: OTONIEL AMANCIO ALVES, maquina:COOGI-390861', 2),
(1702, '18/05/2022 15:57:42', 'Logou no sistema: OTONIEL AMANCIO ALVES, maquina: COOGI-390861', 2),
(1703, '18/05/2022 15:58:18', 'Deslogou do sistema: OTONIEL AMANCIO ALVES, maquina:COOGI-390861', 2),
(1704, '18/05/2022 15:58:27', 'Logou no sistema: OTONIEL AMANCIO ALVES, maquina: COOGI-390861', 2),
(1705, '18/05/2022 16:00:09', 'Deslogou do sistema: OTONIEL AMANCIO ALVES, maquina:COOGI-390861', 2),
(1706, '18/05/2022 16:00:18', 'Logou no sistema: OTONIEL AMANCIO ALVES, maquina: COOGI-390861', 2),
(1707, '18/05/2022 16:00:38', 'Deslogou do sistema: OTONIEL AMANCIO ALVES, maquina:COOGI-390861', 2),
(1708, '18/05/2022 16:00:56', 'Logou no sistema: OTONIEL AMANCIO ALVES, maquina: COOGI-390861', 2),
(1709, '18/05/2022 16:01:28', 'Deslogou do sistema: OTONIEL AMANCIO ALVES, maquina:COOGI-390861', 2),
(1710, '18/05/2022 16:05:23', 'Logou no sistema: OTONIEL AMANCIO ALVES, maquina: COOGI-390861', 2),
(1711, '18/05/2022 16:08:41', 'Logou no sistema: OTONIEL AMANCIO ALVES, maquina: COOGI-390861', 2),
(1712, '18/05/2022 16:09:27', 'Deslogou do sistema: OTONIEL AMANCIO ALVES, maquina:COOGI-390861', 2),
(1713, '18/05/2022 16:17:44', 'Logou no sistema: OTONIEL AMANCIO ALVES, maquina: COOGI-390861', 2),
(1714, '18/05/2022 16:18:38', 'Deslogou do sistema: OTONIEL AMANCIO ALVES, maquina:COOGI-390861', 2),
(1715, '18/05/2022 16:18:48', 'Logou no sistema: OTONIEL AMANCIO ALVES, maquina: COOGI-390861', 2),
(1716, '18/05/2022 16:19:48', 'Deslogou do sistema: OTONIEL AMANCIO ALVES, maquina:COOGI-390861', 2),
(1717, '18/05/2022 16:22:23', 'Logou no sistema: OTONIEL AMANCIO ALVES, maquina: COOGI-390861', 2),
(1718, '18/05/2022 16:23:43', 'Deslogou do sistema: OTONIEL AMANCIO ALVES, maquina:COOGI-390861', 2),
(1719, '18/05/2022 16:24:01', 'Logou no sistema: OTONIEL AMANCIO ALVES, maquina: COOGI-390861', 2),
(1720, '18/05/2022 16:24:26', 'Deslogou do sistema: OTONIEL AMANCIO ALVES, maquina:COOGI-390861', 2),
(1721, '18/05/2022 16:28:04', 'Logou no sistema: OTONIEL AMANCIO ALVES, maquina: COOGI-390861', 2),
(1722, '18/05/2022 16:28:29', 'Deslogou do sistema: OTONIEL AMANCIO ALVES, maquina:COOGI-390861', 2),
(1723, '18/05/2022 16:46:49', 'Logou no sistema: OTONIEL AMANCIO ALVES, maquina: COOGI-390861', 2),
(1724, '18/05/2022 16:48:40', 'Deslogou do sistema: OTONIEL AMANCIO ALVES, maquina:COOGI-390861', 2),
(1725, '18/05/2022 16:51:12', 'Logou no sistema: OTONIEL AMANCIO ALVES, maquina: COOGI-390861', 2),
(1726, '18/05/2022 16:51:35', 'Deslogou do sistema: OTONIEL AMANCIO ALVES, maquina:COOGI-390861', 2),
(1727, '18/05/2022 16:52:40', 'Logou no sistema: OTONIEL AMANCIO ALVES, maquina: COOGI-390861', 2),
(1728, '18/05/2022 16:53:20', 'Deslogou do sistema: OTONIEL AMANCIO ALVES, maquina:COOGI-390861', 2),
(1729, '18/05/2022 16:53:29', 'Logou no sistema: OTONIEL AMANCIO ALVES, maquina: COOGI-390861', 2),
(1730, '18/05/2022 16:55:26', 'Deslogou do sistema: OTONIEL AMANCIO ALVES, maquina:COOGI-390861', 2),
(1731, '18/05/2022 16:55:52', 'Logou no sistema: OTONIEL AMANCIO ALVES, maquina: COOGI-390861', 2),
(1732, '18/05/2022 16:56:44', 'Deslogou do sistema: OTONIEL AMANCIO ALVES, maquina:COOGI-390861', 2),
(1733, '19/05/2022 08:21:25', 'Logou no sistema: OTONIEL AMANCIO ALVES, maquina: COOGI-390861', 2),
(1734, '19/05/2022 08:22:01', 'Deslogou do sistema: OTONIEL AMANCIO ALVES, maquina:COOGI-390861', 2),
(1735, '19/05/2022 08:24:19', 'Logou no sistema: OTONIEL AMANCIO ALVES, maquina: COOGI-390861', 2),
(1736, '19/05/2022 08:25:01', 'Deslogou do sistema: OTONIEL AMANCIO ALVES, maquina:COOGI-390861', 2),
(1737, '19/05/2022 08:45:37', 'Logou no sistema: OTONIEL AMANCIO ALVES, maquina: COOGI-390861', 2),
(1738, '19/05/2022 08:47:36', 'Deslogou do sistema: OTONIEL AMANCIO ALVES, maquina:COOGI-390861', 2),
(1739, '19/05/2022 08:47:41', 'Logou no sistema: OTONIEL AMANCIO ALVES, maquina: COOGI-390861', 2),
(1740, '19/05/2022 08:48:08', 'Deslogou do sistema: OTONIEL AMANCIO ALVES, maquina:COOGI-390861', 2),
(1741, '19/05/2022 09:51:32', 'Logou no sistema: TONY AUGUSTO ALVES LIMA, maquina: COOGI-390780', 10),
(1742, '19/05/2022 10:31:48', 'Logou no sistema: FERNANDO MAURICIO IMTHURM, maquina: COOGI-390880', 8),
(1743, '19/05/2022 10:38:41', 'Deslogou do sistema: FERNANDO MAURICIO IMTHURM, maquina:COOGI-390880', 8),
(1744, '19/05/2022 13:29:11', 'Logou no sistema: OTONIEL AMANCIO ALVES, maquina: COOGI-390861', 2),
(1745, '19/05/2022 13:29:57', 'Deslogou do sistema: OTONIEL AMANCIO ALVES, maquina:COOGI-390861', 2),
(1746, '19/05/2022 13:32:34', 'Logou no sistema: OTONIEL AMANCIO ALVES, maquina: COOGI-390861', 2),
(1747, '19/05/2022 13:33:06', 'Deslogou do sistema: OTONIEL AMANCIO ALVES, maquina:COOGI-390861', 2),
(1748, '19/05/2022 13:38:20', 'Logou no sistema: OTONIEL AMANCIO ALVES, maquina: COOGI-390861', 2),
(1749, '19/05/2022 13:40:07', 'Logou no sistema: OTONIEL AMANCIO ALVES, maquina: COOGI-390861', 2),
(1750, '19/05/2022 13:41:40', 'Deslogou do sistema: OTONIEL AMANCIO ALVES, maquina:COOGI-390861', 2),
(1751, '19/05/2022 13:42:29', 'Logou no sistema: OTONIEL AMANCIO ALVES, maquina: COOGI-390861', 2),
(1752, '19/05/2022 13:42:58', 'Deslogou do sistema: OTONIEL AMANCIO ALVES, maquina:COOGI-390861', 2),
(1753, '19/05/2022 14:20:31', 'Logou no sistema: OTONIEL AMANCIO ALVES, maquina: COOGI-390861', 2),
(1754, '19/05/2022 14:20:39', 'Reemitir termo:80 do funcionário: FLAVIO GAIER', 2),
(1755, '19/05/2022 14:21:03', 'Deslogou do sistema: OTONIEL AMANCIO ALVES, maquina:COOGI-390861', 2),
(1756, '19/05/2022 15:03:12', 'Deslogou do sistema: FERNANDO MAURICIO IMTHURM, maquina:COOGI-390880', 8),
(1757, '19/05/2022 15:03:31', 'Logou no sistema: FERNANDO MAURICIO IMTHURM, maquina: COOGI-390880', 8),
(1758, '19/05/2022 15:17:54', 'Deslogou do sistema: FERNANDO MAURICIO IMTHURM, maquina:COOGI-390880', 8),
(1759, '19/05/2022 15:31:53', 'Logou no sistema: FERNANDO MAURICIO IMTHURM, maquina: COOGI-390880', 8),
(1760, '19/05/2022 15:33:09', 'Reemitir termo:234 do funcionário: MARCELO BERTIPALHA CABRAL', 8),
(1761, '19/05/2022 15:35:31', 'Reemitir termo:234 do funcionário: MARCELO BERTIPALHA CABRAL', 8),
(1762, '19/05/2022 15:43:08', 'Logou no sistema: OTONIEL AMANCIO ALVES, maquina: COOGI-390861', 2),
(1763, '19/05/2022 15:43:17', 'Reemitir termo:109 do funcionário: RENATA GISELE AGUIAR KINOSHITA DE LIMA', 2),
(1764, '19/05/2022 15:44:12', 'Deslogou do sistema: OTONIEL AMANCIO ALVES, maquina:COOGI-390861', 2),
(1765, '19/05/2022 15:44:33', 'Logou no sistema: OTONIEL AMANCIO ALVES, maquina: COOGI-390861', 2),
(1766, '19/05/2022 15:44:42', 'Reemitir termo:82 do funcionário: DANIEL ALVES DOS SANTOS', 2),
(1767, '19/05/2022 15:44:59', 'Reemitir termo:234 do funcionário: MARCELO BERTIPALHA CABRAL', 2),
(1768, '19/05/2022 15:45:07', 'Reemitir termo:151 do funcionário: MARCELO ANNEMANN', 2),
(1769, '19/05/2022 15:45:33', 'Deslogou do sistema: OTONIEL AMANCIO ALVES, maquina:COOGI-390861', 2),
(1770, '19/05/2022 15:45:59', 'Logou no sistema: OTONIEL AMANCIO ALVES, maquina: COOGI-390861', 2),
(1771, '19/05/2022 15:46:06', 'Reemitir termo:68 do funcionário: GUSTAVO ANTONIO MORAES DE JESUS', 2),
(1772, '19/05/2022 15:46:29', 'Deslogou do sistema: OTONIEL AMANCIO ALVES, maquina:COOGI-390861', 2),
(1773, '19/05/2022 15:52:56', 'Logou no sistema: OTONIEL AMANCIO ALVES, maquina: COOGI-390861', 2),
(1774, '19/05/2022 15:55:34', 'Logou no sistema: FERNANDO MAURICIO IMTHURM, maquina: COOGI-390880', 8),
(1775, '19/05/2022 16:00:39', 'Deslogou do sistema: TONY AUGUSTO ALVES LIMA, maquina:COOGI-390780', 10),
(1776, '19/05/2022 16:02:51', 'Deslogou do sistema: OTONIEL AMANCIO ALVES, maquina:COOGI-390861', 2),
(1777, '19/05/2022 16:08:35', 'Logou no sistema: OTONIEL AMANCIO ALVES, maquina: COOGI-390861', 2),
(1778, '19/05/2022 16:09:04', 'Deslogou do sistema: OTONIEL AMANCIO ALVES, maquina:COOGI-390861', 2),
(1779, '19/05/2022 16:09:48', 'Logou no sistema: OTONIEL AMANCIO ALVES, maquina: COOGI-390861', 2),
(1780, '19/05/2022 16:12:25', 'Deslogou do sistema: OTONIEL AMANCIO ALVES, maquina:COOGI-390861', 2),
(1781, '19/05/2022 16:12:31', 'Logou no sistema: OTONIEL AMANCIO ALVES, maquina: COOGI-390861', 2),
(1782, '19/05/2022 16:12:58', 'Deslogou do sistema: OTONIEL AMANCIO ALVES, maquina:COOGI-390861', 2),
(1783, '19/05/2022 16:19:14', 'Deslogou do sistema: FERNANDO MAURICIO IMTHURM, maquina:COOGI-390880', 8),
(1784, '19/05/2022 16:25:07', 'Logou no sistema: FERNANDO MAURICIO IMTHURM, maquina: COOGI-390880', 8),
(1785, '19/05/2022 16:30:11', 'Cadatrado novo funcionário: JEAN LUIZ DE SANTANA', 8),
(1786, '19/05/2022 16:36:29', 'Cadatrado chip: 89550641139000041730', 8),
(1787, '19/05/2022 16:43:09', 'Novo Emprestimo, para: JEAN LUIZ DE SANTANA , aparelho: SMARTPHONE , imei: 35493113949766 chip: 18.991.624-8', 8),
(1788, '20/05/2022 09:18:19', 'Logou no sistema: TONY AUGUSTO ALVES LIMA, maquina: COOGI-390780', 10),
(1789, '20/05/2022 11:02:08', 'Logou no sistema: FERNANDO MAURICIO IMTHURM, maquina: COOGI-390880', 8),
(1790, '20/05/2022 11:07:39', 'Deslogou do sistema: TONY AUGUSTO ALVES LIMA, maquina:COOGI-390780', 10),
(1791, '20/05/2022 11:07:48', 'Logou no sistema: TONY AUGUSTO ALVES LIMA, maquina: COOGI-390780', 10),
(1792, '20/05/2022 11:08:00', 'Reemitir termo:82 do funcionário: DANIEL ALVES DOS SANTOS', 10),
(1793, '20/05/2022 11:09:30', 'Reemitir termo:82 do funcionário: DANIEL ALVES DOS SANTOS', 10),
(1794, '20/05/2022 11:53:49', 'Deslogou do sistema: FERNANDO MAURICIO IMTHURM, maquina:COOGI-390880', 8);
INSERT INTO `logsistema` (`idLog`, `data`, `atividade`, `usuario_id`) VALUES
(1795, '20/05/2022 11:53:52', 'Deslogou do sistema: FERNANDO MAURICIO IMTHURM, maquina:COOGI-390880', 8),
(1796, '20/05/2022 14:55:36', 'Deslogou do sistema: TONY AUGUSTO ALVES LIMA, maquina:COOGI-390780', 10),
(1797, '20/05/2022 16:14:20', 'Logou no sistema: TONY AUGUSTO ALVES LIMA, maquina: COOGI-390780', 10),
(1798, '20/05/2022 16:44:30', 'Deslogou do sistema: TONY AUGUSTO ALVES LIMA, maquina:COOGI-390780', 10),
(1799, '20/05/2022 17:00:41', 'Deslogou do sistema: FERNANDO MAURICIO IMTHURM, maquina:COOGI-390880', 8),
(1800, '23/05/2022 08:35:03', 'Logou no sistema: TONY AUGUSTO ALVES LIMA, maquina: COOGI-390780', 10),
(1801, '23/05/2022 08:35:55', 'Cadatrado novo funcionário: VINICIUS AUGUSTO DE OLIVEIRA FADEL', 10),
(1802, '23/05/2022 08:36:12', 'Logou no sistema: OTONIEL AMANCIO ALVES, maquina: COOGI-390861', 2),
(1803, '23/05/2022 08:38:16', 'Novo Emprestimo, para: VINICIUS AUGUSTO DE OLIVEIRA FADEL , aparelho: SMARTPHONE , imei: 862122058007385 chip: 18.998.716-1', 10),
(1804, '23/05/2022 08:40:52', 'Deslogou do sistema: OTONIEL AMANCIO ALVES, maquina:COOGI-390861', 2),
(1805, '23/05/2022 08:41:06', 'Logou no sistema: OTONIEL AMANCIO ALVES, maquina: COOGI-390861', 2),
(1806, '23/05/2022 08:42:29', 'Alterar funcionário: EVERTON RODRIGO DA SILVA', 2),
(1807, '23/05/2022 08:42:36', 'Alterar funcionário: JANINE DE SOUZA CEYLAN', 2),
(1808, '23/05/2022 08:42:40', 'Deslogou do sistema: OTONIEL AMANCIO ALVES, maquina:COOGI-390861', 2),
(1809, '23/05/2022 08:44:13', 'Novo Emprestimo, para: ANTONIO SERGIO FERREIRA , aparelho: SMARTPHONE , imei: 861569052657162 chip: 18.998.762-5', 10),
(1810, '23/05/2022 08:45:59', 'Logou no sistema: OTONIEL AMANCIO ALVES, maquina: COOGI-390861', 2),
(1811, '23/05/2022 08:47:55', 'Alterar funcionário: JHONEY FABRICIO MARTINS RODRIGUES', 10),
(1812, '23/05/2022 08:49:38', 'Deslogou do sistema: OTONIEL AMANCIO ALVES, maquina:COOGI-390861', 2),
(1813, '23/05/2022 08:50:19', 'Novo Emprestimo, para: JHONEY FABRICIO MARTINS RODRIGUES , aparelho: SMARTPHONE , imei: 862122058561845 chip: 18.998.806-0', 10),
(1814, '23/05/2022 09:11:58', 'Cadatrado novo funcionário: VAGNER VENÂNCIO DA SILVA', 10),
(1815, '23/05/2022 09:15:05', 'Novo Emprestimo, para: VAGNER VENÂNCIO DA SILVA , aparelho: SMARTPHONE , imei: 862122058561845 chip: 18.999.023-5', 10),
(1816, '23/05/2022 09:45:39', 'Cadatrado novo funcionário: ALINE FERNANDA DOS SANTOS CORRÊA   ', 10),
(1817, '23/05/2022 09:48:17', 'Novo Emprestimo, para: ALINE FERNANDA DOS SANTOS CORRÊA    , aparelho: SMARTPHONE , imei: 867117049479078 chip: 18.999.360-9', 10),
(1818, '23/05/2022 09:53:03', 'Cadatrado novo funcionário: GRACIANE ALVES FERREIRA', 10),
(1819, '23/05/2022 09:55:10', 'Logou no sistema: FARID GELASCO MALSCHITZKY, maquina: COOGI-390792', 5),
(1820, '23/05/2022 09:56:40', 'Logou no sistema: OTONIEL AMANCIO ALVES, maquina: COOGI-380528', 2),
(1821, '23/05/2022 09:56:47', 'Deslogou do sistema: OTONIEL AMANCIO ALVES, maquina:COOGI-380528', 2),
(1822, '23/05/2022 10:02:14', 'Novo Emprestimo, para: JHONEY FABRICIO MARTINS RODRIGUES , aparelho: SMARTPHONE , imei: 867117046899138 chip: 18.999.488-5', 10),
(1823, '23/05/2022 10:07:18', 'Deslogou do sistema: FARID GELASCO MALSCHITZKY, maquina:COOGI-390792', 5),
(1824, '23/05/2022 10:17:25', 'Cadatrado chip: 8955064113900001649', 10),
(1825, '23/05/2022 10:28:43', 'Novo Emprestimo, para: GRACIANE ALVES FERREIRA , aparelho:  , imei:  chip: 18.999.777-9', 10),
(1826, '23/05/2022 12:01:53', 'Deslogou do sistema: TONY AUGUSTO ALVES LIMA, maquina:COOGI-390780', 10),
(1827, '23/05/2022 12:47:23', 'Logou no sistema: TONY AUGUSTO ALVES LIMA, maquina: COOGI-390780', 10),
(1828, '23/05/2022 12:47:32', 'Reemitir termo:282 do funcionário: GRACIANE ALVES FERREIRA', 10),
(1829, '24/05/2022 08:43:49', 'Logou no sistema: TONY AUGUSTO ALVES LIMA, maquina: COOGI-390780', 10),
(1830, '24/05/2022 09:42:41', 'Logou no sistema: OTONIEL AMANCIO ALVES, maquina: COOGI-380528', 2),
(1831, '24/05/2022 09:43:01', 'Reemitir termo:106 do funcionário: WELINGTON DIONATA TONEZE', 2),
(1832, '24/05/2022 09:43:11', 'Reemitir termo:86 do funcionário: EDSON MAIA', 2),
(1833, '24/05/2022 09:46:12', 'Deslogou do sistema: OTONIEL AMANCIO ALVES, maquina:COOGI-380528', 2),
(1834, '24/05/2022 17:00:56', 'Deslogou do sistema: TONY AUGUSTO ALVES LIMA, maquina:COOGI-390780', 10),
(1835, '25/05/2022 09:10:35', 'Logou no sistema: TONY AUGUSTO ALVES LIMA, maquina: COOGI-390780', 10),
(1836, '25/05/2022 09:11:04', 'Cadatrado novo funcionário: EDEIR TEREZINHA FERRARINI', 10),
(1837, '25/05/2022 09:13:22', 'Novo Emprestimo, para: EDEIR TEREZINHA FERRARINI , aparelho: SMARTPHONE , imei: 868489043799853 chip: 19.010.155-0', 10),
(1838, '25/05/2022 09:16:45', 'Cadatrado novo funcionário: PAULO SERGIO DE PAULA', 10),
(1839, '25/05/2022 09:19:11', 'Novo Emprestimo, para: PAULO SERGIO DE PAULA , aparelho: SMARTPHONE , imei: 868489043081997 chip: 19.010.213-0', 10),
(1840, '25/05/2022 09:22:09', 'Cadatrado novo funcionário: JOEL DOMINGUES DE CAMPOS', 10),
(1841, '25/05/2022 09:43:24', 'Novo Emprestimo, para: JOEL DOMINGUES DE CAMPOS , aparelho: SMARTPHONE , imei: 868489043963731 chip: 19.010.440-0', 10),
(1842, '25/05/2022 09:45:51', 'Cadatrado novo funcionário: CLAUDIMIR DE OLIVEIRA', 10),
(1843, '25/05/2022 09:49:32', 'Novo Emprestimo, para: CLAUDIMIR DE OLIVEIRA , aparelho: SMARTPHONE , imei: 867117049545290 chip: 19.010.524-5', 10),
(1844, '25/05/2022 10:29:56', 'Logou no sistema: OTONIEL AMANCIO ALVES, maquina: COOGI-390861', 2),
(1845, '25/05/2022 10:29:58', 'Deslogou do sistema: OTONIEL AMANCIO ALVES, maquina:COOGI-390861', 2),
(1846, '25/05/2022 11:28:39', 'Logou no sistema: FERNANDO MAURICIO IMTHURM, maquina: COOGI-390880', 8),
(1847, '25/05/2022 11:29:31', 'Cadatrado chip: 7898575225712', 8),
(1848, '25/05/2022 11:30:59', 'Cadatrado novo funcionário: FILIPE LAGOS MALLO', 8),
(1849, '25/05/2022 11:36:59', 'Novo Emprestimo, para: FILIPE LAGOS MALLO , aparelho:  , imei:  chip: 19.011.736-7', 8),
(1850, '25/05/2022 14:29:14', 'Cadatrado novo funcionário: MARCEL ROCHA', 8),
(1851, '25/05/2022 14:33:25', 'Novo Emprestimo, para: MARCEL ROCHA , aparelho: SMARTPHONE , imei: 352095090914205 chip: 19.012.827-0', 8),
(1852, '25/05/2022 14:53:58', 'Logou no sistema: FERNANDO MAURICIO IMTHURM, maquina: COOGI-390880', 8),
(1853, '25/05/2022 15:26:28', 'Deslogou do sistema: FERNANDO MAURICIO IMTHURM, maquina:COOGI-390880', 8),
(1854, '25/05/2022 15:30:14', 'Cadatrado chip: 89550641359000346018', 8),
(1855, '25/05/2022 15:32:53', 'Novo Emprestimo, para: MARCEL ROCHA , aparelho: SMARTPHONE , imei: 352095090914205 chip: 19.012.827-0', 8),
(1856, '25/05/2022 15:38:09', 'Deslogou do sistema: FERNANDO MAURICIO IMTHURM, maquina:COOGI-390880', 8),
(1857, '25/05/2022 16:55:10', 'Deslogou do sistema: TONY AUGUSTO ALVES LIMA, maquina:COOGI-390780', 10),
(1858, '26/05/2022 10:27:44', 'Logou no sistema: TONY AUGUSTO ALVES LIMA, maquina: COOGI-390780', 10),
(1859, '26/05/2022 16:57:55', 'Deslogou do sistema: TONY AUGUSTO ALVES LIMA, maquina:COOGI-390780', 10),
(1860, '30/05/2022 08:35:47', 'Logou no sistema: TONY AUGUSTO ALVES LIMA, maquina: COOGI-390780', 10),
(1861, '30/05/2022 09:00:12', 'Logou no sistema: FARID GELASCO MALSCHITZKY, maquina: COOGI-390792', 5),
(1862, '30/05/2022 10:00:56', 'Deslogou do sistema: TONY AUGUSTO ALVES LIMA, maquina:COOGI-390780', 10),
(1863, '30/05/2022 10:56:49', 'Logou no sistema: FERNANDO MAURICIO IMTHURM, maquina: COOGI-390880', 8),
(1864, '30/05/2022 11:10:26', 'Deslogou do sistema: FERNANDO MAURICIO IMTHURM, maquina:COOGI-390880', 8),
(1865, '30/05/2022 11:33:41', 'Logou no sistema: TONY AUGUSTO ALVES LIMA, maquina: COOGI-390780', 10),
(1866, '30/05/2022 14:58:44', 'Deslogou do sistema: FARID GELASCO MALSCHITZKY, maquina:COOGI-390792', 5),
(1867, '30/05/2022 15:45:58', 'Logou no sistema: FERNANDO MAURICIO IMTHURM, maquina: COOGI-390880', 8),
(1868, '30/05/2022 15:50:08', 'Alterar Emprestimo, de: GRACIANE ALVES FERREIRA , aparelho:  , imei:  chip: 18.999.777-9', 8),
(1869, '30/05/2022 15:50:31', 'Reemitir termo:282 do funcionário: GRACIANE ALVES FERREIRA', 8),
(1870, '30/05/2022 16:03:10', 'Deslogou do sistema: FERNANDO MAURICIO IMTHURM, maquina:COOGI-390880', 8),
(1871, '30/05/2022 16:09:26', 'Logou no sistema: FARID GELASCO MALSCHITZKY, maquina: COOGI-390792', 5),
(1872, '30/05/2022 16:10:22', 'Deslogou do sistema: FARID GELASCO MALSCHITZKY, maquina:COOGI-390792', 5),
(1873, '30/05/2022 16:51:50', 'Logou no sistema: OTONIEL AMANCIO ALVES, maquina: COOGI-390861', 2),
(1874, '30/05/2022 16:52:27', 'Deslogou do sistema: OTONIEL AMANCIO ALVES, maquina:COOGI-390861', 2),
(1875, '30/05/2022 16:57:48', 'Deslogou do sistema: TONY AUGUSTO ALVES LIMA, maquina:COOGI-390780', 10),
(1876, '31/05/2022 08:34:18', 'Logou no sistema: OTONIEL AMANCIO ALVES, maquina: COOGI-390861', 2),
(1877, '31/05/2022 08:35:06', 'Deslogou do sistema: OTONIEL AMANCIO ALVES, maquina:COOGI-390861', 2),
(1878, '31/05/2022 09:20:55', 'Logou no sistema: TONY AUGUSTO ALVES LIMA, maquina: COOGI-390780', 10),
(1879, '31/05/2022 09:23:09', 'Reemitir termo:92 do funcionário: CAMILA REGINA FURLAN', 10),
(1880, '31/05/2022 11:40:36', 'Logou no sistema: FERNANDO MAURICIO IMTHURM, maquina: COOGI-390880', 8),
(1881, '31/05/2022 15:10:24', 'Logou no sistema: FERNANDO MAURICIO IMTHURM, maquina: COOGI-390880', 8),
(1882, '31/05/2022 15:13:49', 'Deslogou do sistema: FERNANDO MAURICIO IMTHURM, maquina:COOGI-390880', 8),
(1883, '31/05/2022 15:25:36', 'Logou no sistema: FERNANDO MAURICIO IMTHURM, maquina: COOGI-390880', 8),
(1884, '31/05/2022 15:29:46', 'Deslogou do sistema: FERNANDO MAURICIO IMTHURM, maquina:COOGI-390880', 8),
(1885, '31/05/2022 16:14:33', 'Cadatrado novo funcionário: ISAIAS PACHECO DOS SANTOS', 10),
(1886, '31/05/2022 16:40:41', 'Deslogou do sistema: FERNANDO MAURICIO IMTHURM, maquina:COOGI-390880', 8),
(1887, '31/05/2022 16:59:31', 'Deslogou do sistema: TONY AUGUSTO ALVES LIMA, maquina:COOGI-390780', 10),
(1888, '01/06/2022 08:21:43', 'Logou no sistema: TONY AUGUSTO ALVES LIMA, maquina: COOGI-390780', 10),
(1889, '01/06/2022 08:22:52', 'Cadatrado novo funcionário: PAULO ROGERIO DE OLIVEIRA LIMA', 10),
(1890, '01/06/2022 08:26:58', 'Novo Emprestimo, para: PAULO ROGERIO DE OLIVEIRA LIMA , aparelho: SMARTPHONE , imei: 867117049650330 chip: 19.037.933-7', 10),
(1891, '01/06/2022 08:31:04', 'Cadatrado novo funcionário: ARIANI GUERRA', 10),
(1892, '01/06/2022 08:33:04', 'Novo Emprestimo, para: ARIANI GUERRA , aparelho: SMARTPHONE , imei: 861569052629989 chip: 19.037.963-9', 10),
(1893, '01/06/2022 08:36:46', 'Cadatrado novo funcionário: JOÃO JORGE GUERIOS', 10),
(1894, '01/06/2022 08:38:32', 'Novo Emprestimo, para: JOÃO JORGE GUERIOS , aparelho: SMARTPHONE , imei: 868489043804638 chip: 19.037.996-5', 10),
(1895, '01/06/2022 08:41:14', 'Cadatrado novo funcionário: ROSE VANIA JHARA DOS SANTOS', 10),
(1896, '01/06/2022 08:43:26', 'Novo Emprestimo, para: ROSE VANIA JHARA DOS SANTOS , aparelho: SMARTPHONE , imei: 867678054168088 chip: 19.038.021-1', 10),
(1897, '01/06/2022 08:45:19', 'Cadatrado novo funcionário: SEBASTIÃO RAMOS DA COSTA ', 10),
(1898, '01/06/2022 08:47:44', 'Novo Emprestimo, para: SEBASTIÃO RAMOS DA COSTA  , aparelho: SMARTPHONE , imei: 867678054189563 chip: 19.038.047-5', 10),
(1899, '01/06/2022 09:19:39', 'Logou no sistema: FERNANDO MAURICIO IMTHURM, maquina: COOGI-390880', 8),
(1900, '01/06/2022 11:55:40', 'Deslogou do sistema: FERNANDO MAURICIO IMTHURM, maquina:COOGI-390880', 8),
(1901, '01/06/2022 14:01:23', 'Reemitir termo:78 do funcionário: IVAN DANIEL DE JESUS CUNHA', 10),
(1902, '01/06/2022 14:01:45', 'Reemitir termo:78 do funcionário: IVAN DANIEL DE JESUS CUNHA', 10),
(1903, '01/06/2022 14:02:10', 'Reemitir termo:78 do funcionário: IVAN DANIEL DE JESUS CUNHA', 10),
(1904, '01/06/2022 14:11:40', 'Novo Emprestimo, para: ISAIAS PACHECO DOS SANTOS , aparelho: SMARTPHONE , imei: 867549059882520 chip:   .   .   - ', 10),
(1905, '01/06/2022 14:16:42', 'Alterar Emprestimo, de: ISAIAS PACHECO DOS SANTOS , aparelho: SMARTPHONE , imei: 867549059882520 chip: 19.040.809-4', 10),
(1906, '01/06/2022 14:22:12', 'Logou no sistema: OTONIEL AMANCIO ALVES, maquina: COOGI-390861', 2),
(1907, '01/06/2022 14:22:23', 'Novo Emprestimo, para: IVAN DANIEL DE JESUS CUNHA , aparelho: SMARTPHONE , imei: 868697054275528 chip: 19.040.862-0', 10),
(1908, '01/06/2022 14:23:33', 'Deslogou do sistema: OTONIEL AMANCIO ALVES, maquina:COOGI-390861', 2),
(1909, '01/06/2022 14:23:57', 'Logou no sistema: OTONIEL AMANCIO ALVES, maquina: COOGI-390861', 2),
(1910, '01/06/2022 14:33:17', 'Deslogou do sistema: OTONIEL AMANCIO ALVES, maquina:COOGI-390861', 2),
(1911, '01/06/2022 15:35:22', 'Deslogou do sistema: TONY AUGUSTO ALVES LIMA, maquina:COOGI-390780', 10),
(1912, '01/06/2022 15:35:32', 'Logou no sistema: TONY AUGUSTO ALVES LIMA, maquina: COOGI-390780', 10),
(1913, '01/06/2022 15:57:01', 'Logou no sistema: OTONIEL AMANCIO ALVES, maquina: COOGI-390861', 2),
(1914, '01/06/2022 15:57:20', 'Reemitir termo:236 do funcionário: SILVIO BARTZ', 2),
(1915, '01/06/2022 15:57:38', 'Reemitir termo:110 do funcionário: SERGIO TECO DOS SANTOS', 2),
(1916, '01/06/2022 15:58:32', 'Deslogou do sistema: OTONIEL AMANCIO ALVES, maquina:COOGI-390861', 2),
(1917, '01/06/2022 17:01:55', 'Deslogou do sistema: TONY AUGUSTO ALVES LIMA, maquina:COOGI-390780', 10),
(1918, '02/06/2022 09:12:14', 'Logou no sistema: OTONIEL AMANCIO ALVES, maquina: COOGI-390861', 2),
(1919, '02/06/2022 09:18:12', 'Alterada usuario: FERNANDO MAURICIO IMTHURM', 2),
(1920, '02/06/2022 09:19:43', 'Cadastrar nova usuario: HOLIGINA DE SOUZA', 2),
(1921, '02/06/2022 09:20:01', 'Logou no sistema: HOLIGINA DE SOUZA, maquina: COOGI-390861', 11),
(1922, '02/06/2022 09:22:35', 'Deslogou do sistema:  HOLIGINA DE SOUZA', 11),
(1923, '02/06/2022 09:28:12', 'Logou no sistema: OTONIEL AMANCIO ALVES, maquina: COOGI-390861', 2),
(1924, '02/06/2022 09:28:59', 'Deslogou do sistema: OTONIEL AMANCIO ALVES, maquina:COOGI-390861', 2),
(1925, '02/06/2022 09:48:43', 'Logou no sistema: OTONIEL AMANCIO ALVES, maquina: COOGI-390861', 2),
(1926, '02/06/2022 09:50:31', 'Deslogou do sistema: OTONIEL AMANCIO ALVES, maquina:COOGI-390861', 2),
(1927, '02/06/2022 09:54:58', 'Logou no sistema: OTONIEL AMANCIO ALVES, maquina: COOGI-390861', 2),
(1928, '02/06/2022 09:57:26', 'Deslogou do sistema: OTONIEL AMANCIO ALVES, maquina:COOGI-390861', 2),
(1929, '02/06/2022 09:57:34', 'Logou no sistema: OTONIEL AMANCIO ALVES, maquina: COOGI-390861', 2),
(1930, '02/06/2022 09:58:33', 'Deslogou do sistema: OTONIEL AMANCIO ALVES, maquina:COOGI-390861', 2),
(1931, '02/06/2022 09:59:12', 'Logou no sistema: OTONIEL AMANCIO ALVES, maquina: COOGI-390861', 2),
(1932, '02/06/2022 09:59:40', 'Logou no sistema: TONY AUGUSTO ALVES LIMA, maquina: COOGI-390780', 10),
(1933, '02/06/2022 10:02:50', 'Deslogou do sistema: OTONIEL AMANCIO ALVES, maquina:COOGI-390861', 2),
(1934, '02/06/2022 10:15:05', 'Alterar funcionário: EVANDRO PISTORE', 10),
(1935, '02/06/2022 10:18:08', 'Novo Emprestimo, para: EVANDRO PISTORE , aparelho: SMARTPHONE , imei: 862122051687407 chip: 19.044.207-1', 10),
(1936, '02/06/2022 10:20:09', 'Cadatrado novo funcionário: VALDOMIRO VASSELEK', 10),
(1937, '02/06/2022 10:23:09', 'Novo Emprestimo, para: VALDOMIRO VASSELEK , aparelho: SMARTPHONE , imei: 868697054222942 chip: 19.044.263-2', 10),
(1938, '02/06/2022 10:47:59', 'Logou no sistema: OTONIEL AMANCIO ALVES, maquina: COOGI-390861', 2),
(1939, '02/06/2022 10:49:20', 'Cadatrado novo funcionário: ANA PAULA MASCARO', 10),
(1940, '02/06/2022 10:49:31', 'Deslogou do sistema: OTONIEL AMANCIO ALVES, maquina:COOGI-390861', 2),
(1941, '02/06/2022 10:51:30', 'Novo Emprestimo, para: ANA PAULA MASCARO , aparelho: SMARTPHONE , imei: 868697054241025 chip: 19.044.565-8', 10),
(1942, '02/06/2022 11:01:09', 'Cadatrado novo funcionário: ALESSANDRO XAVIER DE OLIVEIRA', 10),
(1943, '02/06/2022 11:02:02', 'Novo Emprestimo, para: ALESSANDRO XAVIER DE OLIVEIRA , aparelho: SMARTPHONE , imei: 861569052643006 chip: 19.044.678-6', 10),
(1944, '02/06/2022 11:11:28', 'Cadatrado novo funcionário: PAULO LUIZ PANUCI', 10),
(1945, '02/06/2022 11:13:43', 'Novo Emprestimo, para: PAULO LUIZ PANUCI , aparelho: SMARTPHONE , imei: 862122058112169 chip: 19.044.801-0', 10),
(1946, '02/06/2022 11:16:56', 'Cadatrado novo funcionário: LEONARDO AUGUSTO ROSSI', 10),
(1947, '02/06/2022 11:18:52', 'Novo Emprestimo, para: LEONARDO AUGUSTO ROSSI , aparelho: SMARTPHONE , imei: 868697054210624 chip: 19.044.859-2', 10),
(1948, '02/06/2022 16:56:05', 'Deslogou do sistema: TONY AUGUSTO ALVES LIMA, maquina:COOGI-390780', 10),
(1949, '03/06/2022 10:22:06', 'Logou no sistema: OTONIEL AMANCIO ALVES, maquina: COOGI-380528', 2),
(1950, '03/06/2022 10:24:04', 'Deslogou do sistema:  OTONIEL AMANCIO ALVES', 2),
(1951, '03/06/2022 11:10:13', 'Logou no sistema: TONY AUGUSTO ALVES LIMA, maquina: COOGI-390780', 10),
(1952, '03/06/2022 11:11:26', 'Deslogou do sistema: TONY AUGUSTO ALVES LIMA, maquina:COOGI-390780', 10),
(1953, '03/06/2022 11:37:14', 'Logou no sistema: TONY AUGUSTO ALVES LIMA, maquina: COOGI-390780', 10),
(1954, '03/06/2022 14:35:35', 'Logou no sistema: HOLIGINA DE SOUZA, maquina: COOGI-390880', 11),
(1955, '03/06/2022 14:36:08', 'Deslogou do sistema: HOLIGINA DE SOUZA, maquina:COOGI-390880', 11),
(1956, '03/06/2022 14:37:07', 'Logou no sistema: HOLIGINA DE SOUZA, maquina: COOGI-390880', 11),
(1957, '03/06/2022 14:37:16', 'Deslogou do sistema: HOLIGINA DE SOUZA, maquina:COOGI-390880', 11),
(1958, '03/06/2022 14:39:00', 'Logou no sistema: TONY AUGUSTO ALVES LIMA, maquina: COOGI-390780', 10),
(1959, '03/06/2022 14:39:04', 'Deslogou do sistema: TONY AUGUSTO ALVES LIMA, maquina:COOGI-390780', 10),
(1960, '03/06/2022 14:56:28', 'Logou no sistema: FERNANDO MAURICIO IMTHURM, maquina: COOGI-390880', 8),
(1961, '03/06/2022 15:27:43', 'Logou no sistema: FERNANDO MAURICIO IMTHURM, maquina: COOGI-390880', 8),
(1962, '03/06/2022 15:43:33', 'Reemitir termo:137 do funcionário: LUIZ FERNANDO GASPARI DE OLIVEIRA LIMA', 10),
(1963, '03/06/2022 15:50:27', 'Novo Emprestimo, para: LUIZ FERNANDO GASPARI DE OLIVEIRA LIMA , aparelho:  , imei:  chip: 19.052.719-0', 10),
(1964, '03/06/2022 16:09:46', 'Deslogou do sistema: FERNANDO MAURICIO IMTHURM, maquina:COOGI-390880', 8),
(1965, '03/06/2022 17:00:50', 'Deslogou do sistema: TONY AUGUSTO ALVES LIMA, maquina:COOGI-390780', 10),
(1966, '06/06/2022 10:20:39', 'Logou no sistema: TONY AUGUSTO ALVES LIMA, maquina: COOGI-390780', 10),
(1967, '06/06/2022 10:46:28', 'Cadatrado novo funcionário: GIOLVANE FERREIRA', 10),
(1968, '06/06/2022 10:47:04', 'Logou no sistema: HOLIGINA DE SOUZA, maquina: COOGI-390880', 11),
(1969, '06/06/2022 10:53:58', 'Novo Emprestimo, para: GIOLVANE FERREIRA , aparelho: SMARTPHONE , imei: 862122058182220 chip: 19.056.362-6', 11),
(1970, '06/06/2022 10:59:20', 'Deslogou do sistema: HOLIGINA DE SOUZA, maquina:COOGI-390880', 11),
(1971, '06/06/2022 11:01:39', 'Logou no sistema: HOLIGINA DE SOUZA, maquina: COOGI-390880', 11),
(1972, '06/06/2022 12:58:41', 'Deslogou do sistema: HOLIGINA DE SOUZA, maquina:COOGI-390880', 11),
(1973, '06/06/2022 13:05:33', 'Logou no sistema: HOLIGINA DE SOUZA, maquina: COOGI-390880', 11),
(1974, '06/06/2022 13:16:49', 'Alterada usuario: HOLIGINA DE SOUZA', 11),
(1975, '06/06/2022 13:17:46', 'Deslogou do sistema: HOLIGINA DE SOUZA, maquina:COOGI-390880', 11),
(1976, '07/06/2022 13:26:07', 'Logou no sistema: OTONIEL AMANCIO ALVES, maquina: COOGI-390861', 2),
(1977, '07/06/2022 13:27:26', 'Deslogou do sistema: OTONIEL AMANCIO ALVES, maquina:COOGI-390861', 2),
(1978, '07/06/2022 13:27:38', 'Logou no sistema: OTONIEL AMANCIO ALVES, maquina: COOGI-390861', 2),
(1979, '07/06/2022 13:28:09', 'Deslogou do sistema: OTONIEL AMANCIO ALVES, maquina:COOGI-390861', 2),
(1980, '07/06/2022 13:28:34', 'Logou no sistema: OTONIEL AMANCIO ALVES, maquina: COOGI-390861', 2),
(1981, '07/06/2022 13:34:06', 'Logou no sistema: OTONIEL AMANCIO ALVES, maquina: COOGI-390861', 2),
(1982, '07/06/2022 15:01:48', 'Deslogou do sistema:  OTONIEL AMANCIO ALVES', 2),
(1983, '08/06/2022 16:06:06', 'Logou no sistema: TONY AUGUSTO ALVES LIMA, maquina: COOGI-390780', 10),
(1984, '08/06/2022 16:08:23', 'Reemitir termo:282 do funcionário: GRACIANE ALVES FERREIRA', 10),
(1985, '08/06/2022 16:35:18', 'Logou no sistema: OTONIEL AMANCIO ALVES, maquina: COOGI-390861', 2),
(1986, '08/06/2022 16:36:53', 'Deslogou do sistema: OTONIEL AMANCIO ALVES, maquina:COOGI-390861', 2),
(1987, '08/06/2022 16:58:06', 'Deslogou do sistema: TONY AUGUSTO ALVES LIMA, maquina:COOGI-390780', 10),
(1988, '09/06/2022 11:58:57', 'Logou no sistema: TONY AUGUSTO ALVES LIMA, maquina: COOGI-390780', 10),
(1989, '09/06/2022 16:56:52', 'Deslogou do sistema: TONY AUGUSTO ALVES LIMA, maquina:COOGI-390780', 10),
(1990, '10/06/2022 09:27:40', 'Logou no sistema: OTONIEL AMANCIO ALVES, maquina: COOGI-390861', 2),
(1991, '10/06/2022 09:27:54', 'Deslogou do sistema: OTONIEL AMANCIO ALVES, maquina:COOGI-390861', 2),
(1992, '10/06/2022 09:30:18', 'Logou no sistema: OTONIEL AMANCIO ALVES, maquina: COOGI-390861', 2),
(1993, '10/06/2022 09:30:26', 'Reemitir termo:249 do funcionário: ANTONIO CARLOS RODRIGUES ', 2),
(1994, '10/06/2022 09:38:27', 'Deslogou do sistema: OTONIEL AMANCIO ALVES, maquina:COOGI-390861', 2),
(1995, '13/06/2022 14:57:33', 'Logou no sistema: TONY AUGUSTO ALVES LIMA, maquina: COOGI-390780', 10),
(1996, '13/06/2022 14:58:34', 'Deslogou do sistema: TONY AUGUSTO ALVES LIMA, maquina:COOGI-390780', 10),
(1997, '22/06/2022 09:00:25', 'Logou no sistema: TONY AUGUSTO ALVES LIMA, maquina: COOGI-390780', 10),
(1998, '22/06/2022 09:56:33', 'Logou no sistema: HOLIGINA DE SOUZA, maquina: COOGI-390880', 11),
(1999, '22/06/2022 11:04:02', 'Deslogou do sistema: TONY AUGUSTO ALVES LIMA, maquina:COOGI-390780', 10),
(2000, '22/06/2022 11:24:44', 'Logou no sistema: TONY AUGUSTO ALVES LIMA, maquina: COOGI-390780', 10),
(2001, '22/06/2022 15:19:15', 'Logou no sistema: FARID GELASCO MALSCHITZKY, maquina: COOGI-390802', 5),
(2002, '22/06/2022 15:48:45', 'Deslogou do sistema: TONY AUGUSTO ALVES LIMA, maquina:COOGI-390780', 10),
(2003, '22/06/2022 15:48:54', 'Logou no sistema: TONY AUGUSTO ALVES LIMA, maquina: COOGI-390780', 10),
(2004, '22/06/2022 16:15:42', 'Cadatrado chip: 89550641139000041961', 10),
(2005, '22/06/2022 16:17:46', 'Cadatrado novo funcionário: MICHAEL CHRYSTIAN BOGO', 10),
(2006, '22/06/2022 16:20:37', 'Novo Emprestimo, para: MICHAEL CHRYSTIAN BOGO , aparelho:  , imei:  chip: 19.116.639-6', 10),
(2007, '22/06/2022 16:53:16', 'Deslogou do sistema: HOLIGINA DE SOUZA, maquina:COOGI-390880', 11),
(2008, '22/06/2022 17:00:05', 'Deslogou do sistema: TONY AUGUSTO ALVES LIMA, maquina:COOGI-390780', 10),
(2009, '23/06/2022 08:38:42', 'Logou no sistema: TONY AUGUSTO ALVES LIMA, maquina: COOGI-390780', 10),
(2010, '23/06/2022 11:19:03', 'Deslogou do sistema: FARID GELASCO MALSCHITZKY, maquina:COOGI-390802', 5),
(2011, '23/06/2022 14:41:42', 'Logou no sistema: HOLIGINA DE SOUZA, maquina: COOGI-390880', 11),
(2012, '23/06/2022 16:54:57', 'Deslogou do sistema: HOLIGINA DE SOUZA, maquina:COOGI-390880', 11),
(2013, '23/06/2022 16:59:08', 'Deslogou do sistema: TONY AUGUSTO ALVES LIMA, maquina:COOGI-390780', 10),
(2014, '27/06/2022 09:34:11', 'Logou no sistema: FARID GELASCO MALSCHITZKY, maquina: COOGI-390802', 5),
(2015, '27/06/2022 09:34:31', 'Deslogou do sistema: FARID GELASCO MALSCHITZKY, maquina:COOGI-390802', 5),
(2016, '28/06/2022 09:54:53', 'Logou no sistema: TONY AUGUSTO ALVES LIMA, maquina: COOGI-390780', 10),
(2017, '28/06/2022 16:25:39', 'Deslogou do sistema: TONY AUGUSTO ALVES LIMA, maquina:COOGI-390780', 10),
(2018, '28/06/2022 16:25:49', 'Logou no sistema: TONY AUGUSTO ALVES LIMA, maquina: COOGI-390780', 10),
(2019, '28/06/2022 16:25:51', 'Deslogou do sistema: TONY AUGUSTO ALVES LIMA, maquina:COOGI-390780', 10),
(2020, '30/06/2022 13:18:01', 'Logou no sistema: HOLIGINA DE SOUZA, maquina: COOGI-390880', 11),
(2021, '30/06/2022 17:11:31', 'Deslogou do sistema: HOLIGINA DE SOUZA, maquina:COOGI-390880', 11),
(2022, '01/07/2022 14:20:26', 'Logou no sistema: OTONIEL AMANCIO ALVES, maquina: COOGI-390861', 2),
(2023, '01/07/2022 14:21:13', 'Deslogou do sistema: OTONIEL AMANCIO ALVES, maquina:COOGI-390861', 2),
(2024, '07/07/2022 10:40:33', 'Logou no sistema: TONY AUGUSTO ALVES LIMA, maquina: COOGI-390780', 10),
(2025, '08/07/2022 09:52:15', 'Logou no sistema: HOLIGINA DE SOUZA, maquina: COOGI-390880', 11),
(2026, '08/07/2022 09:53:11', 'Deslogou do sistema: HOLIGINA DE SOUZA, maquina:COOGI-390880', 11),
(2027, '08/07/2022 12:29:00', 'Logou no sistema: TONY AUGUSTO ALVES LIMA, maquina: COOGI-390780', 10),
(2028, '08/07/2022 13:58:07', 'Deslogou do sistema: TONY AUGUSTO ALVES LIMA, maquina:COOGI-390780', 10),
(2029, '11/07/2022 14:24:03', 'Logou no sistema: TONY AUGUSTO ALVES LIMA, maquina: COOGI-390780', 10),
(2030, '11/07/2022 14:59:14', 'Deslogou do sistema: TONY AUGUSTO ALVES LIMA, maquina:COOGI-390780', 10),
(2031, '11/07/2022 16:44:17', 'Logou no sistema: TONY AUGUSTO ALVES LIMA, maquina: COOGI-390780', 10),
(2032, '11/07/2022 16:46:39', 'Alterar Emprestimo, de: EDSON LUIS FERREIRA MACIEL    , aparelho: SMARTPHONE , imei: 861915045226153 chip: 18.803.242-7', 10),
(2033, '11/07/2022 16:46:52', 'Alterar Emprestimo, de: ELMO JOSE CHAGAS , aparelho: SMARTPHONE , imei: 861697044839075 chip: 18.791.784-0', 10),
(2034, '11/07/2022 16:47:02', 'Alterar Emprestimo, de: FLAMARION KRUM DE CARVALHO , aparelho: SMARTPHONE , imei: 861697044898998 chip: 18.803.151-0', 10),
(2035, '11/07/2022 16:47:25', 'Alterar Emprestimo, de: JOSÉ OSÓRIO DUARTE , aparelho: SMARTPHONE , imei: 861915046266836 chip: 18.978.557-7', 10),
(2036, '11/07/2022 16:47:35', 'Alterar Emprestimo, de: LUIZ FERNANDO DE SOUZA , aparelho: SMARTPHONE , imei: 861697044789411 chip: 18.778.961-3', 10),
(2037, '11/07/2022 16:47:45', 'Alterar Emprestimo, de: MAICON LUIZ DA CUNHA , aparelho: SMARTPHONE , imei: 861697042356270 chip: 18.828.923-1', 10),
(2038, '11/07/2022 16:47:59', 'Alterar Emprestimo, de: RAFAEL MARIENSKI , aparelho: SMARTPHONE , imei: 866498046687991 chip: 18.798.793-8', 10),
(2039, '11/07/2022 16:58:10', 'Deslogou do sistema: TONY AUGUSTO ALVES LIMA, maquina:COOGI-390780', 10),
(2040, '12/07/2022 10:46:42', 'Logou no sistema: TONY AUGUSTO ALVES LIMA, maquina: COOGI-390780', 10),
(2041, '12/07/2022 10:49:12', 'Deslogou do sistema: TONY AUGUSTO ALVES LIMA, maquina:COOGI-390780', 10),
(2042, '13/07/2022 09:32:10', 'Logou no sistema: TONY AUGUSTO ALVES LIMA, maquina: COOGI-390780', 10),
(2043, '13/07/2022 16:59:09', 'Deslogou do sistema: TONY AUGUSTO ALVES LIMA, maquina:COOGI-390780', 10),
(2044, '14/07/2022 10:04:12', 'Logou no sistema: TONY AUGUSTO ALVES LIMA, maquina: COOGI-390780', 10),
(2045, '14/07/2022 11:05:55', 'Logou no sistema: OTONIEL AMANCIO ALVES, maquina: COOGI-390861', 2),
(2046, '14/07/2022 11:06:37', 'Deslogou do sistema: OTONIEL AMANCIO ALVES, maquina:COOGI-390861', 2),
(2047, '14/07/2022 11:09:57', 'Logou no sistema: OTONIEL AMANCIO ALVES, maquina: COOGI-390861', 2),
(2048, '14/07/2022 11:10:25', 'Deslogou do sistema: OTONIEL AMANCIO ALVES, maquina:COOGI-390861', 2),
(2049, '14/07/2022 16:58:14', 'Deslogou do sistema: TONY AUGUSTO ALVES LIMA, maquina:COOGI-390780', 10),
(2050, '15/07/2022 08:48:42', 'Logou no sistema: TONY AUGUSTO ALVES LIMA, maquina: COOGI-390780', 10),
(2051, '15/07/2022 16:24:00', 'Logou no sistema: TONY AUGUSTO ALVES LIMA, maquina: COOGI-390780', 10),
(2052, '15/07/2022 16:27:31', 'Cadatrado novo funcionário: ADJALMA DA SILVA', 10),
(2053, '15/07/2022 16:32:01', 'Cadatrado nova empresa: EMBRATEL - CLARO S/A', 10),
(2054, '15/07/2022 16:32:32', 'Cadatrado chip: 89550641359000346059', 10),
(2055, '15/07/2022 16:35:19', 'Novo Emprestimo, para: ADJALMA DA SILVA , aparelho:  , imei:  chip: 19.236.801-4', 10),
(2056, '15/07/2022 16:57:35', 'Deslogou do sistema: TONY AUGUSTO ALVES LIMA, maquina:COOGI-390780', 10),
(2057, '15/07/2022 16:57:42', 'Deslogou do sistema: TONY AUGUSTO ALVES LIMA, maquina:COOGI-390780', 10),
(2058, '18/07/2022 08:37:58', 'Logou no sistema: TONY AUGUSTO ALVES LIMA, maquina: COOGI-390780', 10),
(2059, '18/07/2022 11:04:36', 'Alterar Emprestimo, de: ADJALMA DA SILVA , aparelho:  , imei:  chip: 19.236.801-4', 10),
(2060, '18/07/2022 11:04:46', 'Reemitir termo:306 do funcionário: ADJALMA DA SILVA', 10),
(2061, '18/07/2022 16:10:00', 'Novo Emprestimo, para: JOSÉ ROBERTO DE MATTOS , aparelho: SMARTPHONE , imei: 868697054189109 chip: 19.242.313-9', 10),
(2062, '18/07/2022 17:01:10', 'Deslogou do sistema: TONY AUGUSTO ALVES LIMA, maquina:COOGI-390780', 10),
(2063, '19/07/2022 08:24:37', 'Logou no sistema: TONY AUGUSTO ALVES LIMA, maquina: COOGI-390780', 10),
(2064, '19/07/2022 08:32:36', 'Alterar Emprestimo, de: JOSÉ ROBERTO DE MATTOS , aparelho: SMARTPHONE , imei: 868697054189109 chip: 19.242.313-9', 10),
(2065, '19/07/2022 08:32:52', 'Reemitir termo:307 do funcionário: JOSÉ ROBERTO DE MATTOS', 10),
(2066, '19/07/2022 14:08:18', 'Alterar funcionário: MARCEL ROCHA', 10),
(2067, '19/07/2022 16:58:08', 'Deslogou do sistema: TONY AUGUSTO ALVES LIMA, maquina:COOGI-390780', 10),
(2068, '20/07/2022 11:50:27', 'Logou no sistema: TONY AUGUSTO ALVES LIMA, maquina: COOGI-390780', 10),
(2069, '20/07/2022 17:25:59', 'Deslogou do sistema: TONY AUGUSTO ALVES LIMA, maquina:COOGI-390780', 10),
(2070, '21/07/2022 08:52:42', 'Logou no sistema: TONY AUGUSTO ALVES LIMA, maquina: COOGI-390780', 10),
(2071, '21/07/2022 09:01:17', 'Cadatrado chip: 89550641359000345812', 10),
(2072, '21/07/2022 09:04:53', 'Novo Emprestimo, para: MARCEL ROCHA , aparelho:  , imei:  chip: 19.253.873-4', 10),
(2073, '21/07/2022 09:09:45', 'Cadatrado chip: 89550641359000345861', 10),
(2074, '21/07/2022 09:12:30', 'Novo Emprestimo, para: MARCEL ROCHA , aparelho:  , imei:  chip: 19.253.932-3', 10),
(2075, '21/07/2022 09:15:07', 'Cadatrado chip: 89550641359000345879', 10),
(2076, '21/07/2022 09:18:11', 'Novo Emprestimo, para: MARCEL ROCHA , aparelho:  , imei:  chip: 19.253.993-5', 10),
(2077, '21/07/2022 10:22:18', 'Deslogou do sistema: TONY AUGUSTO ALVES LIMA, maquina:COOGI-390780', 10),
(2078, '21/07/2022 11:50:28', 'Logou no sistema: TONY AUGUSTO ALVES LIMA, maquina: COOGI-390780', 10),
(2079, '21/07/2022 11:55:04', 'Cadatrado chip: 89550641359000345838', 10),
(2080, '21/07/2022 11:57:30', 'Novo Emprestimo, para: PAMELLA GARCIA ROSA , aparelho:  , imei:  chip: 19.255.520-5', 10),
(2081, '21/07/2022 12:14:16', 'Deslogou do sistema: TONY AUGUSTO ALVES LIMA, maquina:COOGI-390780', 10),
(2082, '22/07/2022 08:32:44', 'Logou no sistema: TONY AUGUSTO ALVES LIMA, maquina: COOGI-390780', 10),
(2083, '22/07/2022 10:53:40', 'Deslogou do sistema: TONY AUGUSTO ALVES LIMA, maquina:COOGI-390780', 10),
(2084, '22/07/2022 10:53:58', 'Logou no sistema: TONY AUGUSTO ALVES LIMA, maquina: COOGI-390780', 10),
(2085, '22/07/2022 11:17:20', 'Deslogou do sistema: TONY AUGUSTO ALVES LIMA, maquina:COOGI-390780', 10),
(2086, '22/07/2022 11:17:30', 'Logou no sistema: TONY AUGUSTO ALVES LIMA, maquina: COOGI-390780', 10),
(2087, '22/07/2022 15:57:45', 'Deslogou do sistema: TONY AUGUSTO ALVES LIMA, maquina:COOGI-390780', 10),
(2088, '25/07/2022 11:54:15', 'Logou no sistema: OTONIEL AMANCIO ALVES, maquina: COOGI-390861', 2),
(2089, '25/07/2022 11:54:43', 'Deslogou do sistema: OTONIEL AMANCIO ALVES, maquina:COOGI-390861', 2),
(2090, '25/07/2022 15:06:46', 'Logou no sistema: OTONIEL AMANCIO ALVES, maquina: COOGI-390861', 2),
(2091, '25/07/2022 15:07:01', 'Deslogou do sistema: OTONIEL AMANCIO ALVES, maquina:COOGI-390861', 2),
(2092, '25/07/2022 15:22:32', 'Logou no sistema: OTONIEL AMANCIO ALVES, maquina: COOGI-390861', 2),
(2093, '25/07/2022 15:23:01', 'Deslogou do sistema: OTONIEL AMANCIO ALVES, maquina:COOGI-390861', 2),
(2094, '25/07/2022 15:31:59', 'Logou no sistema: TONY AUGUSTO ALVES LIMA, maquina: COOGI-390780', 10),
(2095, '25/07/2022 15:32:36', 'Deslogou do sistema: TONY AUGUSTO ALVES LIMA, maquina:COOGI-390780', 10),
(2096, '25/07/2022 15:36:53', 'Logou no sistema: OTONIEL AMANCIO ALVES, maquina: COOGI-390861', 2),
(2097, '25/07/2022 15:37:32', 'Deslogou do sistema: OTONIEL AMANCIO ALVES, maquina:COOGI-390861', 2),
(2098, '26/07/2022 08:37:34', 'Logou no sistema: TONY AUGUSTO ALVES LIMA, maquina: COOGI-390780', 10),
(2099, '26/07/2022 10:04:41', 'Reemitir termo:303 do funcionário: LUIZ FERNANDO GASPARI DE OLIVEIRA LIMA', 10),
(2100, '27/07/2022 11:12:19', 'Logou no sistema: OTONIEL AMANCIO ALVES, maquina: COOGI-390861', 2),
(2101, '27/07/2022 11:14:06', 'Deslogou do sistema: OTONIEL AMANCIO ALVES, maquina:COOGI-390861', 2),
(2102, '27/07/2022 11:14:12', 'Logou no sistema: OTONIEL AMANCIO ALVES, maquina: COOGI-390861', 2),
(2103, '27/07/2022 11:15:29', 'Deslogou do sistema: OTONIEL AMANCIO ALVES, maquina:COOGI-390861', 2),
(2104, '29/07/2022 09:29:37', 'Logou no sistema: TONY AUGUSTO ALVES LIMA, maquina: COOGI-390780', 10),
(2105, '29/07/2022 09:55:15', 'Reemitir termo:160 do funcionário: JOSÉ ROBERTO DE MATTOS', 10),
(2106, '29/07/2022 10:02:54', 'Deslogou do sistema: TONY AUGUSTO ALVES LIMA, maquina:COOGI-390780', 10),
(2107, '02/08/2022 10:25:05', 'Logou no sistema: TONY AUGUSTO ALVES LIMA, maquina: COOGI-390780', 10),
(2108, '02/08/2022 16:55:34', 'Deslogou do sistema: TONY AUGUSTO ALVES LIMA, maquina:COOGI-390780', 10),
(2109, '03/08/2022 10:30:38', 'Logou no sistema: FARID GELASCO MALSCHITZKY, maquina: COOGI-390802', 5),
(2110, '03/08/2022 10:45:18', 'Deslogou do sistema: FARID GELASCO MALSCHITZKY, maquina:COOGI-390802', 5),
(2111, '08/08/2022 11:08:21', 'Logou no sistema: TONY AUGUSTO ALVES LIMA, maquina: COOGI-390780', 10),
(2112, '08/08/2022 16:58:09', 'Deslogou do sistema: TONY AUGUSTO ALVES LIMA, maquina:COOGI-390780', 10),
(2113, '16/08/2022 11:28:54', 'Logou no sistema: TONY AUGUSTO ALVES LIMA, maquina: COOGI-390780', 10),
(2114, '16/08/2022 14:31:52', 'Logou no sistema: OTONIEL AMANCIO ALVES, maquina: COOGI-390861', 2),
(2115, '16/08/2022 14:33:56', 'Deslogou do sistema: OTONIEL AMANCIO ALVES, maquina:COOGI-390861', 2),
(2116, '16/08/2022 16:58:15', 'Deslogou do sistema: TONY AUGUSTO ALVES LIMA, maquina:COOGI-390780', 10),
(2117, '18/08/2022 11:09:52', 'Logou no sistema: TONY AUGUSTO ALVES LIMA, maquina: COOGI-390780', 10),
(2118, '18/08/2022 11:14:41', 'Reemitir termo:85 do funcionário: FERNANDO MAURICIO IMTHURM', 10),
(2119, '18/08/2022 12:21:55', 'Deslogou do sistema: TONY AUGUSTO ALVES LIMA, maquina:COOGI-390780', 10),
(2120, '19/08/2022 09:10:40', 'Logou no sistema: OTONIEL AMANCIO ALVES, maquina: COOGI-390861', 2),
(2121, '19/08/2022 09:10:50', 'Reemitir termo:277 do funcionário: ANTONIO SERGIO FERREIRA', 2),
(2122, '19/08/2022 09:11:19', 'Deslogou do sistema: OTONIEL AMANCIO ALVES, maquina:COOGI-390861', 2),
(2123, '19/08/2022 16:27:16', 'Logou no sistema: TONY AUGUSTO ALVES LIMA, maquina: COOGI-390780', 10),
(2124, '19/08/2022 16:36:04', 'Deslogou do sistema: TONY AUGUSTO ALVES LIMA, maquina:COOGI-390780', 10),
(2125, '22/08/2022 15:49:24', 'Logou no sistema: OTONIEL AMANCIO ALVES, maquina: COOGI-390861', 2),
(2126, '22/08/2022 15:50:57', 'Deslogou do sistema: OTONIEL AMANCIO ALVES, maquina:COOGI-390861', 2),
(2127, '22/08/2022 15:51:28', 'Logou no sistema: TONY AUGUSTO ALVES LIMA, maquina: COOGI-390780', 10),
(2128, '22/08/2022 15:52:25', 'Reemitir termo:76 do funcionário: MARCELO RUMOR', 10),
(2129, '22/08/2022 16:11:26', 'Reemitir termo:76 do funcionário: MARCELO RUMOR', 10),
(2130, '22/08/2022 16:13:11', 'Reemitir termo:76 do funcionário: MARCELO RUMOR', 10),
(2131, '22/08/2022 16:59:25', 'Deslogou do sistema: TONY AUGUSTO ALVES LIMA, maquina:COOGI-390780', 10),
(2132, '23/08/2022 12:36:11', 'Logou no sistema: TONY AUGUSTO ALVES LIMA, maquina: COOGI-390780', 10),
(2133, '23/08/2022 16:56:53', 'Deslogou do sistema: TONY AUGUSTO ALVES LIMA, maquina:COOGI-390780', 10),
(2134, '29/08/2022 16:32:52', 'Logou no sistema: TONY AUGUSTO ALVES LIMA, maquina: COOGI-390780', 10),
(2135, '29/08/2022 19:22:16', 'Deslogou do sistema: TONY AUGUSTO ALVES LIMA, maquina:COOGI-390780', 10),
(2136, '31/08/2022 11:11:17', 'Logou no sistema: TONY AUGUSTO ALVES LIMA, maquina: COOGI-390780', 10),
(2137, '31/08/2022 11:28:25', 'Cadatrado novo funcionário: ANDIA NARA GUIRAUD', 10),
(2138, '31/08/2022 11:31:27', 'Cadatrado chip: 89550641139000041276', 10),
(2139, '31/08/2022 11:31:35', 'Excluído chip: 89550641239000085974', 10),
(2140, '31/08/2022 11:32:40', 'Cadatrado cargo: ATIVIDADES', 10),
(2141, '31/08/2022 11:34:57', 'Novo Emprestimo, para: ANDIA NARA GUIRAUD , aparelho:  , imei:  chip: 19.425.866-6', 10),
(2142, '31/08/2022 15:44:10', 'Logou no sistema: FARID GELASCO MALSCHITZKY, maquina: COOGI-390802', 5),
(2143, '31/08/2022 16:59:45', 'Deslogou do sistema: TONY AUGUSTO ALVES LIMA, maquina:COOGI-390780', 10),
(2144, '05/09/2022 10:19:53', 'Logou no sistema: TONY AUGUSTO ALVES LIMA, maquina: COOGI-390780', 10),
(2145, '05/09/2022 10:24:25', 'Reemitir termo:122 do funcionário: ROSALDO BONNET', 10),
(2146, '06/09/2022 15:20:08', 'Deslogou do sistema: FARID GELASCO MALSCHITZKY, maquina:COOGI-390802', 5),
(2147, '12/09/2022 08:37:34', 'Logou no sistema: TONY AUGUSTO ALVES LIMA, maquina: COOGI-390780', 10),
(2148, '12/09/2022 17:02:07', 'Deslogou do sistema: TONY AUGUSTO ALVES LIMA, maquina:COOGI-390780', 10),
(2149, '14/09/2022 21:13:50', 'Logou no sistema: OTONIEL AMANCIO ALVES, maquina: COOGI-390861', 2),
(2150, '14/09/2022 21:14:41', 'Reemitir termo:119 do funcionário: CÉLIO YOSHIO NAGANAWA', 2),
(2151, '14/09/2022 21:15:44', 'Deslogou do sistema: OTONIEL AMANCIO ALVES, maquina:COOGI-390861', 2),
(2152, '15/09/2022 09:39:08', 'Logou no sistema: TONY AUGUSTO ALVES LIMA, maquina: COOGI-390780', 10),
(2153, '15/09/2022 09:40:43', 'Cadatrado novo funcionário: PAULO HENRIQUE BERTOLI', 10),
(2154, '15/09/2022 09:42:02', 'Novo Emprestimo, para: PAULO HENRIQUE BERTOLI , aparelho: SMARTPHONE , imei: 868697054202761 chip: 19.481.298-1', 10),
(2155, '15/09/2022 16:53:24', 'Deslogou do sistema: TONY AUGUSTO ALVES LIMA, maquina:COOGI-390780', 10),
(2156, '16/09/2022 11:39:18', 'Logou no sistema: OTONIEL AMANCIO ALVES, maquina: COOGI-390861', 2),
(2157, '16/09/2022 11:39:41', 'Deslogou do sistema: OTONIEL AMANCIO ALVES, maquina:COOGI-390861', 2),
(2158, '23/09/2022 11:12:40', 'Logou no sistema: TONY AUGUSTO ALVES LIMA, maquina: COOGI-390780', 10),
(2159, '23/09/2022 11:15:38', 'Cadatrado novo funcionário: CLAUDIO DE CARVALHO', 10),
(2160, '23/09/2022 11:17:56', 'Novo Emprestimo, para: CLAUDIO DE CARVALHO , aparelho: SMARTPHONE , imei: 866498046667670 chip: 18.798.751-2', 10),
(2161, '23/09/2022 11:50:38', 'Cadatrado novo funcionário: RENATA CARVALHO FURTADO', 10),
(2162, '23/09/2022 11:51:42', 'Novo Emprestimo, para: RENATA CARVALHO FURTADO , aparelho: SMARTPHONE , imei: 861697040472178 chip: 18.798.687-7', 10),
(2163, '23/09/2022 14:26:56', 'Deslogou do sistema: TONY AUGUSTO ALVES LIMA, maquina:COOGI-390780', 10),
(2164, '30/09/2022 08:40:58', 'Logou no sistema: OTONIEL AMANCIO ALVES, maquina: COOGI-390861', 2),
(2165, '30/09/2022 08:48:25', 'Reemitir termo:177 do funcionário: JANAINA MARQUES DA SILVA ARAUJO', 2),
(2166, '30/09/2022 08:52:57', 'Deslogou do sistema: OTONIEL AMANCIO ALVES, maquina:COOGI-390861', 2),
(2167, '03/10/2022 11:24:21', 'Logou no sistema: TONY AUGUSTO ALVES LIMA, maquina: COOGI-390780', 10),
(2168, '03/10/2022 11:26:51', 'Cadatrado chip: 89550641359000345978', 10),
(2169, '03/10/2022 11:29:56', 'Novo Emprestimo, para: RENATA CARVALHO FURTADO , aparelho:  , imei:  chip: 19.552.670-2', 10),
(2170, '03/10/2022 15:00:09', 'Deslogou do sistema: TONY AUGUSTO ALVES LIMA, maquina:COOGI-390780', 10);

-- --------------------------------------------------------

--
-- Estrutura da tabela `marca`
--

CREATE TABLE `marca` (
  `idMarca` int(11) NOT NULL,
  `marca` varchar(150) DEFAULT NULL,
  `categoria_id` int(11) NOT NULL
) ENGINE=InnoDB DEFAULT CHARSET=utf8mb4;

--
-- Extraindo dados da tabela `marca`
--

INSERT INTO `marca` (`idMarca`, `marca`, `categoria_id`) VALUES
(1, 'APPLE IPHONE XR', 2),
(2, 'APPLE IPHONE 7', 2),
(3, 'SAMSUNG GALAXY A5', 2),
(4, 'SAMSUNG GALAXY A7', 2),
(5, 'SAMSUNG GALAXY J1', 2),
(6, 'SAMSUNG GALAXY S7', 2),
(7, 'SAMSUNG GALAXY S8', 2),
(8, 'SAMSUNG S10 LITE', 2),
(9, 'SAMSUNG GALAXY A01', 2),
(10, 'SAMSUNG GALAXY A12', 2),
(11, 'SAMSUNG GALAXY S10 LITE', 2),
(12, 'XIAOMI POCO X3', 2),
(13, 'SAMSUNG GALAXY A32', 2),
(14, 'REDMI NOTE 9S - 6GB RAM - 128GB', 2),
(15, 'REDMI NOTE 8 - 4GB RAM -  128GB', 2),
(16, 'REDMI NOTE 8 - 4GB RAM - 64GB', 2),
(17, 'MI 9 LITE - 6GB RAM - 64GB', 2),
(18, 'MI 9 LITE - 6GB RAM - 128GB', 2),
(19, 'MI A3 - 4GB RM - 128GB', 2),
(20, 'REDMI NOTE 8 PRO - 6GB RAM - 64GB', 2),
(21, 'REDMI NOTE 8 PRO - 6GB RAM - 128GB', 2),
(22, 'REDMI NOTE 9 - 4GB RAM - 128GB', 2);

-- --------------------------------------------------------

--
-- Estrutura da tabela `motivoemprestimo`
--

CREATE TABLE `motivoemprestimo` (
  `idmotivoEmprestimo` int(11) NOT NULL,
  `motivo` varchar(150) NOT NULL
) ENGINE=InnoDB DEFAULT CHARSET=utf8mb4;

--
-- Extraindo dados da tabela `motivoemprestimo`
--

INSERT INTO `motivoemprestimo` (`idmotivoEmprestimo`, `motivo`) VALUES
(1, 'VISTORIA'),
(2, 'ATIVIDADES');

-- --------------------------------------------------------

--
-- Estrutura da tabela `usuario`
--

CREATE TABLE `usuario` (
  `idUsuario` int(11) NOT NULL,
  `nome` varchar(150) DEFAULT NULL,
  `login` varchar(15) DEFAULT NULL,
  `senha` varchar(50) DEFAULT NULL,
  `status` varchar(20) DEFAULT NULL,
  `previlegio` varchar(12) DEFAULT NULL
) ENGINE=InnoDB DEFAULT CHARSET=utf8mb4;

--
-- Extraindo dados da tabela `usuario`
--

INSERT INTO `usuario` (`idUsuario`, `nome`, `login`, `senha`, `status`, `previlegio`) VALUES
(1, 'EDUARDO ANTONIESKY', 'dudu', '202cb962ac59075b964b07152d234b70', 'Inativo', 'Admin'),
(2, 'OTONIEL AMANCIO ALVES', 'toni', '202cb962ac59075b964b07152d234b70', 'Ativo', 'Admin'),
(3, 'GIOLVANE FERREIRA', 'giolvane', '202cb962ac59075b964b07152d234b70', 'Ativo', 'Admin'),
(4, 'CARLOS HENRIQUE MULLER ZIVIANI', 'ch', '202cb962ac59075b964b07152d234b70', 'Ativo', 'Admin'),
(5, 'FARID GELASCO MALSCHITZKY', 'farid', '202cb962ac59075b964b07152d234b70', 'Ativo', 'Admin'),
(6, 'IGOR GABRIEL DA SILVEIRA', 'igor', '202cb962ac59075b964b07152d234b70', 'Ativo', 'Consulta'),
(7, 'EUNICE MARY MUNHOZ DE MORAES', 'eunice', '202cb962ac59075b964b07152d234b70', 'Inativo', 'Consulta'),
(8, 'FERNANDO MAURICIO IMTHURM', 'fernando', '202cb962ac59075b964b07152d234b70', 'Inativo', 'Admin'),
(9, 'JOÃO PEDRO', 'jp', '202cb962ac59075b964b07152d234b70', 'Inativo', 'Admin'),
(10, 'TONY AUGUSTO ALVES LIMA', 'tony2', '202cb962ac59075b964b07152d234b70', 'Ativo', 'Admin'),
(11, 'HOLIGINA DE SOUZA', 'holi', 'e26c874ebe35bff978cd8e88597f7afb', 'Ativo', 'Admin');

--
-- Indexes for dumped tables
--

--
-- Indexes for table `cargoFuncionario`
--
ALTER TABLE `cargoFuncionario`
  ADD PRIMARY KEY (`idCargo`);

--
-- Indexes for table `categoria`
--
ALTER TABLE `categoria`
  ADD PRIMARY KEY (`idCategoria`);

--
-- Indexes for table `celular`
--
ALTER TABLE `celular`
  ADD PRIMARY KEY (`idCelular`),
  ADD KEY `fk_celular_empresa1_idx` (`empresa_id`),
  ADD KEY `fk_celular_marca1_idx` (`marca_id`);

--
-- Indexes for table `chip`
--
ALTER TABLE `chip`
  ADD PRIMARY KEY (`idChip`),
  ADD KEY `fk_chip_empresa1_idx` (`empresa_id`);

--
-- Indexes for table `empresa`
--
ALTER TABLE `empresa`
  ADD PRIMARY KEY (`idEmpresa`);

--
-- Indexes for table `emprestimo`
--
ALTER TABLE `emprestimo`
  ADD PRIMARY KEY (`idEmprestimo`),
  ADD KEY `fk_emprestimo_chip1_idx` (`chip_id`),
  ADD KEY `fk_emprestimo_celular1_idx` (`celular_id`),
  ADD KEY `fk_emprestimo_funcionario1_idx` (`funcionario_id`),
  ADD KEY `fk_emprestimo_usuario1_idx` (`usuario_id`),
  ADD KEY `fk_emprestimo_motivo` (`motivoEmprestimo_id`);

--
-- Indexes for table `emprestimo_acessorio`
--
ALTER TABLE `emprestimo_acessorio`
  ADD PRIMARY KEY (`idAcessorio`),
  ADD KEY `fk_emprestimo_acessorio_emprestimo1_idx` (`emprestimo_id`);

--
-- Indexes for table `funcionario`
--
ALTER TABLE `funcionario`
  ADD PRIMARY KEY (`idFuncionario`),
  ADD KEY `fk_funcionario_localidade1_idx` (`localidade_id`),
  ADD KEY `fk_funcionario_cargo` (`cargo_id`);

--
-- Indexes for table `localidade`
--
ALTER TABLE `localidade`
  ADD PRIMARY KEY (`idLocalidade`);

--
-- Indexes for table `logsistema`
--
ALTER TABLE `logsistema`
  ADD PRIMARY KEY (`idLog`),
  ADD KEY `Fk_usuario` (`usuario_id`);

--
-- Indexes for table `marca`
--
ALTER TABLE `marca`
  ADD PRIMARY KEY (`idMarca`),
  ADD KEY `fk_marca_categoria_idx` (`categoria_id`);

--
-- Indexes for table `motivoemprestimo`
--
ALTER TABLE `motivoemprestimo`
  ADD PRIMARY KEY (`idmotivoEmprestimo`);

--
-- Indexes for table `usuario`
--
ALTER TABLE `usuario`
  ADD PRIMARY KEY (`idUsuario`);

--
-- AUTO_INCREMENT for dumped tables
--

--
-- AUTO_INCREMENT for table `cargoFuncionario`
--
ALTER TABLE `cargoFuncionario`
  MODIFY `idCargo` int(11) NOT NULL AUTO_INCREMENT, AUTO_INCREMENT=20;
--
-- AUTO_INCREMENT for table `categoria`
--
ALTER TABLE `categoria`
  MODIFY `idCategoria` int(11) NOT NULL AUTO_INCREMENT, AUTO_INCREMENT=3;
--
-- AUTO_INCREMENT for table `celular`
--
ALTER TABLE `celular`
  MODIFY `idCelular` int(11) NOT NULL AUTO_INCREMENT, AUTO_INCREMENT=510;
--
-- AUTO_INCREMENT for table `chip`
--
ALTER TABLE `chip`
  MODIFY `idChip` int(11) NOT NULL AUTO_INCREMENT, AUTO_INCREMENT=323;
--
-- AUTO_INCREMENT for table `empresa`
--
ALTER TABLE `empresa`
  MODIFY `idEmpresa` int(11) NOT NULL AUTO_INCREMENT, AUTO_INCREMENT=4;
--
-- AUTO_INCREMENT for table `emprestimo`
--
ALTER TABLE `emprestimo`
  MODIFY `idEmprestimo` int(11) NOT NULL AUTO_INCREMENT, AUTO_INCREMENT=317;
--
-- AUTO_INCREMENT for table `emprestimo_acessorio`
--
ALTER TABLE `emprestimo_acessorio`
  MODIFY `idAcessorio` int(11) NOT NULL AUTO_INCREMENT, AUTO_INCREMENT=1557;
--
-- AUTO_INCREMENT for table `funcionario`
--
ALTER TABLE `funcionario`
  MODIFY `idFuncionario` int(11) NOT NULL AUTO_INCREMENT, AUTO_INCREMENT=357;
--
-- AUTO_INCREMENT for table `localidade`
--
ALTER TABLE `localidade`
  MODIFY `idLocalidade` int(11) NOT NULL AUTO_INCREMENT, AUTO_INCREMENT=811;
--
-- AUTO_INCREMENT for table `logsistema`
--
ALTER TABLE `logsistema`
  MODIFY `idLog` int(11) NOT NULL AUTO_INCREMENT, AUTO_INCREMENT=2171;
--
-- AUTO_INCREMENT for table `marca`
--
ALTER TABLE `marca`
  MODIFY `idMarca` int(11) NOT NULL AUTO_INCREMENT, AUTO_INCREMENT=23;
--
-- AUTO_INCREMENT for table `motivoemprestimo`
--
ALTER TABLE `motivoemprestimo`
  MODIFY `idmotivoEmprestimo` int(11) NOT NULL AUTO_INCREMENT, AUTO_INCREMENT=3;
--
-- AUTO_INCREMENT for table `usuario`
--
ALTER TABLE `usuario`
  MODIFY `idUsuario` int(11) NOT NULL AUTO_INCREMENT, AUTO_INCREMENT=12;
--
-- Constraints for dumped tables
--

--
-- Limitadores para a tabela `celular`
--
ALTER TABLE `celular`
  ADD CONSTRAINT `fk_celular_empresa1` FOREIGN KEY (`empresa_id`) REFERENCES `empresa` (`idEmpresa`) ON DELETE NO ACTION ON UPDATE NO ACTION,
  ADD CONSTRAINT `fk_celular_marca1` FOREIGN KEY (`marca_id`) REFERENCES `marca` (`idMarca`) ON DELETE NO ACTION ON UPDATE NO ACTION;

--
-- Limitadores para a tabela `chip`
--
ALTER TABLE `chip`
  ADD CONSTRAINT `fk_chip_empresa1` FOREIGN KEY (`empresa_id`) REFERENCES `empresa` (`idEmpresa`) ON DELETE NO ACTION ON UPDATE NO ACTION;

--
-- Limitadores para a tabela `emprestimo`
--
ALTER TABLE `emprestimo`
  ADD CONSTRAINT `fk_celular` FOREIGN KEY (`celular_id`) REFERENCES `celular` (`idCelular`) ON DELETE NO ACTION ON UPDATE NO ACTION,
  ADD CONSTRAINT `fk_chip` FOREIGN KEY (`chip_id`) REFERENCES `chip` (`idChip`) ON DELETE NO ACTION ON UPDATE NO ACTION,
  ADD CONSTRAINT `fk_emprestimo_funcionario1` FOREIGN KEY (`funcionario_id`) REFERENCES `funcionario` (`idFuncionario`) ON DELETE NO ACTION ON UPDATE NO ACTION,
  ADD CONSTRAINT `fk_emprestimo_motivo` FOREIGN KEY (`motivoEmprestimo_id`) REFERENCES `motivoemprestimo` (`idmotivoEmprestimo`) ON UPDATE NO ACTION,
  ADD CONSTRAINT `fk_emprestimo_usuario1` FOREIGN KEY (`usuario_id`) REFERENCES `usuario` (`idUsuario`) ON DELETE NO ACTION ON UPDATE NO ACTION;

--
-- Limitadores para a tabela `emprestimo_acessorio`
--
ALTER TABLE `emprestimo_acessorio`
  ADD CONSTRAINT `fk_emprestimo_acessorio_emprestimo1` FOREIGN KEY (`emprestimo_id`) REFERENCES `emprestimo` (`idEmprestimo`) ON DELETE NO ACTION ON UPDATE NO ACTION;

--
-- Limitadores para a tabela `funcionario`
--
ALTER TABLE `funcionario`
  ADD CONSTRAINT `fk_funcionario_cargo` FOREIGN KEY (`cargo_id`) REFERENCES `cargoFuncionario` (`idCargo`) ON DELETE NO ACTION ON UPDATE NO ACTION,
  ADD CONSTRAINT `fk_funcionario_localidade1` FOREIGN KEY (`localidade_id`) REFERENCES `localidade` (`idLocalidade`) ON DELETE NO ACTION ON UPDATE NO ACTION;

--
-- Limitadores para a tabela `logsistema`
--
ALTER TABLE `logsistema`
  ADD CONSTRAINT `Fk_usuario` FOREIGN KEY (`usuario_id`) REFERENCES `usuario` (`idUsuario`) ON DELETE NO ACTION ON UPDATE NO ACTION;

--
-- Limitadores para a tabela `marca`
--
ALTER TABLE `marca`
  ADD CONSTRAINT `fk_marca_categoria` FOREIGN KEY (`categoria_id`) REFERENCES `categoria` (`idCategoria`) ON DELETE NO ACTION ON UPDATE NO ACTION;

/*!40101 SET CHARACTER_SET_CLIENT=@OLD_CHARACTER_SET_CLIENT */;
/*!40101 SET CHARACTER_SET_RESULTS=@OLD_CHARACTER_SET_RESULTS */;
/*!40101 SET COLLATION_CONNECTION=@OLD_COLLATION_CONNECTION */;
